spawn_id,entry,name,area_id,game_event_entries,census_scope_status,primary_category,participation_mode,role_or_profession,unique_named,review_status,classification_source
11,1215,Alchemist Mallory,12,,INCLUDED,TRAINER,FULL_AGENT,Alchemy Trainer,YES,ACCEPTED_DEFAULT,template:1215
12,1218,Herbalist Pomeroy,12,,INCLUDED,TRAINER,FULL_AGENT,Herbalism Trainer,YES,ACCEPTED_DEFAULT,template:1218
30,794,Matt,18,,INCLUDED,CIVILIAN,FULL_AGENT,civilian,YES,ACCEPTED_DEFAULT,template:794
247,80,Kobold Laborer,12,,INCLUDED,HOSTILE_HUMANOID,FULL_AGENT,hostile_humanoid,NO,ACCEPTED_DEFAULT,template:80
4312,46,Murloc Forager,62,,INCLUDED,HOSTILE_HUMANOID,FULL_AGENT,hostile_humanoid,NO,ACCEPTED_DEFAULT,template:46
8969,14849,Darkmoon Faire Carnie,87,23,EXCLUDED_EVENT,EXCLUDED_EVENT,EXCLUDED,,N/A,EXCLUDED_BY_POLICY,game_event_creature positive eventEntry
8971,14849,Darkmoon Faire Carnie,87,23,EXCLUDED_EVENT,EXCLUDED_EVENT,EXCLUDED,,N/A,EXCLUDED_BY_POLICY,game_event_creature positive eventEntry
11006,24519,Costumed Orphan Matron,87,12,EXCLUDED_EVENT,EXCLUDED_EVENT,EXCLUDED,,N/A,EXCLUDED_BY_POLICY,game_event_creature positive eventEntry
11007,23712,Touring Orphan,87,12,EXCLUDED_EVENT,EXCLUDED_EVENT,EXCLUDED,,N/A,EXCLUDED_BY_POLICY,game_event_creature positive eventEntry
11008,23712,Touring Orphan,87,12,EXCLUDED_EVENT,EXCLUDED_EVENT,EXCLUDED,,N/A,EXCLUDED_BY_POLICY,game_event_creature positive eventEntry
11009,23712,Touring Orphan,87,12,EXCLUDED_EVENT,EXCLUDED_EVENT,EXCLUDED,,N/A,EXCLUDED_BY_POLICY,game_event_creature positive eventEntry
11010,23712,Touring Orphan,87,12,EXCLUDED_EVENT,EXCLUDED_EVENT,EXCLUDED,,N/A,EXCLUDED_BY_POLICY,game_event_creature positive eventEntry
12604,14849,Darkmoon Faire Carnie,12,23,EXCLUDED_EVENT,EXCLUDED_EVENT,EXCLUDED,,N/A,EXCLUDED_BY_POLICY,game_event_creature positive eventEntry
17650,6491,Spirit Healer,88,,INCLUDED,SPECIAL_SCRIPTED,VANILLA_ONLY,spirit_healer,NO,ACCEPTED_DEFAULT,template:6491
27660,14849,Darkmoon Faire Carnie,12,23,EXCLUDED_EVENT,EXCLUDED_EVENT,EXCLUDED,,N/A,EXCLUDED_BY_POLICY,game_event_creature positive eventEntry
38004,14849,Darkmoon Faire Carnie,87,23,EXCLUDED_EVENT,EXCLUDED_EVENT,EXCLUDED,,N/A,EXCLUDED_BY_POLICY,game_event_creature positive eventEntry
42598,14849,Darkmoon Faire Carnie,87,23,EXCLUDED_EVENT,EXCLUDED_EVENT,EXCLUDED,,N/A,EXCLUDED_BY_POLICY,game_event_creature positive eventEntry
42601,14849,Darkmoon Faire Carnie,87,23,EXCLUDED_EVENT,EXCLUDED_EVENT,EXCLUDED,,N/A,EXCLUDED_BY_POLICY,game_event_creature positive eventEntry
44187,14849,Darkmoon Faire Carnie,87,23,EXCLUDED_EVENT,EXCLUDED_EVENT,EXCLUDED,,N/A,EXCLUDED_BY_POLICY,game_event_creature positive eventEntry
46801,14849,Darkmoon Faire Carnie,87,23,EXCLUDED_EVENT,EXCLUDED_EVENT,EXCLUDED,,N/A,EXCLUDED_BY_POLICY,game_event_creature positive eventEntry
48875,1423,Stormwind Guard,60,,INCLUDED,GUARD,FULL_AGENT,guard,NO,ACCEPTED_DEFAULT,template:1423
52415,15303,Maxima Blastenheimer,12,4,EXCLUDED_EVENT,EXCLUDED_EVENT,EXCLUDED,,N/A,EXCLUDED_BY_POLICY,game_event_creature positive eventEntry
52416,14833,Chronos,12,4,EXCLUDED_EVENT,EXCLUDED_EVENT,EXCLUDED,,N/A,EXCLUDED_BY_POLICY,game_event_creature positive eventEntry
53941,24484,Brewfest Reveler,12,24,EXCLUDED_EVENT,EXCLUDED_EVENT,EXCLUDED,,N/A,EXCLUDED_BY_POLICY,game_event_creature positive eventEntry
53942,14869,Pygmy Cockatrice,87,4,EXCLUDED_EVENT,EXCLUDED_EVENT,EXCLUDED,,N/A,EXCLUDED_BY_POLICY,game_event_creature positive eventEntry
53996,14388,Rogue Black Drake,12,,INCLUDED,PREDATOR,FULL_AGENT,predator,NO,MANUAL_REVIEW,template:14388
53997,14388,Rogue Black Drake,12,,INCLUDED,PREDATOR,FULL_AGENT,predator,NO,MANUAL_REVIEW,template:14388
53998,14388,Rogue Black Drake,12,,INCLUDED,PREDATOR,FULL_AGENT,predator,NO,MANUAL_REVIEW,template:14388
54000,14390,Expeditionary Mountaineer,12,,INCLUDED,TRAVELER,FULL_AGENT,traveler,YES,ACCEPTED_DEFAULT,template:14390
54003,14393,Expeditionary Priest,12,,INCLUDED,TRAVELER,FULL_AGENT,traveler,YES,ACCEPTED_DEFAULT,template:14393
56323,14868,Hornsley,87,4,EXCLUDED_EVENT,EXCLUDED_EVENT,EXCLUDED,,N/A,EXCLUDED_BY_POLICY,game_event_creature positive eventEntry
56324,14871,Morja,87,4,EXCLUDED_EVENT,EXCLUDED_EVENT,EXCLUDED,,N/A,EXCLUDED_BY_POLICY,game_event_creature positive eventEntry
56326,14869,Pygmy Cockatrice,87,4,EXCLUDED_EVENT,EXCLUDED_EVENT,EXCLUDED,,N/A,EXCLUDED_BY_POLICY,game_event_creature positive eventEntry
56342,14829,Yebb Neblegear,12,4,EXCLUDED_EVENT,EXCLUDED_EVENT,EXCLUDED,,N/A,EXCLUDED_BY_POLICY,game_event_creature positive eventEntry
56497,14846,Lhara,87,4,EXCLUDED_EVENT,EXCLUDED_EVENT,EXCLUDED,,N/A,EXCLUDED_BY_POLICY,game_event_creature positive eventEntry
56498,14828,Gelvas Grimegate,87,4,EXCLUDED_EVENT,EXCLUDED_EVENT,EXCLUDED,,N/A,EXCLUDED_BY_POLICY,game_event_creature positive eventEntry
56499,10445,Selina Dourman,87,4,EXCLUDED_EVENT,EXCLUDED_EVENT,EXCLUDED,,N/A,EXCLUDED_BY_POLICY,game_event_creature positive eventEntry
56600,14823,Silas Darkmoon,87,4,EXCLUDED_EVENT,EXCLUDED_EVENT,EXCLUDED,,N/A,EXCLUDED_BY_POLICY,game_event_creature positive eventEntry
56611,14827,Burth,87,4,EXCLUDED_EVENT,EXCLUDED_EVENT,EXCLUDED,,N/A,EXCLUDED_BY_POLICY,game_event_creature positive eventEntry
56612,14864,Khaz Modan Ram,87,4,EXCLUDED_EVENT,EXCLUDED_EVENT,EXCLUDED,,N/A,EXCLUDED_BY_POLICY,game_event_creature positive eventEntry
56613,14849,Darkmoon Faire Carnie,12,4,EXCLUDED_EVENT,EXCLUDED_EVENT,EXCLUDED,,N/A,EXCLUDED_BY_POLICY,game_event_creature positive eventEntry
56614,14841,Rinling,12,4,EXCLUDED_EVENT,EXCLUDED_EVENT,EXCLUDED,,N/A,EXCLUDED_BY_POLICY,game_event_creature positive eventEntry
56615,14822,Sayge,87,4,EXCLUDED_EVENT,EXCLUDED_EVENT,EXCLUDED,,N/A,EXCLUDED_BY_POLICY,game_event_creature positive eventEntry
56617,14847,Professor Thaddeus Paleo,87,4,EXCLUDED_EVENT,EXCLUDED_EVENT,EXCLUDED,,N/A,EXCLUDED_BY_POLICY,game_event_creature positive eventEntry
56618,14869,Pygmy Cockatrice,87,4,EXCLUDED_EVENT,EXCLUDED_EVENT,EXCLUDED,,N/A,EXCLUDED_BY_POLICY,game_event_creature positive eventEntry
56621,14845,Stamp Thunderhorn,87,4,EXCLUDED_EVENT,EXCLUDED_EVENT,EXCLUDED,,N/A,EXCLUDED_BY_POLICY,game_event_creature positive eventEntry
56623,14844,Sylannia,87,4,EXCLUDED_EVENT,EXCLUDED_EVENT,EXCLUDED,,N/A,EXCLUDED_BY_POLICY,game_event_creature positive eventEntry
56624,14866,Flik's Frog,87,4,EXCLUDED_EVENT,EXCLUDED_EVENT,EXCLUDED,,N/A,EXCLUDED_BY_POLICY,game_event_creature positive eventEntry
56625,14860,Flik,87,4,EXCLUDED_EVENT,EXCLUDED_EVENT,EXCLUDED,,N/A,EXCLUDED_BY_POLICY,game_event_creature positive eventEntry
56680,14849,Darkmoon Faire Carnie,87,4,EXCLUDED_EVENT,EXCLUDED_EVENT,EXCLUDED,,N/A,EXCLUDED_BY_POLICY,game_event_creature positive eventEntry
57163,14869,Pygmy Cockatrice,12,4,EXCLUDED_EVENT,EXCLUDED_EVENT,EXCLUDED,,N/A,EXCLUDED_BY_POLICY,game_event_creature positive eventEntry
57168,14864,Khaz Modan Ram,87,4,EXCLUDED_EVENT,EXCLUDED_EVENT,EXCLUDED,,N/A,EXCLUDED_BY_POLICY,game_event_creature positive eventEntry
57441,14865,Felinni,87,4,EXCLUDED_EVENT,EXCLUDED_EVENT,EXCLUDED,,N/A,EXCLUDED_BY_POLICY,game_event_creature positive eventEntry
61987,14832,Kerri Hicks,87,4,EXCLUDED_EVENT,EXCLUDED_EVENT,EXCLUDED,,N/A,EXCLUDED_BY_POLICY,game_event_creature positive eventEntry
70557,15565,Elder Stormbrow,87,7,EXCLUDED_EVENT,EXCLUDED_EVENT,EXCLUDED,,N/A,EXCLUDED_BY_POLICY,game_event_creature positive eventEntry
79601,46,Murloc Forager,62,,INCLUDED,HOSTILE_HUMANOID,FULL_AGENT,hostile_humanoid,NO,ACCEPTED_DEFAULT,template:46
79602,46,Murloc Forager,62,,INCLUDED,HOSTILE_HUMANOID,FULL_AGENT,hostile_humanoid,NO,ACCEPTED_DEFAULT,template:46
79603,46,Murloc Forager,62,,INCLUDED,HOSTILE_HUMANOID,FULL_AGENT,hostile_humanoid,NO,ACCEPTED_DEFAULT,template:46
79604,721,Rabbit,12,,INCLUDED,PREY_FAUNA,LIGHTWEIGHT_BACKGROUND,fauna,NO,ACCEPTED_DEFAULT,template:721
79605,524,Rockhide Boar,12,,INCLUDED,PREY_FAUNA,LIGHTWEIGHT_BACKGROUND,fauna,NO,ACCEPTED_DEFAULT,template:524
79606,524,Rockhide Boar,12,,INCLUDED,PREY_FAUNA,LIGHTWEIGHT_BACKGROUND,fauna,NO,ACCEPTED_DEFAULT,template:524
79607,2442,Cow,12,,INCLUDED,PREY_FAUNA,LIGHTWEIGHT_BACKGROUND,fauna,NO,ACCEPTED_DEFAULT,template:2442
79608,46,Murloc Forager,12,,INCLUDED,HOSTILE_HUMANOID,FULL_AGENT,hostile_humanoid,NO,ACCEPTED_DEFAULT,template:46
79610,524,Rockhide Boar,12,,INCLUDED,PREY_FAUNA,LIGHTWEIGHT_BACKGROUND,fauna,NO,ACCEPTED_DEFAULT,template:524
79611,524,Rockhide Boar,12,,INCLUDED,PREY_FAUNA,LIGHTWEIGHT_BACKGROUND,fauna,NO,ACCEPTED_DEFAULT,template:524
79612,524,Rockhide Boar,12,,INCLUDED,PREY_FAUNA,LIGHTWEIGHT_BACKGROUND,fauna,NO,ACCEPTED_DEFAULT,template:524
79613,721,Rabbit,12,,INCLUDED,PREY_FAUNA,LIGHTWEIGHT_BACKGROUND,fauna,NO,ACCEPTED_DEFAULT,template:721
79615,524,Rockhide Boar,12,,INCLUDED,PREY_FAUNA,LIGHTWEIGHT_BACKGROUND,fauna,NO,ACCEPTED_DEFAULT,template:524
79616,524,Rockhide Boar,12,,INCLUDED,PREY_FAUNA,LIGHTWEIGHT_BACKGROUND,fauna,NO,ACCEPTED_DEFAULT,template:524
79617,524,Rockhide Boar,12,,INCLUDED,PREY_FAUNA,LIGHTWEIGHT_BACKGROUND,fauna,NO,ACCEPTED_DEFAULT,template:524
79618,524,Rockhide Boar,12,,INCLUDED,PREY_FAUNA,LIGHTWEIGHT_BACKGROUND,fauna,NO,ACCEPTED_DEFAULT,template:524
79619,285,Murloc,18,,INCLUDED,HOSTILE_HUMANOID,FULL_AGENT,hostile_humanoid,NO,ACCEPTED_DEFAULT,template:285
79620,285,Murloc,18,,INCLUDED,HOSTILE_HUMANOID,FULL_AGENT,hostile_humanoid,NO,ACCEPTED_DEFAULT,template:285
79621,285,Murloc,18,,INCLUDED,HOSTILE_HUMANOID,FULL_AGENT,hostile_humanoid,NO,ACCEPTED_DEFAULT,template:285
79622,285,Murloc,18,,INCLUDED,HOSTILE_HUMANOID,FULL_AGENT,hostile_humanoid,NO,ACCEPTED_DEFAULT,template:285
79623,285,Murloc,18,,INCLUDED,HOSTILE_HUMANOID,FULL_AGENT,hostile_humanoid,NO,ACCEPTED_DEFAULT,template:285
79624,285,Murloc,18,,INCLUDED,HOSTILE_HUMANOID,FULL_AGENT,hostile_humanoid,NO,ACCEPTED_DEFAULT,template:285
79625,735,Murloc Streamrunner,18,,INCLUDED,HOSTILE_HUMANOID,FULL_AGENT,hostile_humanoid,NO,ACCEPTED_DEFAULT,template:735
79627,285,Murloc,18,,INCLUDED,HOSTILE_HUMANOID,FULL_AGENT,hostile_humanoid,NO,ACCEPTED_DEFAULT,template:285
79628,6491,Spirit Healer,12,,INCLUDED,SPECIAL_SCRIPTED,VANILLA_ONLY,spirit_healer,NO,ACCEPTED_DEFAULT,template:6491
79629,285,Murloc,18,,INCLUDED,HOSTILE_HUMANOID,FULL_AGENT,hostile_humanoid,NO,ACCEPTED_DEFAULT,template:285
79630,735,Murloc Streamrunner,18,,INCLUDED,HOSTILE_HUMANOID,FULL_AGENT,hostile_humanoid,NO,ACCEPTED_DEFAULT,template:735
79632,735,Murloc Streamrunner,18,,INCLUDED,HOSTILE_HUMANOID,FULL_AGENT,hostile_humanoid,NO,ACCEPTED_DEFAULT,template:735
79634,285,Murloc,18,,INCLUDED,HOSTILE_HUMANOID,FULL_AGENT,hostile_humanoid,NO,ACCEPTED_DEFAULT,template:285
79635,285,Murloc,18,,INCLUDED,HOSTILE_HUMANOID,FULL_AGENT,hostile_humanoid,NO,ACCEPTED_DEFAULT,template:285
79637,6306,Helene Peltskinner,87,,INCLUDED,TRAINER,FULL_AGENT,Skinning Trainer,YES,ACCEPTED_DEFAULT,template:6306
79638,805,Cameron,87,,INCLUDED,CIVILIAN,FULL_AGENT,civilian,YES,ACCEPTED_DEFAULT,template:805
79639,806,John,87,,INCLUDED,CIVILIAN,FULL_AGENT,civilian,YES,ACCEPTED_DEFAULT,template:806
79640,804,Dana,87,,INCLUDED,CIVILIAN,FULL_AGENT,civilian,YES,ACCEPTED_DEFAULT,template:804
79641,811,Jose,87,,INCLUDED,CIVILIAN,FULL_AGENT,civilian,YES,ACCEPTED_DEFAULT,template:811
79642,807,Lisa,87,,INCLUDED,CIVILIAN,FULL_AGENT,civilian,YES,ACCEPTED_DEFAULT,template:807
79643,810,Aaron,87,,INCLUDED,CIVILIAN,FULL_AGENT,civilian,YES,ACCEPTED_DEFAULT,template:810
79644,721,Rabbit,87,,INCLUDED,PREY_FAUNA,LIGHTWEIGHT_BACKGROUND,fauna,NO,ACCEPTED_DEFAULT,template:721
79645,917,Keryn Sylvius,87,,INCLUDED,TRAINER,FULL_AGENT,Rogue Trainer,YES,ACCEPTED_DEFAULT,template:917
79646,2329,Michelle Belle,87,,INCLUDED,TRAINER,FULL_AGENT,Physician,YES,ACCEPTED_DEFAULT,template:2329
79647,465,Barkeep Dobbins,87,,INCLUDED,MERCHANT_VENDOR,FULL_AGENT,Bartender,YES,ACCEPTED_DEFAULT,template:465
79648,299,Diseased Young Wolf,87,-12,INCLUDED,PREDATOR,FULL_AGENT,predator,NO,ACCEPTED_DEFAULT,template:299
79649,721,Rabbit,12,,INCLUDED,PREY_FAUNA,LIGHTWEIGHT_BACKGROUND,fauna,NO,ACCEPTED_DEFAULT,template:721
79651,299,Diseased Young Wolf,12,-12,INCLUDED,PREDATOR,FULL_AGENT,predator,NO,ACCEPTED_DEFAULT,template:299
79652,883,Deer,12,,INCLUDED,PREY_FAUNA,LIGHTWEIGHT_BACKGROUND,fauna,NO,ACCEPTED_DEFAULT,template:883
79653,94,Defias Cutpurse,12,,INCLUDED,HOSTILE_HUMANOID,FULL_AGENT,hostile_humanoid,NO,ACCEPTED_DEFAULT,template:94
79864,68,Stormwind City Guard,12,,INCLUDED,GUARD,FULL_AGENT,guard,NO,ACCEPTED_DEFAULT,template:68
79865,68,Stormwind City Guard,12,,INCLUDED,GUARD,FULL_AGENT,guard,NO,ACCEPTED_DEFAULT,template:68
79866,721,Rabbit,12,,INCLUDED,PREY_FAUNA,LIGHTWEIGHT_BACKGROUND,fauna,NO,ACCEPTED_DEFAULT,template:721
79867,721,Rabbit,12,,INCLUDED,PREY_FAUNA,LIGHTWEIGHT_BACKGROUND,fauna,NO,ACCEPTED_DEFAULT,template:721
79868,890,Fawn,12,,INCLUDED,PREY_FAUNA,LIGHTWEIGHT_BACKGROUND,fauna,NO,ACCEPTED_DEFAULT,template:890
79869,883,Deer,12,,INCLUDED,PREY_FAUNA,LIGHTWEIGHT_BACKGROUND,fauna,NO,ACCEPTED_DEFAULT,template:883
79870,721,Rabbit,12,,INCLUDED,PREY_FAUNA,LIGHTWEIGHT_BACKGROUND,fauna,NO,ACCEPTED_DEFAULT,template:721
79871,2442,Cow,12,,INCLUDED,PREY_FAUNA,LIGHTWEIGHT_BACKGROUND,fauna,NO,ACCEPTED_DEFAULT,template:2442
79872,721,Rabbit,12,,INCLUDED,PREY_FAUNA,LIGHTWEIGHT_BACKGROUND,fauna,NO,ACCEPTED_DEFAULT,template:721
79873,721,Rabbit,12,,INCLUDED,PREY_FAUNA,LIGHTWEIGHT_BACKGROUND,fauna,NO,ACCEPTED_DEFAULT,template:721
79874,883,Deer,12,,INCLUDED,PREY_FAUNA,LIGHTWEIGHT_BACKGROUND,fauna,NO,ACCEPTED_DEFAULT,template:883
79875,1423,Stormwind Guard,12,,INCLUDED,GUARD,FULL_AGENT,guard,NO,ACCEPTED_DEFAULT,template:1423
79877,94,Defias Cutpurse,12,,INCLUDED,HOSTILE_HUMANOID,FULL_AGENT,hostile_humanoid,NO,ACCEPTED_DEFAULT,template:94
79878,883,Deer,12,,INCLUDED,PREY_FAUNA,LIGHTWEIGHT_BACKGROUND,fauna,NO,ACCEPTED_DEFAULT,template:883
79879,890,Fawn,12,,INCLUDED,PREY_FAUNA,LIGHTWEIGHT_BACKGROUND,fauna,NO,ACCEPTED_DEFAULT,template:890
79880,2442,Cow,12,,INCLUDED,PREY_FAUNA,LIGHTWEIGHT_BACKGROUND,fauna,NO,ACCEPTED_DEFAULT,template:2442
79881,5917,Clara Charles,12,,INCLUDED,CIVILIAN,FULL_AGENT,civilian,YES,ACCEPTED_DEFAULT,template:5917
79882,721,Rabbit,12,,INCLUDED,PREY_FAUNA,LIGHTWEIGHT_BACKGROUND,fauna,NO,ACCEPTED_DEFAULT,template:721
79883,30,Forest Spider,12,,INCLUDED,PREDATOR,FULL_AGENT,predator,NO,ACCEPTED_DEFAULT,template:30
79884,721,Rabbit,12,,INCLUDED,PREY_FAUNA,LIGHTWEIGHT_BACKGROUND,fauna,NO,ACCEPTED_DEFAULT,template:721
79885,94,Defias Cutpurse,12,,INCLUDED,HOSTILE_HUMANOID,FULL_AGENT,hostile_humanoid,NO,ACCEPTED_DEFAULT,template:94
79886,721,Rabbit,12,,INCLUDED,PREY_FAUNA,LIGHTWEIGHT_BACKGROUND,fauna,NO,ACCEPTED_DEFAULT,template:721
79887,94,Defias Cutpurse,12,,INCLUDED,HOSTILE_HUMANOID,FULL_AGENT,hostile_humanoid,NO,ACCEPTED_DEFAULT,template:94
79888,94,Defias Cutpurse,12,,INCLUDED,HOSTILE_HUMANOID,FULL_AGENT,hostile_humanoid,NO,ACCEPTED_DEFAULT,template:94
79889,94,Defias Cutpurse,12,,INCLUDED,HOSTILE_HUMANOID,FULL_AGENT,hostile_humanoid,NO,ACCEPTED_DEFAULT,template:94
79890,94,Defias Cutpurse,12,,INCLUDED,HOSTILE_HUMANOID,FULL_AGENT,hostile_humanoid,NO,ACCEPTED_DEFAULT,template:94
79891,94,Defias Cutpurse,12,,INCLUDED,HOSTILE_HUMANOID,FULL_AGENT,hostile_humanoid,NO,ACCEPTED_DEFAULT,template:94
79892,94,Defias Cutpurse,12,,INCLUDED,HOSTILE_HUMANOID,FULL_AGENT,hostile_humanoid,NO,ACCEPTED_DEFAULT,template:94
79893,94,Defias Cutpurse,12,,INCLUDED,HOSTILE_HUMANOID,FULL_AGENT,hostile_humanoid,NO,ACCEPTED_DEFAULT,template:94
79894,299,Diseased Young Wolf,12,,INCLUDED,PREDATOR,FULL_AGENT,predator,NO,ACCEPTED_DEFAULT,template:299
79896,94,Defias Cutpurse,12,,INCLUDED,HOSTILE_HUMANOID,FULL_AGENT,hostile_humanoid,NO,ACCEPTED_DEFAULT,template:94
79897,94,Defias Cutpurse,12,,INCLUDED,HOSTILE_HUMANOID,FULL_AGENT,hostile_humanoid,NO,ACCEPTED_DEFAULT,template:94
79898,94,Defias Cutpurse,12,,INCLUDED,HOSTILE_HUMANOID,FULL_AGENT,hostile_humanoid,NO,ACCEPTED_DEFAULT,template:94
79900,299,Diseased Young Wolf,12,,INCLUDED,PREDATOR,FULL_AGENT,predator,NO,ACCEPTED_DEFAULT,template:299
79901,94,Defias Cutpurse,12,,INCLUDED,HOSTILE_HUMANOID,FULL_AGENT,hostile_humanoid,NO,ACCEPTED_DEFAULT,template:94
79902,6368,Cat,12,,INCLUDED,PREY_FAUNA,LIGHTWEIGHT_BACKGROUND,fauna,NO,ACCEPTED_DEFAULT,template:6368
79903,6368,Cat,12,,INCLUDED,PREY_FAUNA,LIGHTWEIGHT_BACKGROUND,fauna,NO,ACCEPTED_DEFAULT,template:6368
79904,6368,Cat,12,,INCLUDED,PREY_FAUNA,LIGHTWEIGHT_BACKGROUND,fauna,NO,ACCEPTED_DEFAULT,template:6368
79905,7385,Bombay Cat,12,,INCLUDED,PREY_FAUNA,LIGHTWEIGHT_BACKGROUND,fauna,NO,ACCEPTED_DEFAULT,template:7385
79906,6368,Cat,12,,INCLUDED,PREY_FAUNA,LIGHTWEIGHT_BACKGROUND,fauna,NO,ACCEPTED_DEFAULT,template:6368
79907,94,Defias Cutpurse,12,,INCLUDED,HOSTILE_HUMANOID,FULL_AGENT,hostile_humanoid,NO,ACCEPTED_DEFAULT,template:94
79908,7381,Silver Tabby Cat,12,,INCLUDED,PREY_FAUNA,LIGHTWEIGHT_BACKGROUND,fauna,NO,ACCEPTED_DEFAULT,template:7381
79909,7382,Orange Tabby Cat,12,,INCLUDED,PREY_FAUNA,LIGHTWEIGHT_BACKGROUND,fauna,NO,ACCEPTED_DEFAULT,template:7382
79910,7384,Cornish Rex Cat,12,,INCLUDED,PREY_FAUNA,LIGHTWEIGHT_BACKGROUND,fauna,NO,ACCEPTED_DEFAULT,template:7384
79911,6368,Cat,12,,INCLUDED,PREY_FAUNA,LIGHTWEIGHT_BACKGROUND,fauna,NO,ACCEPTED_DEFAULT,template:6368
79912,6367,Donni Anthania,12,,INCLUDED,MERCHANT_VENDOR,FULL_AGENT,Crazy Cat Lady,YES,ACCEPTED_DEFAULT,template:6367
79913,6368,Cat,12,,INCLUDED,PREY_FAUNA,LIGHTWEIGHT_BACKGROUND,fauna,NO,ACCEPTED_DEFAULT,template:6368
79914,6368,Cat,12,,INCLUDED,PREY_FAUNA,LIGHTWEIGHT_BACKGROUND,fauna,NO,ACCEPTED_DEFAULT,template:6368
79915,6368,Cat,12,,INCLUDED,PREY_FAUNA,LIGHTWEIGHT_BACKGROUND,fauna,NO,ACCEPTED_DEFAULT,template:6368
79916,6368,Cat,12,,INCLUDED,PREY_FAUNA,LIGHTWEIGHT_BACKGROUND,fauna,NO,ACCEPTED_DEFAULT,template:6368
79917,94,Defias Cutpurse,12,,INCLUDED,HOSTILE_HUMANOID,FULL_AGENT,hostile_humanoid,NO,ACCEPTED_DEFAULT,template:94
79918,2442,Cow,12,,INCLUDED,PREY_FAUNA,LIGHTWEIGHT_BACKGROUND,fauna,NO,ACCEPTED_DEFAULT,template:2442
79919,2442,Cow,12,,INCLUDED,PREY_FAUNA,LIGHTWEIGHT_BACKGROUND,fauna,NO,ACCEPTED_DEFAULT,template:2442
79920,299,Diseased Young Wolf,12,,INCLUDED,PREDATOR,FULL_AGENT,predator,NO,ACCEPTED_DEFAULT,template:299
79922,2442,Cow,12,,INCLUDED,PREY_FAUNA,LIGHTWEIGHT_BACKGROUND,fauna,NO,ACCEPTED_DEFAULT,template:2442
79923,94,Defias Cutpurse,12,,INCLUDED,HOSTILE_HUMANOID,FULL_AGENT,hostile_humanoid,NO,ACCEPTED_DEFAULT,template:94
79924,883,Deer,12,,INCLUDED,PREY_FAUNA,LIGHTWEIGHT_BACKGROUND,fauna,NO,ACCEPTED_DEFAULT,template:883
79925,6774,Falkhaan Isenstrider,9,,INCLUDED,CIVILIAN,FULL_AGENT,civilian,YES,MANUAL_REVIEW,template:6774
79926,1642,Northshire Guard,9,,INCLUDED,GUARD,FULL_AGENT,guard,NO,ACCEPTED_DEFAULT,template:1642
79927,1642,Northshire Guard,9,,INCLUDED,GUARD,FULL_AGENT,guard,NO,ACCEPTED_DEFAULT,template:1642
79928,299,Diseased Young Wolf,9,,INCLUDED,PREDATOR,FULL_AGENT,predator,NO,ACCEPTED_DEFAULT,template:299
79929,1642,Northshire Guard,9,,INCLUDED,GUARD,FULL_AGENT,guard,NO,ACCEPTED_DEFAULT,template:1642
79930,1642,Northshire Guard,9,,INCLUDED,GUARD,FULL_AGENT,guard,NO,ACCEPTED_DEFAULT,template:1642
79931,1642,Northshire Guard,12,,INCLUDED,GUARD,FULL_AGENT,guard,NO,ACCEPTED_DEFAULT,template:1642
79932,1642,Northshire Guard,9,,INCLUDED,GUARD,FULL_AGENT,guard,NO,ACCEPTED_DEFAULT,template:1642
79933,299,Diseased Young Wolf,9,,INCLUDED,PREDATOR,FULL_AGENT,predator,NO,ACCEPTED_DEFAULT,template:299
79934,299,Diseased Young Wolf,9,,INCLUDED,PREDATOR,FULL_AGENT,predator,NO,ACCEPTED_DEFAULT,template:299
79935,299,Diseased Young Wolf,9,,INCLUDED,PREDATOR,FULL_AGENT,predator,NO,ACCEPTED_DEFAULT,template:299
79936,299,Diseased Young Wolf,9,,INCLUDED,PREDATOR,FULL_AGENT,predator,NO,ACCEPTED_DEFAULT,template:299
79937,299,Diseased Young Wolf,9,,INCLUDED,PREDATOR,FULL_AGENT,predator,NO,ACCEPTED_DEFAULT,template:299
79938,299,Diseased Young Wolf,9,,INCLUDED,PREDATOR,FULL_AGENT,predator,NO,ACCEPTED_DEFAULT,template:299
79939,299,Diseased Young Wolf,9,,INCLUDED,PREDATOR,FULL_AGENT,predator,NO,ACCEPTED_DEFAULT,template:299
79940,299,Diseased Young Wolf,9,,INCLUDED,PREDATOR,FULL_AGENT,predator,NO,ACCEPTED_DEFAULT,template:299
79941,299,Diseased Young Wolf,9,,INCLUDED,PREDATOR,FULL_AGENT,predator,NO,ACCEPTED_DEFAULT,template:299
79942,823,Deputy Willem,9,,INCLUDED,GUARD,FULL_AGENT,guard,YES,ACCEPTED_DEFAULT,template:823
79943,5403,Riding White Stallion,9,,INCLUDED,PREY_FAUNA,LIGHTWEIGHT_BACKGROUND,domestic_mount,NO,ACCEPTED_DEFAULT,template:5403
79944,721,Rabbit,9,,INCLUDED,PREY_FAUNA,LIGHTWEIGHT_BACKGROUND,fauna,NO,ACCEPTED_DEFAULT,template:721
79945,299,Diseased Young Wolf,9,,INCLUDED,PREDATOR,FULL_AGENT,predator,NO,ACCEPTED_DEFAULT,template:299
79946,299,Diseased Young Wolf,9,,INCLUDED,PREDATOR,FULL_AGENT,predator,NO,ACCEPTED_DEFAULT,template:299
79947,721,Rabbit,9,,INCLUDED,PREY_FAUNA,LIGHTWEIGHT_BACKGROUND,fauna,NO,ACCEPTED_DEFAULT,template:721
79948,1642,Northshire Guard,9,,INCLUDED,GUARD,FULL_AGENT,guard,NO,ACCEPTED_DEFAULT,template:1642
79949,11940,Merissa Stilwell,87,,INCLUDED,CIVILIAN,FULL_AGENT,civilian,YES,ACCEPTED_DEFAULT,template:11940
79950,152,Brother Danil,9,,INCLUDED,MERCHANT_VENDOR,FULL_AGENT,General Supplies,YES,ACCEPTED_DEFAULT,template:152
79951,190,Dermot Johns,9,,INCLUDED,MERCHANT_VENDOR,FULL_AGENT,Cloth & Leather Armor Merchant,YES,ACCEPTED_DEFAULT,template:190
79952,1213,Godric Rothgar,9,,INCLUDED,MERCHANT_VENDOR,FULL_AGENT,Armorer & Shieldcrafter,YES,ACCEPTED_DEFAULT,template:1213
79953,78,Janos Hammerknuckle,9,,INCLUDED,MERCHANT_VENDOR,FULL_AGENT,Weaponsmith,YES,ACCEPTED_DEFAULT,template:78
79954,299,Diseased Young Wolf,9,,INCLUDED,PREDATOR,FULL_AGENT,predator,NO,ACCEPTED_DEFAULT,template:299
79955,299,Diseased Young Wolf,9,,INCLUDED,PREDATOR,FULL_AGENT,predator,NO,ACCEPTED_DEFAULT,template:299
79956,69,Diseased Timber Wolf,9,,INCLUDED,PREDATOR,FULL_AGENT,predator,NO,ACCEPTED_DEFAULT,template:69
79957,299,Diseased Young Wolf,9,,INCLUDED,PREDATOR,FULL_AGENT,predator,NO,ACCEPTED_DEFAULT,template:299
79958,299,Diseased Young Wolf,9,,INCLUDED,PREDATOR,FULL_AGENT,predator,NO,ACCEPTED_DEFAULT,template:299
79959,299,Diseased Young Wolf,9,,INCLUDED,PREDATOR,FULL_AGENT,predator,NO,ACCEPTED_DEFAULT,template:299
79960,299,Diseased Young Wolf,9,,INCLUDED,PREDATOR,FULL_AGENT,predator,NO,ACCEPTED_DEFAULT,template:299
79961,69,Diseased Timber Wolf,9,,INCLUDED,PREDATOR,FULL_AGENT,predator,NO,ACCEPTED_DEFAULT,template:69
79962,198,Khelden Bremen,24,,INCLUDED,TRAINER,FULL_AGENT,Mage Trainer,YES,ACCEPTED_DEFAULT,template:198
79963,375,Priestess Anetta,24,,INCLUDED,TRAINER,FULL_AGENT,Priest Trainer,YES,ACCEPTED_DEFAULT,template:375
79964,911,Llane Beshere,24,,INCLUDED,TRAINER,FULL_AGENT,Warrior Trainer,YES,ACCEPTED_DEFAULT,template:911
79965,6373,Dane Winslow,9,,INCLUDED,CIVILIAN,FULL_AGENT,civilian,YES,ACCEPTED_DEFAULT,template:6373
79966,459,Drusilla La Salle,9,,INCLUDED,TRAINER,FULL_AGENT,Warlock Trainer,YES,ACCEPTED_DEFAULT,template:459
79967,925,Brother Sammuel,24,,INCLUDED,TRAINER,FULL_AGENT,Paladin Trainer,YES,ACCEPTED_DEFAULT,template:925
79968,952,Brother Neals,24,,INCLUDED,CIVILIAN,FULL_AGENT,civilian,YES,ACCEPTED_DEFAULT,template:952
79969,951,Brother Paxton,24,,INCLUDED,CIVILIAN,FULL_AGENT,Librarian,YES,ACCEPTED_DEFAULT,template:951
79970,197,Marshal McBride,24,,INCLUDED,GUARD,FULL_AGENT,guard,YES,ACCEPTED_DEFAULT,template:197
79971,196,Eagan Peltskinner,9,,INCLUDED,CIVILIAN,FULL_AGENT,civilian,YES,ACCEPTED_DEFAULT,template:196
79972,721,Rabbit,9,,INCLUDED,PREY_FAUNA,LIGHTWEIGHT_BACKGROUND,fauna,NO,ACCEPTED_DEFAULT,template:721
79974,299,Diseased Young Wolf,9,,INCLUDED,PREDATOR,FULL_AGENT,predator,NO,ACCEPTED_DEFAULT,template:299
79975,69,Diseased Timber Wolf,9,,INCLUDED,PREDATOR,FULL_AGENT,predator,NO,ACCEPTED_DEFAULT,template:69
79976,299,Diseased Young Wolf,9,,INCLUDED,PREDATOR,FULL_AGENT,predator,NO,ACCEPTED_DEFAULT,template:299
79977,299,Diseased Young Wolf,9,,INCLUDED,PREDATOR,FULL_AGENT,predator,NO,ACCEPTED_DEFAULT,template:299
79978,299,Diseased Young Wolf,9,,INCLUDED,PREDATOR,FULL_AGENT,predator,NO,ACCEPTED_DEFAULT,template:299
79979,299,Diseased Young Wolf,9,,INCLUDED,PREDATOR,FULL_AGENT,predator,NO,ACCEPTED_DEFAULT,template:299
79980,299,Diseased Young Wolf,9,,INCLUDED,PREDATOR,FULL_AGENT,predator,NO,ACCEPTED_DEFAULT,template:299
79981,299,Diseased Young Wolf,9,,INCLUDED,PREDATOR,FULL_AGENT,predator,NO,ACCEPTED_DEFAULT,template:299
79982,299,Diseased Young Wolf,9,,INCLUDED,PREDATOR,FULL_AGENT,predator,NO,ACCEPTED_DEFAULT,template:299
79983,299,Diseased Young Wolf,9,,INCLUDED,PREDATOR,FULL_AGENT,predator,NO,ACCEPTED_DEFAULT,template:299
79984,299,Diseased Young Wolf,9,,INCLUDED,PREDATOR,FULL_AGENT,predator,NO,ACCEPTED_DEFAULT,template:299
79985,299,Diseased Young Wolf,9,,INCLUDED,PREDATOR,FULL_AGENT,predator,NO,ACCEPTED_DEFAULT,template:299
79986,915,Jorik Kerridan,9,,INCLUDED,TRAINER,FULL_AGENT,Rogue Trainer,YES,ACCEPTED_DEFAULT,template:915
79987,69,Diseased Timber Wolf,9,,INCLUDED,PREDATOR,FULL_AGENT,predator,NO,ACCEPTED_DEFAULT,template:69
79988,299,Diseased Young Wolf,9,,INCLUDED,PREDATOR,FULL_AGENT,predator,NO,ACCEPTED_DEFAULT,template:299
79989,69,Diseased Timber Wolf,9,,INCLUDED,PREDATOR,FULL_AGENT,predator,NO,ACCEPTED_DEFAULT,template:69
79990,299,Diseased Young Wolf,9,,INCLUDED,PREDATOR,FULL_AGENT,predator,NO,ACCEPTED_DEFAULT,template:299
79991,721,Rabbit,9,,INCLUDED,PREY_FAUNA,LIGHTWEIGHT_BACKGROUND,fauna,NO,ACCEPTED_DEFAULT,template:721
79992,6,Kobold Vermin,9,,INCLUDED,HOSTILE_HUMANOID,FULL_AGENT,hostile_humanoid,NO,ACCEPTED_DEFAULT,template:6
79993,6,Kobold Vermin,9,,INCLUDED,HOSTILE_HUMANOID,FULL_AGENT,hostile_humanoid,NO,ACCEPTED_DEFAULT,template:6
79994,6,Kobold Vermin,9,,INCLUDED,HOSTILE_HUMANOID,FULL_AGENT,hostile_humanoid,NO,ACCEPTED_DEFAULT,template:6
79995,6,Kobold Vermin,9,,INCLUDED,HOSTILE_HUMANOID,FULL_AGENT,hostile_humanoid,NO,ACCEPTED_DEFAULT,template:6
79996,6,Kobold Vermin,9,,INCLUDED,HOSTILE_HUMANOID,FULL_AGENT,hostile_humanoid,NO,ACCEPTED_DEFAULT,template:6
79997,69,Diseased Timber Wolf,9,,INCLUDED,PREDATOR,FULL_AGENT,predator,NO,ACCEPTED_DEFAULT,template:69
79998,6,Kobold Vermin,9,,INCLUDED,HOSTILE_HUMANOID,FULL_AGENT,hostile_humanoid,NO,ACCEPTED_DEFAULT,template:6
79999,6,Kobold Vermin,9,,INCLUDED,HOSTILE_HUMANOID,FULL_AGENT,hostile_humanoid,NO,ACCEPTED_DEFAULT,template:6
80000,6,Kobold Vermin,9,,INCLUDED,HOSTILE_HUMANOID,FULL_AGENT,hostile_humanoid,NO,ACCEPTED_DEFAULT,template:6
80001,6,Kobold Vermin,9,,INCLUDED,HOSTILE_HUMANOID,FULL_AGENT,hostile_humanoid,NO,ACCEPTED_DEFAULT,template:6
80002,6,Kobold Vermin,9,,INCLUDED,HOSTILE_HUMANOID,FULL_AGENT,hostile_humanoid,NO,ACCEPTED_DEFAULT,template:6
80003,257,Kobold Worker,9,,INCLUDED,HOSTILE_HUMANOID,FULL_AGENT,hostile_humanoid,NO,ACCEPTED_DEFAULT,template:257
80004,257,Kobold Worker,9,,INCLUDED,HOSTILE_HUMANOID,FULL_AGENT,hostile_humanoid,NO,ACCEPTED_DEFAULT,template:257
80005,257,Kobold Worker,9,,INCLUDED,HOSTILE_HUMANOID,FULL_AGENT,hostile_humanoid,NO,ACCEPTED_DEFAULT,template:257
80006,299,Diseased Young Wolf,9,,INCLUDED,PREDATOR,FULL_AGENT,predator,NO,ACCEPTED_DEFAULT,template:299
80007,299,Diseased Young Wolf,9,,INCLUDED,PREDATOR,FULL_AGENT,predator,NO,ACCEPTED_DEFAULT,template:299
80008,69,Diseased Timber Wolf,9,,INCLUDED,PREDATOR,FULL_AGENT,predator,NO,ACCEPTED_DEFAULT,template:69
80009,69,Diseased Timber Wolf,9,,INCLUDED,PREDATOR,FULL_AGENT,predator,NO,ACCEPTED_DEFAULT,template:69
80010,69,Diseased Timber Wolf,9,,INCLUDED,PREDATOR,FULL_AGENT,predator,NO,ACCEPTED_DEFAULT,template:69
80011,6,Kobold Vermin,9,,INCLUDED,HOSTILE_HUMANOID,FULL_AGENT,hostile_humanoid,NO,ACCEPTED_DEFAULT,template:6
80012,6,Kobold Vermin,9,,INCLUDED,HOSTILE_HUMANOID,FULL_AGENT,hostile_humanoid,NO,ACCEPTED_DEFAULT,template:6
80013,6,Kobold Vermin,9,,INCLUDED,HOSTILE_HUMANOID,FULL_AGENT,hostile_humanoid,NO,ACCEPTED_DEFAULT,template:6
80014,6,Kobold Vermin,9,,INCLUDED,HOSTILE_HUMANOID,FULL_AGENT,hostile_humanoid,NO,ACCEPTED_DEFAULT,template:6
80015,6,Kobold Vermin,9,,INCLUDED,HOSTILE_HUMANOID,FULL_AGENT,hostile_humanoid,NO,ACCEPTED_DEFAULT,template:6
80016,6,Kobold Vermin,9,,INCLUDED,HOSTILE_HUMANOID,FULL_AGENT,hostile_humanoid,NO,ACCEPTED_DEFAULT,template:6
80017,6,Kobold Vermin,9,,INCLUDED,HOSTILE_HUMANOID,FULL_AGENT,hostile_humanoid,NO,ACCEPTED_DEFAULT,template:6
80018,6,Kobold Vermin,9,,INCLUDED,HOSTILE_HUMANOID,FULL_AGENT,hostile_humanoid,NO,ACCEPTED_DEFAULT,template:6
80019,6,Kobold Vermin,9,,INCLUDED,HOSTILE_HUMANOID,FULL_AGENT,hostile_humanoid,NO,ACCEPTED_DEFAULT,template:6
80020,257,Kobold Worker,9,,INCLUDED,HOSTILE_HUMANOID,FULL_AGENT,hostile_humanoid,NO,ACCEPTED_DEFAULT,template:257
80021,257,Kobold Worker,9,,INCLUDED,HOSTILE_HUMANOID,FULL_AGENT,hostile_humanoid,NO,ACCEPTED_DEFAULT,template:257
80022,257,Kobold Worker,9,,INCLUDED,HOSTILE_HUMANOID,FULL_AGENT,hostile_humanoid,NO,ACCEPTED_DEFAULT,template:257
80023,257,Kobold Worker,9,,INCLUDED,HOSTILE_HUMANOID,FULL_AGENT,hostile_humanoid,NO,ACCEPTED_DEFAULT,template:257
80024,6,Kobold Vermin,9,,INCLUDED,HOSTILE_HUMANOID,FULL_AGENT,hostile_humanoid,NO,ACCEPTED_DEFAULT,template:6
80025,69,Diseased Timber Wolf,9,,INCLUDED,PREDATOR,FULL_AGENT,predator,NO,ACCEPTED_DEFAULT,template:69
80026,257,Kobold Worker,9,,INCLUDED,HOSTILE_HUMANOID,FULL_AGENT,hostile_humanoid,NO,ACCEPTED_DEFAULT,template:257
80027,299,Diseased Young Wolf,9,,INCLUDED,PREDATOR,FULL_AGENT,predator,NO,ACCEPTED_DEFAULT,template:299
80028,6,Kobold Vermin,9,,INCLUDED,HOSTILE_HUMANOID,FULL_AGENT,hostile_humanoid,NO,ACCEPTED_DEFAULT,template:6
80029,721,Rabbit,9,,INCLUDED,PREY_FAUNA,LIGHTWEIGHT_BACKGROUND,fauna,NO,ACCEPTED_DEFAULT,template:721
80030,69,Diseased Timber Wolf,34,,INCLUDED,PREDATOR,FULL_AGENT,predator,NO,ACCEPTED_DEFAULT,template:69
80031,6,Kobold Vermin,9,,INCLUDED,HOSTILE_HUMANOID,FULL_AGENT,hostile_humanoid,NO,ACCEPTED_DEFAULT,template:6
80032,6,Kobold Vermin,9,,INCLUDED,HOSTILE_HUMANOID,FULL_AGENT,hostile_humanoid,NO,ACCEPTED_DEFAULT,template:6
80033,257,Kobold Worker,34,,INCLUDED,HOSTILE_HUMANOID,FULL_AGENT,hostile_humanoid,NO,ACCEPTED_DEFAULT,template:257
80034,257,Kobold Worker,34,,INCLUDED,HOSTILE_HUMANOID,FULL_AGENT,hostile_humanoid,NO,ACCEPTED_DEFAULT,template:257
80035,257,Kobold Worker,34,,INCLUDED,HOSTILE_HUMANOID,FULL_AGENT,hostile_humanoid,NO,ACCEPTED_DEFAULT,template:257
80036,257,Kobold Worker,9,,INCLUDED,HOSTILE_HUMANOID,FULL_AGENT,hostile_humanoid,NO,ACCEPTED_DEFAULT,template:257
80037,257,Kobold Worker,34,,INCLUDED,HOSTILE_HUMANOID,FULL_AGENT,hostile_humanoid,NO,ACCEPTED_DEFAULT,template:257
80038,721,Rabbit,34,,INCLUDED,PREY_FAUNA,LIGHTWEIGHT_BACKGROUND,fauna,NO,ACCEPTED_DEFAULT,template:721
80039,883,Deer,34,,INCLUDED,PREY_FAUNA,LIGHTWEIGHT_BACKGROUND,fauna,NO,ACCEPTED_DEFAULT,template:883
80040,69,Diseased Timber Wolf,9,,INCLUDED,PREDATOR,FULL_AGENT,predator,NO,ACCEPTED_DEFAULT,template:69
80041,69,Diseased Timber Wolf,9,,INCLUDED,PREDATOR,FULL_AGENT,predator,NO,ACCEPTED_DEFAULT,template:69
80042,69,Diseased Timber Wolf,9,,INCLUDED,PREDATOR,FULL_AGENT,predator,NO,ACCEPTED_DEFAULT,template:69
80043,69,Diseased Timber Wolf,9,,INCLUDED,PREDATOR,FULL_AGENT,predator,NO,ACCEPTED_DEFAULT,template:69
80045,257,Kobold Worker,34,,INCLUDED,HOSTILE_HUMANOID,FULL_AGENT,hostile_humanoid,NO,ACCEPTED_DEFAULT,template:257
80046,257,Kobold Worker,34,,INCLUDED,HOSTILE_HUMANOID,FULL_AGENT,hostile_humanoid,NO,ACCEPTED_DEFAULT,template:257
80047,257,Kobold Worker,34,,INCLUDED,HOSTILE_HUMANOID,FULL_AGENT,hostile_humanoid,NO,ACCEPTED_DEFAULT,template:257
80048,257,Kobold Worker,34,,INCLUDED,HOSTILE_HUMANOID,FULL_AGENT,hostile_humanoid,NO,ACCEPTED_DEFAULT,template:257
80049,257,Kobold Worker,34,,INCLUDED,HOSTILE_HUMANOID,FULL_AGENT,hostile_humanoid,NO,ACCEPTED_DEFAULT,template:257
80050,257,Kobold Worker,34,,INCLUDED,HOSTILE_HUMANOID,FULL_AGENT,hostile_humanoid,NO,ACCEPTED_DEFAULT,template:257
80051,257,Kobold Worker,34,,INCLUDED,HOSTILE_HUMANOID,FULL_AGENT,hostile_humanoid,NO,ACCEPTED_DEFAULT,template:257
80052,257,Kobold Worker,34,,INCLUDED,HOSTILE_HUMANOID,FULL_AGENT,hostile_humanoid,NO,ACCEPTED_DEFAULT,template:257
80053,257,Kobold Worker,34,,INCLUDED,HOSTILE_HUMANOID,FULL_AGENT,hostile_humanoid,NO,ACCEPTED_DEFAULT,template:257
80054,257,Kobold Worker,34,,INCLUDED,HOSTILE_HUMANOID,FULL_AGENT,hostile_humanoid,NO,ACCEPTED_DEFAULT,template:257
80055,257,Kobold Worker,34,,INCLUDED,HOSTILE_HUMANOID,FULL_AGENT,hostile_humanoid,NO,ACCEPTED_DEFAULT,template:257
80056,257,Kobold Worker,34,,INCLUDED,HOSTILE_HUMANOID,FULL_AGENT,hostile_humanoid,NO,ACCEPTED_DEFAULT,template:257
80057,257,Kobold Worker,34,,INCLUDED,HOSTILE_HUMANOID,FULL_AGENT,hostile_humanoid,NO,ACCEPTED_DEFAULT,template:257
80058,257,Kobold Worker,34,,INCLUDED,HOSTILE_HUMANOID,FULL_AGENT,hostile_humanoid,NO,ACCEPTED_DEFAULT,template:257
80059,257,Kobold Worker,34,,INCLUDED,HOSTILE_HUMANOID,FULL_AGENT,hostile_humanoid,NO,ACCEPTED_DEFAULT,template:257
80060,80,Kobold Laborer,34,,INCLUDED,HOSTILE_HUMANOID,FULL_AGENT,hostile_humanoid,NO,ACCEPTED_DEFAULT,template:80
80061,721,Rabbit,34,,INCLUDED,PREY_FAUNA,LIGHTWEIGHT_BACKGROUND,fauna,NO,ACCEPTED_DEFAULT,template:721
80062,721,Rabbit,34,,INCLUDED,PREY_FAUNA,LIGHTWEIGHT_BACKGROUND,fauna,NO,ACCEPTED_DEFAULT,template:721
80063,883,Deer,34,,INCLUDED,PREY_FAUNA,LIGHTWEIGHT_BACKGROUND,fauna,NO,ACCEPTED_DEFAULT,template:883
80064,80,Kobold Laborer,34,,INCLUDED,HOSTILE_HUMANOID,FULL_AGENT,hostile_humanoid,NO,ACCEPTED_DEFAULT,template:80
80065,80,Kobold Laborer,34,,INCLUDED,HOSTILE_HUMANOID,FULL_AGENT,hostile_humanoid,NO,ACCEPTED_DEFAULT,template:80
80066,80,Kobold Laborer,34,,INCLUDED,HOSTILE_HUMANOID,FULL_AGENT,hostile_humanoid,NO,ACCEPTED_DEFAULT,template:80
80067,80,Kobold Laborer,34,,INCLUDED,HOSTILE_HUMANOID,FULL_AGENT,hostile_humanoid,NO,ACCEPTED_DEFAULT,template:80
80068,80,Kobold Laborer,34,,INCLUDED,HOSTILE_HUMANOID,FULL_AGENT,hostile_humanoid,NO,ACCEPTED_DEFAULT,template:80
80069,80,Kobold Laborer,34,,INCLUDED,HOSTILE_HUMANOID,FULL_AGENT,hostile_humanoid,NO,ACCEPTED_DEFAULT,template:80
80070,80,Kobold Laborer,34,,INCLUDED,HOSTILE_HUMANOID,FULL_AGENT,hostile_humanoid,NO,ACCEPTED_DEFAULT,template:80
80071,80,Kobold Laborer,34,,INCLUDED,HOSTILE_HUMANOID,FULL_AGENT,hostile_humanoid,NO,ACCEPTED_DEFAULT,template:80
80072,257,Kobold Worker,9,,INCLUDED,HOSTILE_HUMANOID,FULL_AGENT,hostile_humanoid,NO,ACCEPTED_DEFAULT,template:257
80073,721,Rabbit,34,,INCLUDED,PREY_FAUNA,LIGHTWEIGHT_BACKGROUND,fauna,NO,ACCEPTED_DEFAULT,template:721
80074,80,Kobold Laborer,34,,INCLUDED,HOSTILE_HUMANOID,FULL_AGENT,hostile_humanoid,NO,ACCEPTED_DEFAULT,template:80
80075,80,Kobold Laborer,34,,INCLUDED,HOSTILE_HUMANOID,FULL_AGENT,hostile_humanoid,NO,ACCEPTED_DEFAULT,template:80
80076,80,Kobold Laborer,34,,INCLUDED,HOSTILE_HUMANOID,FULL_AGENT,hostile_humanoid,NO,ACCEPTED_DEFAULT,template:80
80077,80,Kobold Laborer,34,,INCLUDED,HOSTILE_HUMANOID,FULL_AGENT,hostile_humanoid,NO,ACCEPTED_DEFAULT,template:80
80078,80,Kobold Laborer,34,,INCLUDED,HOSTILE_HUMANOID,FULL_AGENT,hostile_humanoid,NO,ACCEPTED_DEFAULT,template:80
80079,80,Kobold Laborer,34,,INCLUDED,HOSTILE_HUMANOID,FULL_AGENT,hostile_humanoid,NO,ACCEPTED_DEFAULT,template:80
80080,80,Kobold Laborer,34,,INCLUDED,HOSTILE_HUMANOID,FULL_AGENT,hostile_humanoid,NO,ACCEPTED_DEFAULT,template:80
80081,80,Kobold Laborer,34,,INCLUDED,HOSTILE_HUMANOID,FULL_AGENT,hostile_humanoid,NO,ACCEPTED_DEFAULT,template:80
80082,80,Kobold Laborer,34,,INCLUDED,HOSTILE_HUMANOID,FULL_AGENT,hostile_humanoid,NO,ACCEPTED_DEFAULT,template:80
80083,80,Kobold Laborer,34,,INCLUDED,HOSTILE_HUMANOID,FULL_AGENT,hostile_humanoid,NO,ACCEPTED_DEFAULT,template:80
80084,80,Kobold Laborer,34,,INCLUDED,HOSTILE_HUMANOID,FULL_AGENT,hostile_humanoid,NO,ACCEPTED_DEFAULT,template:80
80085,80,Kobold Laborer,34,,INCLUDED,HOSTILE_HUMANOID,FULL_AGENT,hostile_humanoid,NO,ACCEPTED_DEFAULT,template:80
80086,80,Kobold Laborer,34,,INCLUDED,HOSTILE_HUMANOID,FULL_AGENT,hostile_humanoid,NO,ACCEPTED_DEFAULT,template:80
80087,80,Kobold Laborer,34,,INCLUDED,HOSTILE_HUMANOID,FULL_AGENT,hostile_humanoid,NO,ACCEPTED_DEFAULT,template:80
80088,80,Kobold Laborer,34,,INCLUDED,HOSTILE_HUMANOID,FULL_AGENT,hostile_humanoid,NO,ACCEPTED_DEFAULT,template:80
80089,257,Kobold Worker,34,,INCLUDED,HOSTILE_HUMANOID,FULL_AGENT,hostile_humanoid,NO,ACCEPTED_DEFAULT,template:257
80090,721,Rabbit,9,,INCLUDED,PREY_FAUNA,LIGHTWEIGHT_BACKGROUND,fauna,NO,ACCEPTED_DEFAULT,template:721
80091,721,Rabbit,9,,INCLUDED,PREY_FAUNA,LIGHTWEIGHT_BACKGROUND,fauna,NO,ACCEPTED_DEFAULT,template:721
80092,883,Deer,9,,INCLUDED,PREY_FAUNA,LIGHTWEIGHT_BACKGROUND,fauna,NO,ACCEPTED_DEFAULT,template:883
80093,721,Rabbit,9,,INCLUDED,PREY_FAUNA,LIGHTWEIGHT_BACKGROUND,fauna,NO,ACCEPTED_DEFAULT,template:721
80094,6,Kobold Vermin,9,,INCLUDED,HOSTILE_HUMANOID,FULL_AGENT,hostile_humanoid,NO,ACCEPTED_DEFAULT,template:6
80095,257,Kobold Worker,34,,INCLUDED,HOSTILE_HUMANOID,FULL_AGENT,hostile_humanoid,NO,ACCEPTED_DEFAULT,template:257
80096,257,Kobold Worker,34,,INCLUDED,HOSTILE_HUMANOID,FULL_AGENT,hostile_humanoid,NO,ACCEPTED_DEFAULT,template:257
80097,721,Rabbit,9,,INCLUDED,PREY_FAUNA,LIGHTWEIGHT_BACKGROUND,fauna,NO,ACCEPTED_DEFAULT,template:721
80098,6,Kobold Vermin,9,,INCLUDED,HOSTILE_HUMANOID,FULL_AGENT,hostile_humanoid,NO,ACCEPTED_DEFAULT,template:6
80099,6,Kobold Vermin,9,,INCLUDED,HOSTILE_HUMANOID,FULL_AGENT,hostile_humanoid,NO,ACCEPTED_DEFAULT,template:6
80100,6,Kobold Vermin,9,,INCLUDED,HOSTILE_HUMANOID,FULL_AGENT,hostile_humanoid,NO,ACCEPTED_DEFAULT,template:6
80101,69,Diseased Timber Wolf,9,,INCLUDED,PREDATOR,FULL_AGENT,predator,NO,ACCEPTED_DEFAULT,template:69
80102,257,Kobold Worker,9,,INCLUDED,HOSTILE_HUMANOID,FULL_AGENT,hostile_humanoid,NO,ACCEPTED_DEFAULT,template:257
80103,257,Kobold Worker,9,,INCLUDED,HOSTILE_HUMANOID,FULL_AGENT,hostile_humanoid,NO,ACCEPTED_DEFAULT,template:257
80104,721,Rabbit,9,,INCLUDED,PREY_FAUNA,LIGHTWEIGHT_BACKGROUND,fauna,NO,ACCEPTED_DEFAULT,template:721
80105,257,Kobold Worker,9,,INCLUDED,HOSTILE_HUMANOID,FULL_AGENT,hostile_humanoid,NO,ACCEPTED_DEFAULT,template:257
80106,69,Diseased Timber Wolf,9,,INCLUDED,PREDATOR,FULL_AGENT,predator,NO,ACCEPTED_DEFAULT,template:69
80107,257,Kobold Worker,9,,INCLUDED,HOSTILE_HUMANOID,FULL_AGENT,hostile_humanoid,NO,ACCEPTED_DEFAULT,template:257
80108,6,Kobold Vermin,9,,INCLUDED,HOSTILE_HUMANOID,FULL_AGENT,hostile_humanoid,NO,ACCEPTED_DEFAULT,template:6
80109,6,Kobold Vermin,9,,INCLUDED,HOSTILE_HUMANOID,FULL_AGENT,hostile_humanoid,NO,ACCEPTED_DEFAULT,template:6
80110,6,Kobold Vermin,9,,INCLUDED,HOSTILE_HUMANOID,FULL_AGENT,hostile_humanoid,NO,ACCEPTED_DEFAULT,template:6
80111,257,Kobold Worker,9,,INCLUDED,HOSTILE_HUMANOID,FULL_AGENT,hostile_humanoid,NO,ACCEPTED_DEFAULT,template:257
80112,257,Kobold Worker,9,,INCLUDED,HOSTILE_HUMANOID,FULL_AGENT,hostile_humanoid,NO,ACCEPTED_DEFAULT,template:257
80113,69,Diseased Timber Wolf,9,,INCLUDED,PREDATOR,FULL_AGENT,predator,NO,ACCEPTED_DEFAULT,template:69
80114,6,Kobold Vermin,9,,INCLUDED,HOSTILE_HUMANOID,FULL_AGENT,hostile_humanoid,NO,ACCEPTED_DEFAULT,template:6
80115,6,Kobold Vermin,9,,INCLUDED,HOSTILE_HUMANOID,FULL_AGENT,hostile_humanoid,NO,ACCEPTED_DEFAULT,template:6
80116,6,Kobold Vermin,9,,INCLUDED,HOSTILE_HUMANOID,FULL_AGENT,hostile_humanoid,NO,ACCEPTED_DEFAULT,template:6
80117,257,Kobold Worker,9,,INCLUDED,HOSTILE_HUMANOID,FULL_AGENT,hostile_humanoid,NO,ACCEPTED_DEFAULT,template:257
80118,9296,Milly Osworth,9,,INCLUDED,CIVILIAN,FULL_AGENT,civilian,YES,ACCEPTED_DEFAULT,template:9296
80119,11260,Northshire Peasant,9,,INCLUDED,WORKER_FARMER,FULL_AGENT,worker,NO,ACCEPTED_DEFAULT,template:11260
80120,257,Kobold Worker,9,,INCLUDED,HOSTILE_HUMANOID,FULL_AGENT,hostile_humanoid,NO,ACCEPTED_DEFAULT,template:257
80121,257,Kobold Worker,9,,INCLUDED,HOSTILE_HUMANOID,FULL_AGENT,hostile_humanoid,NO,ACCEPTED_DEFAULT,template:257
80122,257,Kobold Worker,9,,INCLUDED,HOSTILE_HUMANOID,FULL_AGENT,hostile_humanoid,NO,ACCEPTED_DEFAULT,template:257
80123,883,Deer,9,,INCLUDED,PREY_FAUNA,LIGHTWEIGHT_BACKGROUND,fauna,NO,ACCEPTED_DEFAULT,template:883
80124,721,Rabbit,9,,INCLUDED,PREY_FAUNA,LIGHTWEIGHT_BACKGROUND,fauna,NO,ACCEPTED_DEFAULT,template:721
80125,890,Fawn,9,,INCLUDED,PREY_FAUNA,LIGHTWEIGHT_BACKGROUND,fauna,NO,ACCEPTED_DEFAULT,template:890
80126,721,Rabbit,9,,INCLUDED,PREY_FAUNA,LIGHTWEIGHT_BACKGROUND,fauna,NO,ACCEPTED_DEFAULT,template:721
80127,11260,Northshire Peasant,9,,INCLUDED,WORKER_FARMER,FULL_AGENT,worker,NO,ACCEPTED_DEFAULT,template:11260
80128,721,Rabbit,9,,INCLUDED,PREY_FAUNA,LIGHTWEIGHT_BACKGROUND,fauna,NO,ACCEPTED_DEFAULT,template:721
80129,69,Diseased Timber Wolf,9,,INCLUDED,PREDATOR,FULL_AGENT,predator,NO,ACCEPTED_DEFAULT,template:69
80130,69,Diseased Timber Wolf,9,,INCLUDED,PREDATOR,FULL_AGENT,predator,NO,ACCEPTED_DEFAULT,template:69
80131,69,Diseased Timber Wolf,9,,INCLUDED,PREDATOR,FULL_AGENT,predator,NO,ACCEPTED_DEFAULT,template:69
80132,721,Rabbit,9,,INCLUDED,PREY_FAUNA,LIGHTWEIGHT_BACKGROUND,fauna,NO,ACCEPTED_DEFAULT,template:721
80133,257,Kobold Worker,34,,INCLUDED,HOSTILE_HUMANOID,FULL_AGENT,hostile_humanoid,NO,ACCEPTED_DEFAULT,template:257
80134,69,Diseased Timber Wolf,9,,INCLUDED,PREDATOR,FULL_AGENT,predator,NO,ACCEPTED_DEFAULT,template:69
80135,299,Diseased Young Wolf,9,,INCLUDED,PREDATOR,FULL_AGENT,predator,NO,ACCEPTED_DEFAULT,template:299
80136,69,Diseased Timber Wolf,9,,INCLUDED,PREDATOR,FULL_AGENT,predator,NO,ACCEPTED_DEFAULT,template:69
80137,11260,Northshire Peasant,9,,INCLUDED,WORKER_FARMER,FULL_AGENT,worker,NO,ACCEPTED_DEFAULT,template:11260
80138,69,Diseased Timber Wolf,9,,INCLUDED,PREDATOR,FULL_AGENT,predator,NO,ACCEPTED_DEFAULT,template:69
80139,69,Diseased Timber Wolf,9,,INCLUDED,PREDATOR,FULL_AGENT,predator,NO,ACCEPTED_DEFAULT,template:69
80140,69,Diseased Timber Wolf,9,,INCLUDED,PREDATOR,FULL_AGENT,predator,NO,ACCEPTED_DEFAULT,template:69
80141,69,Diseased Timber Wolf,9,,INCLUDED,PREDATOR,FULL_AGENT,predator,NO,ACCEPTED_DEFAULT,template:69
80142,69,Diseased Timber Wolf,9,,INCLUDED,PREDATOR,FULL_AGENT,predator,NO,ACCEPTED_DEFAULT,template:69
80143,299,Diseased Young Wolf,9,,INCLUDED,PREDATOR,FULL_AGENT,predator,NO,ACCEPTED_DEFAULT,template:299
80144,69,Diseased Timber Wolf,9,,INCLUDED,PREDATOR,FULL_AGENT,predator,NO,ACCEPTED_DEFAULT,template:69
80145,11260,Northshire Peasant,9,,INCLUDED,WORKER_FARMER,FULL_AGENT,worker,NO,ACCEPTED_DEFAULT,template:11260
80146,69,Diseased Timber Wolf,9,,INCLUDED,PREDATOR,FULL_AGENT,predator,NO,ACCEPTED_DEFAULT,template:69
80147,38,Defias Thug,9,,INCLUDED,HOSTILE_HUMANOID,FULL_AGENT,hostile_humanoid,NO,ACCEPTED_DEFAULT,template:38
80149,38,Defias Thug,9,,INCLUDED,HOSTILE_HUMANOID,FULL_AGENT,hostile_humanoid,NO,ACCEPTED_DEFAULT,template:38
80151,38,Defias Thug,59,,INCLUDED,HOSTILE_HUMANOID,FULL_AGENT,hostile_humanoid,NO,ACCEPTED_DEFAULT,template:38
80152,38,Defias Thug,59,,INCLUDED,HOSTILE_HUMANOID,FULL_AGENT,hostile_humanoid,NO,ACCEPTED_DEFAULT,template:38
80153,38,Defias Thug,59,,INCLUDED,HOSTILE_HUMANOID,FULL_AGENT,hostile_humanoid,NO,ACCEPTED_DEFAULT,template:38
80154,38,Defias Thug,59,,INCLUDED,HOSTILE_HUMANOID,FULL_AGENT,hostile_humanoid,NO,ACCEPTED_DEFAULT,template:38
80155,38,Defias Thug,59,,INCLUDED,HOSTILE_HUMANOID,FULL_AGENT,hostile_humanoid,NO,ACCEPTED_DEFAULT,template:38
80156,69,Diseased Timber Wolf,9,,INCLUDED,PREDATOR,FULL_AGENT,predator,NO,ACCEPTED_DEFAULT,template:69
80157,299,Diseased Young Wolf,9,,INCLUDED,PREDATOR,FULL_AGENT,predator,NO,ACCEPTED_DEFAULT,template:299
80158,38,Defias Thug,9,,INCLUDED,HOSTILE_HUMANOID,FULL_AGENT,hostile_humanoid,NO,ACCEPTED_DEFAULT,template:38
80159,721,Rabbit,9,,INCLUDED,PREY_FAUNA,LIGHTWEIGHT_BACKGROUND,fauna,NO,ACCEPTED_DEFAULT,template:721
80160,883,Deer,9,,INCLUDED,PREY_FAUNA,LIGHTWEIGHT_BACKGROUND,fauna,NO,ACCEPTED_DEFAULT,template:883
80161,69,Diseased Timber Wolf,9,,INCLUDED,PREDATOR,FULL_AGENT,predator,NO,ACCEPTED_DEFAULT,template:69
80162,38,Defias Thug,9,,INCLUDED,HOSTILE_HUMANOID,FULL_AGENT,hostile_humanoid,NO,ACCEPTED_DEFAULT,template:38
80163,890,Fawn,9,,INCLUDED,PREY_FAUNA,LIGHTWEIGHT_BACKGROUND,fauna,NO,ACCEPTED_DEFAULT,template:890
80164,69,Diseased Timber Wolf,9,,INCLUDED,PREDATOR,FULL_AGENT,predator,NO,ACCEPTED_DEFAULT,template:69
80165,69,Diseased Timber Wolf,9,,INCLUDED,PREDATOR,FULL_AGENT,predator,NO,ACCEPTED_DEFAULT,template:69
80166,721,Rabbit,9,,INCLUDED,PREY_FAUNA,LIGHTWEIGHT_BACKGROUND,fauna,NO,ACCEPTED_DEFAULT,template:721
80167,721,Rabbit,59,,INCLUDED,PREY_FAUNA,LIGHTWEIGHT_BACKGROUND,fauna,NO,ACCEPTED_DEFAULT,template:721
80168,38,Defias Thug,59,,INCLUDED,HOSTILE_HUMANOID,FULL_AGENT,hostile_humanoid,NO,ACCEPTED_DEFAULT,template:38
80169,38,Defias Thug,59,,INCLUDED,HOSTILE_HUMANOID,FULL_AGENT,hostile_humanoid,NO,ACCEPTED_DEFAULT,template:38
80170,38,Defias Thug,59,,INCLUDED,HOSTILE_HUMANOID,FULL_AGENT,hostile_humanoid,NO,ACCEPTED_DEFAULT,template:38
80171,38,Defias Thug,59,,INCLUDED,HOSTILE_HUMANOID,FULL_AGENT,hostile_humanoid,NO,ACCEPTED_DEFAULT,template:38
80172,721,Rabbit,9,,INCLUDED,PREY_FAUNA,LIGHTWEIGHT_BACKGROUND,fauna,NO,ACCEPTED_DEFAULT,template:721
80173,721,Rabbit,9,,INCLUDED,PREY_FAUNA,LIGHTWEIGHT_BACKGROUND,fauna,NO,ACCEPTED_DEFAULT,template:721
80174,38,Defias Thug,9,,INCLUDED,HOSTILE_HUMANOID,FULL_AGENT,hostile_humanoid,NO,ACCEPTED_DEFAULT,template:38
80175,38,Defias Thug,9,,INCLUDED,HOSTILE_HUMANOID,FULL_AGENT,hostile_humanoid,NO,ACCEPTED_DEFAULT,template:38
80176,69,Diseased Timber Wolf,9,,INCLUDED,PREDATOR,FULL_AGENT,predator,NO,ACCEPTED_DEFAULT,template:69
80177,721,Rabbit,59,,INCLUDED,PREY_FAUNA,LIGHTWEIGHT_BACKGROUND,fauna,NO,ACCEPTED_DEFAULT,template:721
80178,721,Rabbit,59,,INCLUDED,PREY_FAUNA,LIGHTWEIGHT_BACKGROUND,fauna,NO,ACCEPTED_DEFAULT,template:721
80179,721,Rabbit,59,,INCLUDED,PREY_FAUNA,LIGHTWEIGHT_BACKGROUND,fauna,NO,ACCEPTED_DEFAULT,template:721
80180,38,Defias Thug,59,,INCLUDED,HOSTILE_HUMANOID,FULL_AGENT,hostile_humanoid,NO,ACCEPTED_DEFAULT,template:38
80181,38,Defias Thug,59,,INCLUDED,HOSTILE_HUMANOID,FULL_AGENT,hostile_humanoid,NO,ACCEPTED_DEFAULT,template:38
80182,38,Defias Thug,59,,INCLUDED,HOSTILE_HUMANOID,FULL_AGENT,hostile_humanoid,NO,ACCEPTED_DEFAULT,template:38
80183,38,Defias Thug,59,,INCLUDED,HOSTILE_HUMANOID,FULL_AGENT,hostile_humanoid,NO,ACCEPTED_DEFAULT,template:38
80184,38,Defias Thug,59,,INCLUDED,HOSTILE_HUMANOID,FULL_AGENT,hostile_humanoid,NO,ACCEPTED_DEFAULT,template:38
80185,38,Defias Thug,59,,INCLUDED,HOSTILE_HUMANOID,FULL_AGENT,hostile_humanoid,NO,ACCEPTED_DEFAULT,template:38
80186,38,Defias Thug,59,,INCLUDED,HOSTILE_HUMANOID,FULL_AGENT,hostile_humanoid,NO,ACCEPTED_DEFAULT,template:38
80187,38,Defias Thug,59,,INCLUDED,HOSTILE_HUMANOID,FULL_AGENT,hostile_humanoid,NO,ACCEPTED_DEFAULT,template:38
80188,38,Defias Thug,59,,INCLUDED,HOSTILE_HUMANOID,FULL_AGENT,hostile_humanoid,NO,ACCEPTED_DEFAULT,template:38
80189,38,Defias Thug,59,,INCLUDED,HOSTILE_HUMANOID,FULL_AGENT,hostile_humanoid,NO,ACCEPTED_DEFAULT,template:38
80190,38,Defias Thug,59,,INCLUDED,HOSTILE_HUMANOID,FULL_AGENT,hostile_humanoid,NO,ACCEPTED_DEFAULT,template:38
80191,38,Defias Thug,59,,INCLUDED,HOSTILE_HUMANOID,FULL_AGENT,hostile_humanoid,NO,ACCEPTED_DEFAULT,template:38
80192,721,Rabbit,59,,INCLUDED,PREY_FAUNA,LIGHTWEIGHT_BACKGROUND,fauna,NO,ACCEPTED_DEFAULT,template:721
80193,38,Defias Thug,59,,INCLUDED,HOSTILE_HUMANOID,FULL_AGENT,hostile_humanoid,NO,ACCEPTED_DEFAULT,template:38
80194,38,Defias Thug,59,,INCLUDED,HOSTILE_HUMANOID,FULL_AGENT,hostile_humanoid,NO,ACCEPTED_DEFAULT,template:38
80195,38,Defias Thug,59,,INCLUDED,HOSTILE_HUMANOID,FULL_AGENT,hostile_humanoid,NO,ACCEPTED_DEFAULT,template:38
80196,38,Defias Thug,9,,INCLUDED,HOSTILE_HUMANOID,FULL_AGENT,hostile_humanoid,NO,ACCEPTED_DEFAULT,template:38
80197,721,Rabbit,59,,INCLUDED,PREY_FAUNA,LIGHTWEIGHT_BACKGROUND,fauna,NO,ACCEPTED_DEFAULT,template:721
80198,883,Deer,59,,INCLUDED,PREY_FAUNA,LIGHTWEIGHT_BACKGROUND,fauna,NO,ACCEPTED_DEFAULT,template:883
80199,38,Defias Thug,59,,INCLUDED,HOSTILE_HUMANOID,FULL_AGENT,hostile_humanoid,NO,ACCEPTED_DEFAULT,template:38
80200,38,Defias Thug,59,,INCLUDED,HOSTILE_HUMANOID,FULL_AGENT,hostile_humanoid,NO,ACCEPTED_DEFAULT,template:38
80201,38,Defias Thug,59,,INCLUDED,HOSTILE_HUMANOID,FULL_AGENT,hostile_humanoid,NO,ACCEPTED_DEFAULT,template:38
80202,38,Defias Thug,59,,INCLUDED,HOSTILE_HUMANOID,FULL_AGENT,hostile_humanoid,NO,ACCEPTED_DEFAULT,template:38
80203,38,Defias Thug,59,,INCLUDED,HOSTILE_HUMANOID,FULL_AGENT,hostile_humanoid,NO,ACCEPTED_DEFAULT,template:38
80204,38,Defias Thug,59,,INCLUDED,HOSTILE_HUMANOID,FULL_AGENT,hostile_humanoid,NO,ACCEPTED_DEFAULT,template:38
80205,38,Defias Thug,59,,INCLUDED,HOSTILE_HUMANOID,FULL_AGENT,hostile_humanoid,NO,ACCEPTED_DEFAULT,template:38
80206,38,Defias Thug,59,,INCLUDED,HOSTILE_HUMANOID,FULL_AGENT,hostile_humanoid,NO,ACCEPTED_DEFAULT,template:38
80207,38,Defias Thug,59,,INCLUDED,HOSTILE_HUMANOID,FULL_AGENT,hostile_humanoid,NO,ACCEPTED_DEFAULT,template:38
80208,38,Defias Thug,59,,INCLUDED,HOSTILE_HUMANOID,FULL_AGENT,hostile_humanoid,NO,ACCEPTED_DEFAULT,template:38
80209,38,Defias Thug,59,,INCLUDED,HOSTILE_HUMANOID,FULL_AGENT,hostile_humanoid,NO,ACCEPTED_DEFAULT,template:38
80210,38,Defias Thug,59,,INCLUDED,HOSTILE_HUMANOID,FULL_AGENT,hostile_humanoid,NO,ACCEPTED_DEFAULT,template:38
80211,38,Defias Thug,59,,INCLUDED,HOSTILE_HUMANOID,FULL_AGENT,hostile_humanoid,NO,ACCEPTED_DEFAULT,template:38
80212,721,Rabbit,59,,INCLUDED,PREY_FAUNA,LIGHTWEIGHT_BACKGROUND,fauna,NO,ACCEPTED_DEFAULT,template:721
80213,38,Defias Thug,59,,INCLUDED,HOSTILE_HUMANOID,FULL_AGENT,hostile_humanoid,NO,ACCEPTED_DEFAULT,template:38
80214,38,Defias Thug,59,,INCLUDED,HOSTILE_HUMANOID,FULL_AGENT,hostile_humanoid,NO,ACCEPTED_DEFAULT,template:38
80215,721,Rabbit,59,,INCLUDED,PREY_FAUNA,LIGHTWEIGHT_BACKGROUND,fauna,NO,ACCEPTED_DEFAULT,template:721
80216,38,Defias Thug,59,,INCLUDED,HOSTILE_HUMANOID,FULL_AGENT,hostile_humanoid,NO,ACCEPTED_DEFAULT,template:38
80217,721,Rabbit,59,,INCLUDED,PREY_FAUNA,LIGHTWEIGHT_BACKGROUND,fauna,NO,ACCEPTED_DEFAULT,template:721
80218,38,Defias Thug,59,,INCLUDED,HOSTILE_HUMANOID,FULL_AGENT,hostile_humanoid,NO,ACCEPTED_DEFAULT,template:38
80220,890,Fawn,9,,INCLUDED,PREY_FAUNA,LIGHTWEIGHT_BACKGROUND,fauna,NO,ACCEPTED_DEFAULT,template:890
80221,721,Rabbit,59,,INCLUDED,PREY_FAUNA,LIGHTWEIGHT_BACKGROUND,fauna,NO,ACCEPTED_DEFAULT,template:721
80222,38,Defias Thug,9,,INCLUDED,HOSTILE_HUMANOID,FULL_AGENT,hostile_humanoid,NO,ACCEPTED_DEFAULT,template:38
80223,38,Defias Thug,59,,INCLUDED,HOSTILE_HUMANOID,FULL_AGENT,hostile_humanoid,NO,ACCEPTED_DEFAULT,template:38
80224,38,Defias Thug,59,,INCLUDED,HOSTILE_HUMANOID,FULL_AGENT,hostile_humanoid,NO,ACCEPTED_DEFAULT,template:38
80225,721,Rabbit,59,,INCLUDED,PREY_FAUNA,LIGHTWEIGHT_BACKGROUND,fauna,NO,ACCEPTED_DEFAULT,template:721
80226,38,Defias Thug,59,,INCLUDED,HOSTILE_HUMANOID,FULL_AGENT,hostile_humanoid,NO,ACCEPTED_DEFAULT,template:38
80227,883,Deer,59,,INCLUDED,PREY_FAUNA,LIGHTWEIGHT_BACKGROUND,fauna,NO,ACCEPTED_DEFAULT,template:883
80228,38,Defias Thug,9,,INCLUDED,HOSTILE_HUMANOID,FULL_AGENT,hostile_humanoid,NO,ACCEPTED_DEFAULT,template:38
80229,38,Defias Thug,9,,INCLUDED,HOSTILE_HUMANOID,FULL_AGENT,hostile_humanoid,NO,ACCEPTED_DEFAULT,template:38
80230,38,Defias Thug,9,,INCLUDED,HOSTILE_HUMANOID,FULL_AGENT,hostile_humanoid,NO,ACCEPTED_DEFAULT,template:38
80231,38,Defias Thug,9,,INCLUDED,HOSTILE_HUMANOID,FULL_AGENT,hostile_humanoid,NO,ACCEPTED_DEFAULT,template:38
80232,721,Rabbit,9,,INCLUDED,PREY_FAUNA,LIGHTWEIGHT_BACKGROUND,fauna,NO,ACCEPTED_DEFAULT,template:721
80233,883,Deer,59,,INCLUDED,PREY_FAUNA,LIGHTWEIGHT_BACKGROUND,fauna,NO,ACCEPTED_DEFAULT,template:883
80234,721,Rabbit,9,,INCLUDED,PREY_FAUNA,LIGHTWEIGHT_BACKGROUND,fauna,NO,ACCEPTED_DEFAULT,template:721
80236,38,Defias Thug,9,,INCLUDED,HOSTILE_HUMANOID,FULL_AGENT,hostile_humanoid,NO,ACCEPTED_DEFAULT,template:38
80237,38,Defias Thug,9,,INCLUDED,HOSTILE_HUMANOID,FULL_AGENT,hostile_humanoid,NO,ACCEPTED_DEFAULT,template:38
80238,38,Defias Thug,9,,INCLUDED,HOSTILE_HUMANOID,FULL_AGENT,hostile_humanoid,NO,ACCEPTED_DEFAULT,template:38
80239,721,Rabbit,9,,INCLUDED,PREY_FAUNA,LIGHTWEIGHT_BACKGROUND,fauna,NO,ACCEPTED_DEFAULT,template:721
80240,883,Deer,9,,INCLUDED,PREY_FAUNA,LIGHTWEIGHT_BACKGROUND,fauna,NO,ACCEPTED_DEFAULT,template:883
80241,38,Defias Thug,9,,INCLUDED,HOSTILE_HUMANOID,FULL_AGENT,hostile_humanoid,NO,ACCEPTED_DEFAULT,template:38
80242,721,Rabbit,9,,INCLUDED,PREY_FAUNA,LIGHTWEIGHT_BACKGROUND,fauna,NO,ACCEPTED_DEFAULT,template:721
80243,721,Rabbit,9,,INCLUDED,PREY_FAUNA,LIGHTWEIGHT_BACKGROUND,fauna,NO,ACCEPTED_DEFAULT,template:721
80246,38,Defias Thug,9,,INCLUDED,HOSTILE_HUMANOID,FULL_AGENT,hostile_humanoid,NO,ACCEPTED_DEFAULT,template:38
80247,103,Garrick Padfoot,59,,INCLUDED,HOSTILE_HUMANOID,FULL_AGENT,hostile_humanoid,YES,ACCEPTED_DEFAULT,template:103
80248,38,Defias Thug,9,,INCLUDED,HOSTILE_HUMANOID,FULL_AGENT,hostile_humanoid,NO,ACCEPTED_DEFAULT,template:38
80249,721,Rabbit,9,,INCLUDED,PREY_FAUNA,LIGHTWEIGHT_BACKGROUND,fauna,NO,ACCEPTED_DEFAULT,template:721
80250,38,Defias Thug,9,,INCLUDED,HOSTILE_HUMANOID,FULL_AGENT,hostile_humanoid,NO,ACCEPTED_DEFAULT,template:38
80251,38,Defias Thug,9,,INCLUDED,HOSTILE_HUMANOID,FULL_AGENT,hostile_humanoid,NO,ACCEPTED_DEFAULT,template:38
80253,38,Defias Thug,9,,INCLUDED,HOSTILE_HUMANOID,FULL_AGENT,hostile_humanoid,NO,ACCEPTED_DEFAULT,template:38
80254,38,Defias Thug,9,,INCLUDED,HOSTILE_HUMANOID,FULL_AGENT,hostile_humanoid,NO,ACCEPTED_DEFAULT,template:38
80255,38,Defias Thug,9,,INCLUDED,HOSTILE_HUMANOID,FULL_AGENT,hostile_humanoid,NO,ACCEPTED_DEFAULT,template:38
80256,38,Defias Thug,9,,INCLUDED,HOSTILE_HUMANOID,FULL_AGENT,hostile_humanoid,NO,ACCEPTED_DEFAULT,template:38
80257,38,Defias Thug,9,,INCLUDED,HOSTILE_HUMANOID,FULL_AGENT,hostile_humanoid,NO,ACCEPTED_DEFAULT,template:38
80259,38,Defias Thug,9,,INCLUDED,HOSTILE_HUMANOID,FULL_AGENT,hostile_humanoid,NO,ACCEPTED_DEFAULT,template:38
80261,69,Diseased Timber Wolf,9,,INCLUDED,PREDATOR,FULL_AGENT,predator,NO,ACCEPTED_DEFAULT,template:69
80262,11260,Northshire Peasant,9,,INCLUDED,WORKER_FARMER,FULL_AGENT,worker,NO,ACCEPTED_DEFAULT,template:11260
80263,1423,Stormwind Guard,12,,INCLUDED,GUARD,FULL_AGENT,guard,NO,ACCEPTED_DEFAULT,template:1423
80264,94,Defias Cutpurse,12,,INCLUDED,HOSTILE_HUMANOID,FULL_AGENT,hostile_humanoid,NO,ACCEPTED_DEFAULT,template:94
80265,94,Defias Cutpurse,12,,INCLUDED,HOSTILE_HUMANOID,FULL_AGENT,hostile_humanoid,NO,ACCEPTED_DEFAULT,template:94
80266,721,Rabbit,9,,INCLUDED,PREY_FAUNA,LIGHTWEIGHT_BACKGROUND,fauna,NO,ACCEPTED_DEFAULT,template:721
80267,94,Defias Cutpurse,12,,INCLUDED,HOSTILE_HUMANOID,FULL_AGENT,hostile_humanoid,NO,ACCEPTED_DEFAULT,template:94
80268,94,Defias Cutpurse,12,,INCLUDED,HOSTILE_HUMANOID,FULL_AGENT,hostile_humanoid,NO,ACCEPTED_DEFAULT,template:94
80269,94,Defias Cutpurse,12,,INCLUDED,HOSTILE_HUMANOID,FULL_AGENT,hostile_humanoid,NO,ACCEPTED_DEFAULT,template:94
80270,299,Diseased Young Wolf,12,,INCLUDED,PREDATOR,FULL_AGENT,predator,NO,ACCEPTED_DEFAULT,template:299
80271,94,Defias Cutpurse,12,,INCLUDED,HOSTILE_HUMANOID,FULL_AGENT,hostile_humanoid,NO,ACCEPTED_DEFAULT,template:94
80275,94,Defias Cutpurse,12,,INCLUDED,HOSTILE_HUMANOID,FULL_AGENT,hostile_humanoid,NO,ACCEPTED_DEFAULT,template:94
80276,94,Defias Cutpurse,12,,INCLUDED,HOSTILE_HUMANOID,FULL_AGENT,hostile_humanoid,NO,ACCEPTED_DEFAULT,template:94
80277,94,Defias Cutpurse,12,,INCLUDED,HOSTILE_HUMANOID,FULL_AGENT,hostile_humanoid,NO,ACCEPTED_DEFAULT,template:94
80278,883,Deer,12,,INCLUDED,PREY_FAUNA,LIGHTWEIGHT_BACKGROUND,fauna,NO,ACCEPTED_DEFAULT,template:883
80279,94,Defias Cutpurse,12,,INCLUDED,HOSTILE_HUMANOID,FULL_AGENT,hostile_humanoid,NO,ACCEPTED_DEFAULT,template:94
80280,721,Rabbit,12,,INCLUDED,PREY_FAUNA,LIGHTWEIGHT_BACKGROUND,fauna,NO,ACCEPTED_DEFAULT,template:721
80281,94,Defias Cutpurse,12,,INCLUDED,HOSTILE_HUMANOID,FULL_AGENT,hostile_humanoid,NO,ACCEPTED_DEFAULT,template:94
80282,94,Defias Cutpurse,12,,INCLUDED,HOSTILE_HUMANOID,FULL_AGENT,hostile_humanoid,NO,ACCEPTED_DEFAULT,template:94
80283,3937,Kira Songshine,87,,INCLUDED,MERCHANT_VENDOR,FULL_AGENT,Traveling Baker,YES,ACCEPTED_DEFAULT,template:3937
80284,1933,Sheep,12,,INCLUDED,PREY_FAUNA,LIGHTWEIGHT_BACKGROUND,fauna,NO,ACCEPTED_DEFAULT,template:1933
80285,2442,Cow,12,,INCLUDED,PREY_FAUNA,LIGHTWEIGHT_BACKGROUND,fauna,NO,ACCEPTED_DEFAULT,template:2442
80286,883,Deer,12,,INCLUDED,PREY_FAUNA,LIGHTWEIGHT_BACKGROUND,fauna,NO,ACCEPTED_DEFAULT,template:883
80287,890,Fawn,12,,INCLUDED,PREY_FAUNA,LIGHTWEIGHT_BACKGROUND,fauna,NO,ACCEPTED_DEFAULT,template:890
80288,30,Forest Spider,92,,INCLUDED,PREDATOR,FULL_AGENT,predator,NO,ACCEPTED_DEFAULT,template:30
80290,1933,Sheep,92,,INCLUDED,PREY_FAUNA,LIGHTWEIGHT_BACKGROUND,fauna,NO,ACCEPTED_DEFAULT,template:1933
80291,2442,Cow,12,,INCLUDED,PREY_FAUNA,LIGHTWEIGHT_BACKGROUND,fauna,NO,ACCEPTED_DEFAULT,template:2442
80292,395,Markus,12,,INCLUDED,CIVILIAN,FULL_AGENT,civilian,YES,ACCEPTED_DEFAULT,template:395
80293,11994,Rob Bridenbecker,12,,INCLUDED,CIVILIAN,FULL_AGENT,civilian,YES,ACCEPTED_DEFAULT,template:11994
80294,11979,Kim Bridenbecker,12,,INCLUDED,CIVILIAN,FULL_AGENT,civilian,YES,ACCEPTED_DEFAULT,template:11979
80296,721,Rabbit,12,,INCLUDED,PREY_FAUNA,LIGHTWEIGHT_BACKGROUND,fauna,NO,ACCEPTED_DEFAULT,template:721
80297,883,Deer,12,,INCLUDED,PREY_FAUNA,LIGHTWEIGHT_BACKGROUND,fauna,NO,ACCEPTED_DEFAULT,template:883
80298,94,Defias Cutpurse,12,,INCLUDED,HOSTILE_HUMANOID,FULL_AGENT,hostile_humanoid,NO,ACCEPTED_DEFAULT,template:94
80301,30,Forest Spider,12,,INCLUDED,PREDATOR,FULL_AGENT,predator,NO,ACCEPTED_DEFAULT,template:30
80302,620,Chicken,12,,INCLUDED,PREY_FAUNA,LIGHTWEIGHT_BACKGROUND,fauna,NO,ACCEPTED_DEFAULT,template:620
80304,11996,Ashley Bridenbecker,12,,INCLUDED,CIVILIAN,FULL_AGENT,civilian,YES,ACCEPTED_DEFAULT,template:11996
80305,22985,Bradford Bridenbecker,12,,INCLUDED,CIVILIAN,FULL_AGENT,civilian,YES,ACCEPTED_DEFAULT,template:22985
80306,620,Chicken,12,,INCLUDED,PREY_FAUNA,LIGHTWEIGHT_BACKGROUND,fauna,NO,ACCEPTED_DEFAULT,template:620
80307,620,Chicken,12,,INCLUDED,PREY_FAUNA,LIGHTWEIGHT_BACKGROUND,fauna,NO,ACCEPTED_DEFAULT,template:620
80308,620,Chicken,12,,INCLUDED,PREY_FAUNA,LIGHTWEIGHT_BACKGROUND,fauna,NO,ACCEPTED_DEFAULT,template:620
80309,721,Rabbit,12,,INCLUDED,PREY_FAUNA,LIGHTWEIGHT_BACKGROUND,fauna,NO,ACCEPTED_DEFAULT,template:721
80310,620,Chicken,12,,INCLUDED,PREY_FAUNA,LIGHTWEIGHT_BACKGROUND,fauna,NO,ACCEPTED_DEFAULT,template:620
80313,2442,Cow,12,,INCLUDED,PREY_FAUNA,LIGHTWEIGHT_BACKGROUND,fauna,NO,ACCEPTED_DEFAULT,template:2442
80314,30,Forest Spider,12,,INCLUDED,PREDATOR,FULL_AGENT,predator,NO,ACCEPTED_DEFAULT,template:30
80317,795,Mark,87,,INCLUDED,CIVILIAN,FULL_AGENT,civilian,YES,ACCEPTED_DEFAULT,template:795
80318,620,Chicken,87,,INCLUDED,PREY_FAUNA,LIGHTWEIGHT_BACKGROUND,fauna,NO,ACCEPTED_DEFAULT,template:620
80319,721,Rabbit,12,,INCLUDED,PREY_FAUNA,LIGHTWEIGHT_BACKGROUND,fauna,NO,ACCEPTED_DEFAULT,template:721
80320,797,Bo,87,,INCLUDED,CIVILIAN,FULL_AGENT,civilian,YES,ACCEPTED_DEFAULT,template:797
80321,796,Joshua,87,,INCLUDED,CIVILIAN,FULL_AGENT,civilian,YES,ACCEPTED_DEFAULT,template:796
80322,620,Chicken,87,,INCLUDED,PREY_FAUNA,LIGHTWEIGHT_BACKGROUND,fauna,NO,ACCEPTED_DEFAULT,template:620
80324,1933,Sheep,87,,INCLUDED,PREY_FAUNA,LIGHTWEIGHT_BACKGROUND,fauna,NO,ACCEPTED_DEFAULT,template:1933
80325,927,Brother Wilhelm,87,,INCLUDED,TRAINER,FULL_AGENT,Paladin Trainer,YES,ACCEPTED_DEFAULT,template:927
80326,241,"Remy ""Two Times""",87,,INCLUDED,CIVILIAN,FULL_AGENT,civilian,YES,ACCEPTED_DEFAULT,template:241
80327,66,Tharynn Bouden,87,,INCLUDED,MERCHANT_VENDOR,FULL_AGENT,Trade Supplies,YES,ACCEPTED_DEFAULT,template:66
80328,5403,Riding White Stallion,87,,INCLUDED,PREY_FAUNA,LIGHTWEIGHT_BACKGROUND,domestic_mount,NO,ACCEPTED_DEFAULT,template:5403
80329,5406,Palomino,87,,INCLUDED,PREY_FAUNA,LIGHTWEIGHT_BACKGROUND,domestic_mount,NO,ACCEPTED_DEFAULT,template:5406
80330,1423,Stormwind Guard,87,,INCLUDED,GUARD,FULL_AGENT,guard,NO,ACCEPTED_DEFAULT,template:1423
80331,620,Chicken,87,,INCLUDED,PREY_FAUNA,LIGHTWEIGHT_BACKGROUND,fauna,NO,ACCEPTED_DEFAULT,template:620
80332,620,Chicken,87,,INCLUDED,PREY_FAUNA,LIGHTWEIGHT_BACKGROUND,fauna,NO,ACCEPTED_DEFAULT,template:620
80333,913,Lyria Du Lac,87,,INCLUDED,TRAINER,FULL_AGENT,Warrior Trainer,YES,ACCEPTED_DEFAULT,template:913
80334,240,Marshal Dughan,87,,INCLUDED,GUARD,FULL_AGENT,guard,YES,ACCEPTED_DEFAULT,template:240
80335,1423,Stormwind Guard,87,,INCLUDED,GUARD,FULL_AGENT,guard,NO,ACCEPTED_DEFAULT,template:1423
80336,514,Smith Argus,87,,INCLUDED,TRAINER,FULL_AGENT,Blacksmithing Trainer,YES,ACCEPTED_DEFAULT,template:514
80337,74,Kurran Steele,87,,INCLUDED,MERCHANT_VENDOR,FULL_AGENT,Cloth & Leather Armor Merchant,YES,ACCEPTED_DEFAULT,template:74
80338,54,Corina Steele,87,,INCLUDED,MERCHANT_VENDOR,FULL_AGENT,Weaponsmith,YES,ACCEPTED_DEFAULT,template:54
80339,2046,Andrew Krighton,87,,INCLUDED,MERCHANT_VENDOR,FULL_AGENT,Armorer & Shieldcrafter,YES,ACCEPTED_DEFAULT,template:2046
80340,6749,Erma,87,,INCLUDED,CIVILIAN,FULL_AGENT,Stable Master,YES,ACCEPTED_DEFAULT,template:6749
80341,299,Diseased Young Wolf,87,-12,INCLUDED,PREDATOR,FULL_AGENT,predator,NO,ACCEPTED_DEFAULT,template:299
80343,299,Diseased Young Wolf,12,-12,INCLUDED,PREDATOR,FULL_AGENT,predator,NO,ACCEPTED_DEFAULT,template:299
80344,328,Zaldimar Wefhellt,87,,INCLUDED,TRAINER,FULL_AGENT,Mage Trainer,YES,ACCEPTED_DEFAULT,template:328
80345,6778,Melika Isenstrider,87,,INCLUDED,CIVILIAN,FULL_AGENT,Assistant Innkeeper,YES,ACCEPTED_DEFAULT,template:6778
80346,295,Innkeeper Farley,87,,INCLUDED,MERCHANT_VENDOR,FULL_AGENT,Innkeeper,YES,ACCEPTED_DEFAULT,template:295
80347,377,Priestess Josetta,87,,INCLUDED,TRAINER,FULL_AGENT,Priest Trainer,YES,ACCEPTED_DEFAULT,template:377
80348,151,Brog Hamfist,87,,INCLUDED,MERCHANT_VENDOR,FULL_AGENT,General Supplies,YES,ACCEPTED_DEFAULT,template:151
80349,3935,Toddrick,87,,INCLUDED,MERCHANT_VENDOR,FULL_AGENT,Butcher,YES,ACCEPTED_DEFAULT,template:3935
80350,253,William Pestle,87,,INCLUDED,CIVILIAN,FULL_AGENT,civilian,YES,ACCEPTED_DEFAULT,template:253
80352,6374,Cylina Darkheart,87,,INCLUDED,CIVILIAN,FULL_AGENT,civilian,YES,ACCEPTED_DEFAULT,template:6374
80353,906,Maximillian Crowe,87,,INCLUDED,TRAINER,FULL_AGENT,Warlock Trainer,YES,ACCEPTED_DEFAULT,template:906
80354,6121,Remen Marcot,87,,INCLUDED,CIVILIAN,FULL_AGENT,civilian,YES,ACCEPTED_DEFAULT,template:6121
80355,1430,Tomas,87,,INCLUDED,TRAINER,FULL_AGENT,Cook,YES,ACCEPTED_DEFAULT,template:1430
80356,883,Deer,87,,INCLUDED,PREY_FAUNA,LIGHTWEIGHT_BACKGROUND,fauna,NO,ACCEPTED_DEFAULT,template:883
80357,890,Fawn,87,,INCLUDED,PREY_FAUNA,LIGHTWEIGHT_BACKGROUND,fauna,NO,ACCEPTED_DEFAULT,template:890
80359,721,Rabbit,87,,INCLUDED,PREY_FAUNA,LIGHTWEIGHT_BACKGROUND,fauna,NO,ACCEPTED_DEFAULT,template:721
80360,721,Rabbit,87,-4,INCLUDED,PREY_FAUNA,LIGHTWEIGHT_BACKGROUND,fauna,NO,ACCEPTED_DEFAULT,template:721
80361,113,Stonetusk Boar,87,,INCLUDED,PREY_FAUNA,LIGHTWEIGHT_BACKGROUND,fauna,NO,ACCEPTED_DEFAULT,template:113
80362,113,Stonetusk Boar,87,-4,INCLUDED,PREY_FAUNA,LIGHTWEIGHT_BACKGROUND,fauna,NO,ACCEPTED_DEFAULT,template:113
80363,1933,Sheep,87,-4,INCLUDED,PREY_FAUNA,LIGHTWEIGHT_BACKGROUND,fauna,NO,ACCEPTED_DEFAULT,template:1933
80365,721,Rabbit,87,,INCLUDED,PREY_FAUNA,LIGHTWEIGHT_BACKGROUND,fauna,NO,ACCEPTED_DEFAULT,template:721
80366,1933,Sheep,12,,INCLUDED,PREY_FAUNA,LIGHTWEIGHT_BACKGROUND,fauna,NO,ACCEPTED_DEFAULT,template:1933
80367,113,Stonetusk Boar,87,-4,INCLUDED,PREY_FAUNA,LIGHTWEIGHT_BACKGROUND,fauna,NO,ACCEPTED_DEFAULT,template:113
80368,1933,Sheep,12,,INCLUDED,PREY_FAUNA,LIGHTWEIGHT_BACKGROUND,fauna,NO,ACCEPTED_DEFAULT,template:1933
80369,113,Stonetusk Boar,12,,INCLUDED,PREY_FAUNA,LIGHTWEIGHT_BACKGROUND,fauna,NO,ACCEPTED_DEFAULT,template:113
80370,721,Rabbit,12,,INCLUDED,PREY_FAUNA,LIGHTWEIGHT_BACKGROUND,fauna,NO,ACCEPTED_DEFAULT,template:721
80371,113,Stonetusk Boar,12,,INCLUDED,PREY_FAUNA,LIGHTWEIGHT_BACKGROUND,fauna,NO,ACCEPTED_DEFAULT,template:113
80372,94,Defias Cutpurse,12,,INCLUDED,HOSTILE_HUMANOID,FULL_AGENT,hostile_humanoid,NO,ACCEPTED_DEFAULT,template:94
80373,883,Deer,12,,INCLUDED,PREY_FAUNA,LIGHTWEIGHT_BACKGROUND,fauna,NO,ACCEPTED_DEFAULT,template:883
80374,94,Defias Cutpurse,12,,INCLUDED,HOSTILE_HUMANOID,FULL_AGENT,hostile_humanoid,NO,ACCEPTED_DEFAULT,template:94
80375,94,Defias Cutpurse,12,,INCLUDED,HOSTILE_HUMANOID,FULL_AGENT,hostile_humanoid,NO,ACCEPTED_DEFAULT,template:94
80376,2442,Cow,12,,INCLUDED,PREY_FAUNA,LIGHTWEIGHT_BACKGROUND,fauna,NO,ACCEPTED_DEFAULT,template:2442
80377,94,Defias Cutpurse,12,,INCLUDED,HOSTILE_HUMANOID,FULL_AGENT,hostile_humanoid,NO,ACCEPTED_DEFAULT,template:94
80381,116,Defias Bandit,92,,INCLUDED,HOSTILE_HUMANOID,FULL_AGENT,hostile_humanoid,NO,ACCEPTED_DEFAULT,template:116
80383,474,Defias Rogue Wizard,92,,INCLUDED,HOSTILE_HUMANOID,FULL_AGENT,hostile_humanoid,NO,ACCEPTED_DEFAULT,template:474
80384,116,Defias Bandit,92,,INCLUDED,HOSTILE_HUMANOID,FULL_AGENT,hostile_humanoid,NO,ACCEPTED_DEFAULT,template:116
80385,116,Defias Bandit,92,,INCLUDED,HOSTILE_HUMANOID,FULL_AGENT,hostile_humanoid,NO,ACCEPTED_DEFAULT,template:116
80386,116,Defias Bandit,92,,INCLUDED,HOSTILE_HUMANOID,FULL_AGENT,hostile_humanoid,NO,ACCEPTED_DEFAULT,template:116
80387,116,Defias Bandit,92,,INCLUDED,HOSTILE_HUMANOID,FULL_AGENT,hostile_humanoid,NO,ACCEPTED_DEFAULT,template:116
80388,474,Defias Rogue Wizard,92,,INCLUDED,HOSTILE_HUMANOID,FULL_AGENT,hostile_humanoid,NO,ACCEPTED_DEFAULT,template:474
80389,474,Defias Rogue Wizard,92,,INCLUDED,HOSTILE_HUMANOID,FULL_AGENT,hostile_humanoid,NO,ACCEPTED_DEFAULT,template:474
80390,474,Defias Rogue Wizard,92,,INCLUDED,HOSTILE_HUMANOID,FULL_AGENT,hostile_humanoid,NO,ACCEPTED_DEFAULT,template:474
80391,116,Defias Bandit,89,,INCLUDED,HOSTILE_HUMANOID,FULL_AGENT,hostile_humanoid,NO,ACCEPTED_DEFAULT,template:116
80392,116,Defias Bandit,89,,INCLUDED,HOSTILE_HUMANOID,FULL_AGENT,hostile_humanoid,NO,ACCEPTED_DEFAULT,template:116
80393,116,Defias Bandit,89,,INCLUDED,HOSTILE_HUMANOID,FULL_AGENT,hostile_humanoid,NO,ACCEPTED_DEFAULT,template:116
80394,116,Defias Bandit,92,,INCLUDED,HOSTILE_HUMANOID,FULL_AGENT,hostile_humanoid,NO,ACCEPTED_DEFAULT,template:116
80395,99,Morgaine the Sly,89,,INCLUDED,HOSTILE_HUMANOID,FULL_AGENT,hostile_humanoid,YES,ACCEPTED_DEFAULT,template:99
80396,94,Defias Cutpurse,89,,INCLUDED,HOSTILE_HUMANOID,FULL_AGENT,hostile_humanoid,NO,ACCEPTED_DEFAULT,template:94
80397,94,Defias Cutpurse,89,,INCLUDED,HOSTILE_HUMANOID,FULL_AGENT,hostile_humanoid,NO,ACCEPTED_DEFAULT,template:94
80398,30,Forest Spider,89,,INCLUDED,PREDATOR,FULL_AGENT,predator,NO,ACCEPTED_DEFAULT,template:30
80399,116,Defias Bandit,89,,INCLUDED,HOSTILE_HUMANOID,FULL_AGENT,hostile_humanoid,NO,ACCEPTED_DEFAULT,template:116
80400,94,Defias Cutpurse,89,,INCLUDED,HOSTILE_HUMANOID,FULL_AGENT,hostile_humanoid,NO,ACCEPTED_DEFAULT,template:94
80401,94,Defias Cutpurse,89,,INCLUDED,HOSTILE_HUMANOID,FULL_AGENT,hostile_humanoid,NO,ACCEPTED_DEFAULT,template:94
80402,94,Defias Cutpurse,92,,INCLUDED,HOSTILE_HUMANOID,FULL_AGENT,hostile_humanoid,NO,ACCEPTED_DEFAULT,template:94
80403,116,Defias Bandit,89,,INCLUDED,HOSTILE_HUMANOID,FULL_AGENT,hostile_humanoid,NO,ACCEPTED_DEFAULT,template:116
80404,116,Defias Bandit,89,,INCLUDED,HOSTILE_HUMANOID,FULL_AGENT,hostile_humanoid,NO,ACCEPTED_DEFAULT,template:116
80405,94,Defias Cutpurse,89,,INCLUDED,HOSTILE_HUMANOID,FULL_AGENT,hostile_humanoid,NO,ACCEPTED_DEFAULT,template:94
80406,30,Forest Spider,89,,INCLUDED,PREDATOR,FULL_AGENT,predator,NO,ACCEPTED_DEFAULT,template:30
80409,2442,Cow,12,,INCLUDED,PREY_FAUNA,LIGHTWEIGHT_BACKGROUND,fauna,NO,ACCEPTED_DEFAULT,template:2442
80412,474,Defias Rogue Wizard,92,,INCLUDED,HOSTILE_HUMANOID,FULL_AGENT,hostile_humanoid,NO,ACCEPTED_DEFAULT,template:474
80415,30,Forest Spider,12,,INCLUDED,PREDATOR,FULL_AGENT,predator,NO,ACCEPTED_DEFAULT,template:30
80418,30,Forest Spider,12,,INCLUDED,PREDATOR,FULL_AGENT,predator,NO,ACCEPTED_DEFAULT,template:30
80419,113,Stonetusk Boar,12,,INCLUDED,PREY_FAUNA,LIGHTWEIGHT_BACKGROUND,fauna,NO,ACCEPTED_DEFAULT,template:113
80422,30,Forest Spider,12,,INCLUDED,PREDATOR,FULL_AGENT,predator,NO,ACCEPTED_DEFAULT,template:30
80423,113,Stonetusk Boar,12,,INCLUDED,PREY_FAUNA,LIGHTWEIGHT_BACKGROUND,fauna,NO,ACCEPTED_DEFAULT,template:113
80425,30,Forest Spider,12,,INCLUDED,PREDATOR,FULL_AGENT,predator,NO,ACCEPTED_DEFAULT,template:30
80428,2442,Cow,12,,INCLUDED,PREY_FAUNA,LIGHTWEIGHT_BACKGROUND,fauna,NO,ACCEPTED_DEFAULT,template:2442
80440,2442,Cow,60,,INCLUDED,PREY_FAUNA,LIGHTWEIGHT_BACKGROUND,fauna,NO,ACCEPTED_DEFAULT,template:2442
80443,1423,Stormwind Guard,120,,INCLUDED,GUARD,FULL_AGENT,guard,NO,ACCEPTED_DEFAULT,template:1423
80444,1423,Stormwind Guard,120,,INCLUDED,GUARD,FULL_AGENT,guard,NO,ACCEPTED_DEFAULT,template:1423
80446,1423,Stormwind Guard,120,,INCLUDED,GUARD,FULL_AGENT,guard,NO,ACCEPTED_DEFAULT,template:1423
80447,1423,Stormwind Guard,120,,INCLUDED,GUARD,FULL_AGENT,guard,NO,ACCEPTED_DEFAULT,template:1423
80448,1249,Quartermaster Hudson,120,,INCLUDED,MERCHANT_VENDOR,FULL_AGENT,Armorer & Shieldcrafter,YES,ACCEPTED_DEFAULT,template:1249
80449,1645,Quartermaster Hicks,120,,INCLUDED,MERCHANT_VENDOR,FULL_AGENT,Master Weaponsmith,YES,ACCEPTED_DEFAULT,template:1645
80450,896,Veldan Lightfoot,120,,INCLUDED,MERCHANT_VENDOR,FULL_AGENT,Leather Armor Merchant,YES,ACCEPTED_DEFAULT,template:896
80453,2442,Cow,120,,INCLUDED,PREY_FAUNA,LIGHTWEIGHT_BACKGROUND,fauna,NO,ACCEPTED_DEFAULT,template:2442
80454,721,Rabbit,120,,INCLUDED,PREY_FAUNA,LIGHTWEIGHT_BACKGROUND,fauna,NO,ACCEPTED_DEFAULT,template:721
80455,1423,Stormwind Guard,120,,INCLUDED,GUARD,FULL_AGENT,guard,NO,ACCEPTED_DEFAULT,template:1423
80456,1423,Stormwind Guard,120,,INCLUDED,GUARD,FULL_AGENT,guard,NO,ACCEPTED_DEFAULT,template:1423
80457,1423,Stormwind Guard,120,,INCLUDED,GUARD,FULL_AGENT,guard,NO,ACCEPTED_DEFAULT,template:1423
80458,1423,Stormwind Guard,120,,INCLUDED,GUARD,FULL_AGENT,guard,NO,ACCEPTED_DEFAULT,template:1423
80459,955,Sergeant De Vries,120,,INCLUDED,GUARD,FULL_AGENT,guard,YES,ACCEPTED_DEFAULT,template:955
80460,1423,Stormwind Guard,120,,INCLUDED,GUARD,FULL_AGENT,guard,NO,ACCEPTED_DEFAULT,template:1423
80461,1423,Stormwind Guard,120,,INCLUDED,GUARD,FULL_AGENT,guard,NO,ACCEPTED_DEFAULT,template:1423
80462,1423,Stormwind Guard,120,,INCLUDED,GUARD,FULL_AGENT,guard,NO,ACCEPTED_DEFAULT,template:1423
80463,1423,Stormwind Guard,120,,INCLUDED,GUARD,FULL_AGENT,guard,NO,ACCEPTED_DEFAULT,template:1423
80464,1423,Stormwind Guard,120,,INCLUDED,GUARD,FULL_AGENT,guard,NO,ACCEPTED_DEFAULT,template:1423
80465,1423,Stormwind Guard,120,,INCLUDED,GUARD,FULL_AGENT,guard,NO,ACCEPTED_DEFAULT,template:1423
80466,1423,Stormwind Guard,60,,INCLUDED,GUARD,FULL_AGENT,guard,NO,ACCEPTED_DEFAULT,template:1423
80467,1423,Stormwind Guard,60,,INCLUDED,GUARD,FULL_AGENT,guard,NO,ACCEPTED_DEFAULT,template:1423
80470,721,Rabbit,60,,INCLUDED,PREY_FAUNA,LIGHTWEIGHT_BACKGROUND,fauna,NO,ACCEPTED_DEFAULT,template:721
80471,963,Deputy Rainer,120,,INCLUDED,GUARD,FULL_AGENT,guard,YES,ACCEPTED_DEFAULT,template:963
80472,721,Rabbit,120,,INCLUDED,PREY_FAUNA,LIGHTWEIGHT_BACKGROUND,fauna,NO,ACCEPTED_DEFAULT,template:721
80475,1423,Stormwind Guard,60,,INCLUDED,GUARD,FULL_AGENT,guard,NO,ACCEPTED_DEFAULT,template:1423
80477,2442,Cow,60,,INCLUDED,PREY_FAUNA,LIGHTWEIGHT_BACKGROUND,fauna,NO,ACCEPTED_DEFAULT,template:2442
80483,721,Rabbit,60,,INCLUDED,PREY_FAUNA,LIGHTWEIGHT_BACKGROUND,fauna,NO,ACCEPTED_DEFAULT,template:721
80484,1423,Stormwind Guard,60,,INCLUDED,GUARD,FULL_AGENT,guard,NO,ACCEPTED_DEFAULT,template:1423
80485,1423,Stormwind Guard,60,,INCLUDED,GUARD,FULL_AGENT,guard,NO,ACCEPTED_DEFAULT,template:1423
80486,1423,Stormwind Guard,60,,INCLUDED,GUARD,FULL_AGENT,guard,NO,ACCEPTED_DEFAULT,template:1423
80488,1423,Stormwind Guard,60,,INCLUDED,GUARD,FULL_AGENT,guard,NO,ACCEPTED_DEFAULT,template:1423
80489,1423,Stormwind Guard,60,,INCLUDED,GUARD,FULL_AGENT,guard,NO,ACCEPTED_DEFAULT,template:1423
80494,721,Rabbit,60,,INCLUDED,PREY_FAUNA,LIGHTWEIGHT_BACKGROUND,fauna,NO,ACCEPTED_DEFAULT,template:721
80495,883,Deer,60,,INCLUDED,PREY_FAUNA,LIGHTWEIGHT_BACKGROUND,fauna,NO,ACCEPTED_DEFAULT,template:883
80496,890,Fawn,60,,INCLUDED,PREY_FAUNA,LIGHTWEIGHT_BACKGROUND,fauna,NO,ACCEPTED_DEFAULT,template:890
80502,721,Rabbit,60,,INCLUDED,PREY_FAUNA,LIGHTWEIGHT_BACKGROUND,fauna,NO,ACCEPTED_DEFAULT,template:721
80522,721,Rabbit,60,,INCLUDED,PREY_FAUNA,LIGHTWEIGHT_BACKGROUND,fauna,NO,ACCEPTED_DEFAULT,template:721
80529,721,Rabbit,60,,INCLUDED,PREY_FAUNA,LIGHTWEIGHT_BACKGROUND,fauna,NO,ACCEPTED_DEFAULT,template:721
80531,448,Hogger,60,,INCLUDED,HOSTILE_HUMANOID,FULL_AGENT,hostile_humanoid,YES,ACCEPTED_DEFAULT,template:448
80542,252,Tommy Joe Stonefield,63,,INCLUDED,CIVILIAN,FULL_AGENT,civilian,YES,ACCEPTED_DEFAULT,template:252
80543,2442,Cow,63,,INCLUDED,PREY_FAUNA,LIGHTWEIGHT_BACKGROUND,fauna,NO,ACCEPTED_DEFAULT,template:2442
80544,113,Stonetusk Boar,63,,INCLUDED,PREY_FAUNA,LIGHTWEIGHT_BACKGROUND,fauna,NO,ACCEPTED_DEFAULT,template:113
80548,721,Rabbit,63,,INCLUDED,PREY_FAUNA,LIGHTWEIGHT_BACKGROUND,fauna,NO,ACCEPTED_DEFAULT,template:721
80549,113,Stonetusk Boar,63,,INCLUDED,PREY_FAUNA,LIGHTWEIGHT_BACKGROUND,fauna,NO,ACCEPTED_DEFAULT,template:113
80550,113,Stonetusk Boar,63,,INCLUDED,PREY_FAUNA,LIGHTWEIGHT_BACKGROUND,fauna,NO,ACCEPTED_DEFAULT,template:113
80552,1933,Sheep,63,,INCLUDED,PREY_FAUNA,LIGHTWEIGHT_BACKGROUND,fauna,NO,ACCEPTED_DEFAULT,template:1933
80553,113,Stonetusk Boar,63,,INCLUDED,PREY_FAUNA,LIGHTWEIGHT_BACKGROUND,fauna,NO,ACCEPTED_DEFAULT,template:113
80554,113,Stonetusk Boar,63,,INCLUDED,PREY_FAUNA,LIGHTWEIGHT_BACKGROUND,fauna,NO,ACCEPTED_DEFAULT,template:113
80555,2442,Cow,12,,INCLUDED,PREY_FAUNA,LIGHTWEIGHT_BACKGROUND,fauna,NO,ACCEPTED_DEFAULT,template:2442
80556,113,Stonetusk Boar,63,,INCLUDED,PREY_FAUNA,LIGHTWEIGHT_BACKGROUND,fauna,NO,ACCEPTED_DEFAULT,template:113
80557,113,Stonetusk Boar,63,,INCLUDED,PREY_FAUNA,LIGHTWEIGHT_BACKGROUND,fauna,NO,ACCEPTED_DEFAULT,template:113
80558,113,Stonetusk Boar,63,,INCLUDED,PREY_FAUNA,LIGHTWEIGHT_BACKGROUND,fauna,NO,ACCEPTED_DEFAULT,template:113
80559,721,Rabbit,63,,INCLUDED,PREY_FAUNA,LIGHTWEIGHT_BACKGROUND,fauna,NO,ACCEPTED_DEFAULT,template:721
80560,113,Stonetusk Boar,63,,INCLUDED,PREY_FAUNA,LIGHTWEIGHT_BACKGROUND,fauna,NO,ACCEPTED_DEFAULT,template:113
80561,113,Stonetusk Boar,63,,INCLUDED,PREY_FAUNA,LIGHTWEIGHT_BACKGROUND,fauna,NO,ACCEPTED_DEFAULT,template:113
80562,113,Stonetusk Boar,63,,INCLUDED,PREY_FAUNA,LIGHTWEIGHT_BACKGROUND,fauna,NO,ACCEPTED_DEFAULT,template:113
80563,894,Homer Stonefield,63,,INCLUDED,MERCHANT_VENDOR,FULL_AGENT,Fruit Seller,YES,ACCEPTED_DEFAULT,template:894
80564,721,Rabbit,63,,INCLUDED,PREY_FAUNA,LIGHTWEIGHT_BACKGROUND,fauna,NO,ACCEPTED_DEFAULT,template:721
80565,113,Stonetusk Boar,63,,INCLUDED,PREY_FAUNA,LIGHTWEIGHT_BACKGROUND,fauna,NO,ACCEPTED_DEFAULT,template:113
80566,113,Stonetusk Boar,63,,INCLUDED,PREY_FAUNA,LIGHTWEIGHT_BACKGROUND,fauna,NO,ACCEPTED_DEFAULT,template:113
80567,113,Stonetusk Boar,63,,INCLUDED,PREY_FAUNA,LIGHTWEIGHT_BACKGROUND,fauna,NO,ACCEPTED_DEFAULT,template:113
80568,244,Ma Stonefield,63,,INCLUDED,CIVILIAN,FULL_AGENT,civilian,YES,ACCEPTED_DEFAULT,template:244
80569,248,Gramma Stonefield,63,,INCLUDED,CIVILIAN,FULL_AGENT,civilian,YES,ACCEPTED_DEFAULT,template:248
80570,246,Auntie Bernice Stonefield,63,,INCLUDED,CIVILIAN,FULL_AGENT,civilian,YES,ACCEPTED_DEFAULT,template:246
80571,1933,Sheep,63,,INCLUDED,PREY_FAUNA,LIGHTWEIGHT_BACKGROUND,fauna,NO,ACCEPTED_DEFAULT,template:1933
80572,113,Stonetusk Boar,63,,INCLUDED,PREY_FAUNA,LIGHTWEIGHT_BACKGROUND,fauna,NO,ACCEPTED_DEFAULT,template:113
80573,113,Stonetusk Boar,63,,INCLUDED,PREY_FAUNA,LIGHTWEIGHT_BACKGROUND,fauna,NO,ACCEPTED_DEFAULT,template:113
80574,113,Stonetusk Boar,63,,INCLUDED,PREY_FAUNA,LIGHTWEIGHT_BACKGROUND,fauna,NO,ACCEPTED_DEFAULT,template:113
80575,475,Kobold Tunneler,57,,INCLUDED,HOSTILE_HUMANOID,FULL_AGENT,hostile_humanoid,NO,ACCEPTED_DEFAULT,template:475
80576,883,Deer,57,,INCLUDED,PREY_FAUNA,LIGHTWEIGHT_BACKGROUND,fauna,NO,ACCEPTED_DEFAULT,template:883
80577,475,Kobold Tunneler,57,,INCLUDED,HOSTILE_HUMANOID,FULL_AGENT,hostile_humanoid,NO,ACCEPTED_DEFAULT,template:475
80578,883,Deer,12,,INCLUDED,PREY_FAUNA,LIGHTWEIGHT_BACKGROUND,fauna,NO,ACCEPTED_DEFAULT,template:883
80579,890,Fawn,12,,INCLUDED,PREY_FAUNA,LIGHTWEIGHT_BACKGROUND,fauna,NO,ACCEPTED_DEFAULT,template:890
80581,113,Stonetusk Boar,12,,INCLUDED,PREY_FAUNA,LIGHTWEIGHT_BACKGROUND,fauna,NO,ACCEPTED_DEFAULT,template:113
80582,475,Kobold Tunneler,57,,INCLUDED,HOSTILE_HUMANOID,FULL_AGENT,hostile_humanoid,NO,ACCEPTED_DEFAULT,template:475
80583,475,Kobold Tunneler,57,,INCLUDED,HOSTILE_HUMANOID,FULL_AGENT,hostile_humanoid,NO,ACCEPTED_DEFAULT,template:475
80584,475,Kobold Tunneler,57,,INCLUDED,HOSTILE_HUMANOID,FULL_AGENT,hostile_humanoid,NO,ACCEPTED_DEFAULT,template:475
80585,475,Kobold Tunneler,57,,INCLUDED,HOSTILE_HUMANOID,FULL_AGENT,hostile_humanoid,NO,ACCEPTED_DEFAULT,template:475
80586,475,Kobold Tunneler,57,,INCLUDED,HOSTILE_HUMANOID,FULL_AGENT,hostile_humanoid,NO,ACCEPTED_DEFAULT,template:475
80587,475,Kobold Tunneler,57,,INCLUDED,HOSTILE_HUMANOID,FULL_AGENT,hostile_humanoid,NO,ACCEPTED_DEFAULT,template:475
80588,475,Kobold Tunneler,57,,INCLUDED,HOSTILE_HUMANOID,FULL_AGENT,hostile_humanoid,NO,ACCEPTED_DEFAULT,template:475
80589,475,Kobold Tunneler,57,,INCLUDED,HOSTILE_HUMANOID,FULL_AGENT,hostile_humanoid,NO,ACCEPTED_DEFAULT,template:475
80590,475,Kobold Tunneler,12,,INCLUDED,HOSTILE_HUMANOID,FULL_AGENT,hostile_humanoid,NO,ACCEPTED_DEFAULT,template:475
80591,475,Kobold Tunneler,57,,INCLUDED,HOSTILE_HUMANOID,FULL_AGENT,hostile_humanoid,NO,ACCEPTED_DEFAULT,template:475
80592,475,Kobold Tunneler,57,,INCLUDED,HOSTILE_HUMANOID,FULL_AGENT,hostile_humanoid,NO,ACCEPTED_DEFAULT,template:475
80593,113,Stonetusk Boar,12,,INCLUDED,PREY_FAUNA,LIGHTWEIGHT_BACKGROUND,fauna,NO,ACCEPTED_DEFAULT,template:113
80594,475,Kobold Tunneler,57,,INCLUDED,HOSTILE_HUMANOID,FULL_AGENT,hostile_humanoid,NO,ACCEPTED_DEFAULT,template:475
80595,475,Kobold Tunneler,57,,INCLUDED,HOSTILE_HUMANOID,FULL_AGENT,hostile_humanoid,NO,ACCEPTED_DEFAULT,template:475
80596,475,Kobold Tunneler,57,,INCLUDED,HOSTILE_HUMANOID,FULL_AGENT,hostile_humanoid,NO,ACCEPTED_DEFAULT,template:475
80597,475,Kobold Tunneler,57,,INCLUDED,HOSTILE_HUMANOID,FULL_AGENT,hostile_humanoid,NO,ACCEPTED_DEFAULT,template:475
80598,475,Kobold Tunneler,57,,INCLUDED,HOSTILE_HUMANOID,FULL_AGENT,hostile_humanoid,NO,ACCEPTED_DEFAULT,template:475
80599,475,Kobold Tunneler,57,,INCLUDED,HOSTILE_HUMANOID,FULL_AGENT,hostile_humanoid,NO,ACCEPTED_DEFAULT,template:475
80600,475,Kobold Tunneler,57,,INCLUDED,HOSTILE_HUMANOID,FULL_AGENT,hostile_humanoid,NO,ACCEPTED_DEFAULT,template:475
80601,475,Kobold Tunneler,57,,INCLUDED,HOSTILE_HUMANOID,FULL_AGENT,hostile_humanoid,NO,ACCEPTED_DEFAULT,template:475
80602,475,Kobold Tunneler,57,,INCLUDED,HOSTILE_HUMANOID,FULL_AGENT,hostile_humanoid,NO,ACCEPTED_DEFAULT,template:475
80603,721,Rabbit,57,,INCLUDED,PREY_FAUNA,LIGHTWEIGHT_BACKGROUND,fauna,NO,ACCEPTED_DEFAULT,template:721
80604,40,Kobold Miner,57,,INCLUDED,HOSTILE_HUMANOID,FULL_AGENT,hostile_humanoid,NO,ACCEPTED_DEFAULT,template:40
80605,40,Kobold Miner,57,,INCLUDED,HOSTILE_HUMANOID,FULL_AGENT,hostile_humanoid,NO,ACCEPTED_DEFAULT,template:40
80606,475,Kobold Tunneler,57,,INCLUDED,HOSTILE_HUMANOID,FULL_AGENT,hostile_humanoid,NO,ACCEPTED_DEFAULT,template:475
80607,475,Kobold Tunneler,57,,INCLUDED,HOSTILE_HUMANOID,FULL_AGENT,hostile_humanoid,NO,ACCEPTED_DEFAULT,template:475
80608,40,Kobold Miner,57,,INCLUDED,HOSTILE_HUMANOID,FULL_AGENT,hostile_humanoid,NO,ACCEPTED_DEFAULT,template:40
80609,40,Kobold Miner,57,,INCLUDED,HOSTILE_HUMANOID,FULL_AGENT,hostile_humanoid,NO,ACCEPTED_DEFAULT,template:40
80610,40,Kobold Miner,57,,INCLUDED,HOSTILE_HUMANOID,FULL_AGENT,hostile_humanoid,NO,ACCEPTED_DEFAULT,template:40
80611,475,Kobold Tunneler,57,,INCLUDED,HOSTILE_HUMANOID,FULL_AGENT,hostile_humanoid,NO,ACCEPTED_DEFAULT,template:475
80612,475,Kobold Tunneler,57,,INCLUDED,HOSTILE_HUMANOID,FULL_AGENT,hostile_humanoid,NO,ACCEPTED_DEFAULT,template:475
80613,475,Kobold Tunneler,57,,INCLUDED,HOSTILE_HUMANOID,FULL_AGENT,hostile_humanoid,NO,ACCEPTED_DEFAULT,template:475
80614,40,Kobold Miner,57,,INCLUDED,HOSTILE_HUMANOID,FULL_AGENT,hostile_humanoid,NO,ACCEPTED_DEFAULT,template:40
80615,40,Kobold Miner,57,,INCLUDED,HOSTILE_HUMANOID,FULL_AGENT,hostile_humanoid,NO,ACCEPTED_DEFAULT,template:40
80616,40,Kobold Miner,57,,INCLUDED,HOSTILE_HUMANOID,FULL_AGENT,hostile_humanoid,NO,ACCEPTED_DEFAULT,template:40
80617,40,Kobold Miner,57,,INCLUDED,HOSTILE_HUMANOID,FULL_AGENT,hostile_humanoid,NO,ACCEPTED_DEFAULT,template:40
80618,475,Kobold Tunneler,57,,INCLUDED,HOSTILE_HUMANOID,FULL_AGENT,hostile_humanoid,NO,ACCEPTED_DEFAULT,template:475
80619,475,Kobold Tunneler,57,,INCLUDED,HOSTILE_HUMANOID,FULL_AGENT,hostile_humanoid,NO,ACCEPTED_DEFAULT,template:475
80620,40,Kobold Miner,57,,INCLUDED,HOSTILE_HUMANOID,FULL_AGENT,hostile_humanoid,NO,ACCEPTED_DEFAULT,template:40
80621,475,Kobold Tunneler,57,,INCLUDED,HOSTILE_HUMANOID,FULL_AGENT,hostile_humanoid,NO,ACCEPTED_DEFAULT,template:475
80622,475,Kobold Tunneler,57,,INCLUDED,HOSTILE_HUMANOID,FULL_AGENT,hostile_humanoid,NO,ACCEPTED_DEFAULT,template:475
80623,30,Forest Spider,12,,INCLUDED,PREDATOR,FULL_AGENT,predator,NO,ACCEPTED_DEFAULT,template:30
80624,113,Stonetusk Boar,64,,INCLUDED,PREY_FAUNA,LIGHTWEIGHT_BACKGROUND,fauna,NO,ACCEPTED_DEFAULT,template:113
80625,883,Deer,57,,INCLUDED,PREY_FAUNA,LIGHTWEIGHT_BACKGROUND,fauna,NO,ACCEPTED_DEFAULT,template:883
80626,475,Kobold Tunneler,57,,INCLUDED,HOSTILE_HUMANOID,FULL_AGENT,hostile_humanoid,NO,ACCEPTED_DEFAULT,template:475
80627,40,Kobold Miner,57,,INCLUDED,HOSTILE_HUMANOID,FULL_AGENT,hostile_humanoid,NO,ACCEPTED_DEFAULT,template:40
80628,40,Kobold Miner,57,,INCLUDED,HOSTILE_HUMANOID,FULL_AGENT,hostile_humanoid,NO,ACCEPTED_DEFAULT,template:40
80629,40,Kobold Miner,57,,INCLUDED,HOSTILE_HUMANOID,FULL_AGENT,hostile_humanoid,NO,ACCEPTED_DEFAULT,template:40
80630,40,Kobold Miner,57,,INCLUDED,HOSTILE_HUMANOID,FULL_AGENT,hostile_humanoid,NO,ACCEPTED_DEFAULT,template:40
80631,475,Kobold Tunneler,57,,INCLUDED,HOSTILE_HUMANOID,FULL_AGENT,hostile_humanoid,NO,ACCEPTED_DEFAULT,template:475
80632,475,Kobold Tunneler,57,,INCLUDED,HOSTILE_HUMANOID,FULL_AGENT,hostile_humanoid,NO,ACCEPTED_DEFAULT,template:475
80633,475,Kobold Tunneler,57,,INCLUDED,HOSTILE_HUMANOID,FULL_AGENT,hostile_humanoid,NO,ACCEPTED_DEFAULT,template:475
80634,40,Kobold Miner,57,,INCLUDED,HOSTILE_HUMANOID,FULL_AGENT,hostile_humanoid,NO,ACCEPTED_DEFAULT,template:40
80635,475,Kobold Tunneler,12,,INCLUDED,HOSTILE_HUMANOID,FULL_AGENT,hostile_humanoid,NO,ACCEPTED_DEFAULT,template:475
80636,40,Kobold Miner,57,,INCLUDED,HOSTILE_HUMANOID,FULL_AGENT,hostile_humanoid,NO,ACCEPTED_DEFAULT,template:40
80637,40,Kobold Miner,57,,INCLUDED,HOSTILE_HUMANOID,FULL_AGENT,hostile_humanoid,NO,ACCEPTED_DEFAULT,template:40
80638,475,Kobold Tunneler,57,,INCLUDED,HOSTILE_HUMANOID,FULL_AGENT,hostile_humanoid,NO,ACCEPTED_DEFAULT,template:475
80639,40,Kobold Miner,57,,INCLUDED,HOSTILE_HUMANOID,FULL_AGENT,hostile_humanoid,NO,ACCEPTED_DEFAULT,template:40
80640,40,Kobold Miner,57,,INCLUDED,HOSTILE_HUMANOID,FULL_AGENT,hostile_humanoid,NO,ACCEPTED_DEFAULT,template:40
80641,113,Stonetusk Boar,64,,INCLUDED,PREY_FAUNA,LIGHTWEIGHT_BACKGROUND,fauna,NO,ACCEPTED_DEFAULT,template:113
80642,113,Stonetusk Boar,57,,INCLUDED,PREY_FAUNA,LIGHTWEIGHT_BACKGROUND,fauna,NO,ACCEPTED_DEFAULT,template:113
80643,524,Rockhide Boar,64,,INCLUDED,PREY_FAUNA,LIGHTWEIGHT_BACKGROUND,fauna,NO,ACCEPTED_DEFAULT,template:524
80644,327,Goldtooth,57,,INCLUDED,HOSTILE_HUMANOID,FULL_AGENT,hostile_humanoid,YES,ACCEPTED_DEFAULT,template:327
80645,40,Kobold Miner,57,,INCLUDED,HOSTILE_HUMANOID,FULL_AGENT,hostile_humanoid,NO,ACCEPTED_DEFAULT,template:40
80647,79,Narg the Taskmaster,57,,INCLUDED,HOSTILE_HUMANOID,FULL_AGENT,hostile_humanoid,YES,ACCEPTED_DEFAULT,template:79
80648,113,Stonetusk Boar,12,,INCLUDED,PREY_FAUNA,LIGHTWEIGHT_BACKGROUND,fauna,NO,ACCEPTED_DEFAULT,template:113
80649,40,Kobold Miner,57,,INCLUDED,HOSTILE_HUMANOID,FULL_AGENT,hostile_humanoid,NO,ACCEPTED_DEFAULT,template:40
80650,40,Kobold Miner,57,,INCLUDED,HOSTILE_HUMANOID,FULL_AGENT,hostile_humanoid,NO,ACCEPTED_DEFAULT,template:40
80651,883,Deer,12,,INCLUDED,PREY_FAUNA,LIGHTWEIGHT_BACKGROUND,fauna,NO,ACCEPTED_DEFAULT,template:883
80652,475,Kobold Tunneler,12,,INCLUDED,HOSTILE_HUMANOID,FULL_AGENT,hostile_humanoid,NO,ACCEPTED_DEFAULT,template:475
80653,113,Stonetusk Boar,12,,INCLUDED,PREY_FAUNA,LIGHTWEIGHT_BACKGROUND,fauna,NO,ACCEPTED_DEFAULT,template:113
80654,524,Rockhide Boar,12,,INCLUDED,PREY_FAUNA,LIGHTWEIGHT_BACKGROUND,fauna,NO,ACCEPTED_DEFAULT,template:524
80655,524,Rockhide Boar,12,,INCLUDED,PREY_FAUNA,LIGHTWEIGHT_BACKGROUND,fauna,NO,ACCEPTED_DEFAULT,template:524
80656,524,Rockhide Boar,12,,INCLUDED,PREY_FAUNA,LIGHTWEIGHT_BACKGROUND,fauna,NO,ACCEPTED_DEFAULT,template:524
80657,113,Stonetusk Boar,12,,INCLUDED,PREY_FAUNA,LIGHTWEIGHT_BACKGROUND,fauna,NO,ACCEPTED_DEFAULT,template:113
80658,30,Forest Spider,12,,INCLUDED,PREDATOR,FULL_AGENT,predator,NO,ACCEPTED_DEFAULT,template:30
80659,30,Forest Spider,12,,INCLUDED,PREDATOR,FULL_AGENT,predator,NO,ACCEPTED_DEFAULT,template:30
80660,475,Kobold Tunneler,57,,INCLUDED,HOSTILE_HUMANOID,FULL_AGENT,hostile_humanoid,NO,ACCEPTED_DEFAULT,template:475
80661,113,Stonetusk Boar,57,,INCLUDED,PREY_FAUNA,LIGHTWEIGHT_BACKGROUND,fauna,NO,ACCEPTED_DEFAULT,template:113
80662,2442,Cow,57,,INCLUDED,PREY_FAUNA,LIGHTWEIGHT_BACKGROUND,fauna,NO,ACCEPTED_DEFAULT,template:2442
80663,113,Stonetusk Boar,57,,INCLUDED,PREY_FAUNA,LIGHTWEIGHT_BACKGROUND,fauna,NO,ACCEPTED_DEFAULT,template:113
80664,113,Stonetusk Boar,57,,INCLUDED,PREY_FAUNA,LIGHTWEIGHT_BACKGROUND,fauna,NO,ACCEPTED_DEFAULT,template:113
80665,113,Stonetusk Boar,57,,INCLUDED,PREY_FAUNA,LIGHTWEIGHT_BACKGROUND,fauna,NO,ACCEPTED_DEFAULT,template:113
80666,113,Stonetusk Boar,57,,INCLUDED,PREY_FAUNA,LIGHTWEIGHT_BACKGROUND,fauna,NO,ACCEPTED_DEFAULT,template:113
80668,113,Stonetusk Boar,57,,INCLUDED,PREY_FAUNA,LIGHTWEIGHT_BACKGROUND,fauna,NO,ACCEPTED_DEFAULT,template:113
80670,113,Stonetusk Boar,64,,INCLUDED,PREY_FAUNA,LIGHTWEIGHT_BACKGROUND,fauna,NO,ACCEPTED_DEFAULT,template:113
80671,113,Stonetusk Boar,64,,INCLUDED,PREY_FAUNA,LIGHTWEIGHT_BACKGROUND,fauna,NO,ACCEPTED_DEFAULT,template:113
80672,113,Stonetusk Boar,64,,INCLUDED,PREY_FAUNA,LIGHTWEIGHT_BACKGROUND,fauna,NO,ACCEPTED_DEFAULT,template:113
80673,113,Stonetusk Boar,64,,INCLUDED,PREY_FAUNA,LIGHTWEIGHT_BACKGROUND,fauna,NO,ACCEPTED_DEFAULT,template:113
80674,883,Deer,64,,INCLUDED,PREY_FAUNA,LIGHTWEIGHT_BACKGROUND,fauna,NO,ACCEPTED_DEFAULT,template:883
80675,721,Rabbit,64,,INCLUDED,PREY_FAUNA,LIGHTWEIGHT_BACKGROUND,fauna,NO,ACCEPTED_DEFAULT,template:721
80676,113,Stonetusk Boar,64,,INCLUDED,PREY_FAUNA,LIGHTWEIGHT_BACKGROUND,fauna,NO,ACCEPTED_DEFAULT,template:113
80677,258,Joshua Maclure,64,,INCLUDED,MERCHANT_VENDOR,FULL_AGENT,Vintner,YES,ACCEPTED_DEFAULT,template:258
80678,721,Rabbit,64,,INCLUDED,PREY_FAUNA,LIGHTWEIGHT_BACKGROUND,fauna,NO,ACCEPTED_DEFAULT,template:721
80679,721,Rabbit,64,,INCLUDED,PREY_FAUNA,LIGHTWEIGHT_BACKGROUND,fauna,NO,ACCEPTED_DEFAULT,template:721
80680,113,Stonetusk Boar,64,,INCLUDED,PREY_FAUNA,LIGHTWEIGHT_BACKGROUND,fauna,NO,ACCEPTED_DEFAULT,template:113
80681,113,Stonetusk Boar,64,,INCLUDED,PREY_FAUNA,LIGHTWEIGHT_BACKGROUND,fauna,NO,ACCEPTED_DEFAULT,template:113
80682,113,Stonetusk Boar,64,,INCLUDED,PREY_FAUNA,LIGHTWEIGHT_BACKGROUND,fauna,NO,ACCEPTED_DEFAULT,template:113
80683,250,Pa Maclure,64,,INCLUDED,WORKER_FARMER,FULL_AGENT,farmer,YES,ACCEPTED_DEFAULT,template:250
80684,251,Maybell Maclure,64,,INCLUDED,CIVILIAN,FULL_AGENT,civilian,YES,ACCEPTED_DEFAULT,template:251
80685,247,Billy Maclure,64,,INCLUDED,CIVILIAN,FULL_AGENT,civilian,YES,ACCEPTED_DEFAULT,template:247
80686,255,Gerard Tiller,64,,INCLUDED,CIVILIAN,FULL_AGENT,civilian,YES,ACCEPTED_DEFAULT,template:255
80687,113,Stonetusk Boar,64,,INCLUDED,PREY_FAUNA,LIGHTWEIGHT_BACKGROUND,fauna,NO,ACCEPTED_DEFAULT,template:113
80688,524,Rockhide Boar,64,,INCLUDED,PREY_FAUNA,LIGHTWEIGHT_BACKGROUND,fauna,NO,ACCEPTED_DEFAULT,template:524
80689,524,Rockhide Boar,12,,INCLUDED,PREY_FAUNA,LIGHTWEIGHT_BACKGROUND,fauna,NO,ACCEPTED_DEFAULT,template:524
80690,116,Defias Bandit,12,,INCLUDED,HOSTILE_HUMANOID,FULL_AGENT,hostile_humanoid,NO,ACCEPTED_DEFAULT,template:116
80691,113,Stonetusk Boar,12,,INCLUDED,PREY_FAUNA,LIGHTWEIGHT_BACKGROUND,fauna,NO,ACCEPTED_DEFAULT,template:113
80692,113,Stonetusk Boar,12,,INCLUDED,PREY_FAUNA,LIGHTWEIGHT_BACKGROUND,fauna,NO,ACCEPTED_DEFAULT,template:113
80693,113,Stonetusk Boar,12,,INCLUDED,PREY_FAUNA,LIGHTWEIGHT_BACKGROUND,fauna,NO,ACCEPTED_DEFAULT,template:113
80694,30,Forest Spider,12,,INCLUDED,PREDATOR,FULL_AGENT,predator,NO,ACCEPTED_DEFAULT,template:30
80695,113,Stonetusk Boar,12,,INCLUDED,PREY_FAUNA,LIGHTWEIGHT_BACKGROUND,fauna,NO,ACCEPTED_DEFAULT,template:113
80696,113,Stonetusk Boar,12,,INCLUDED,PREY_FAUNA,LIGHTWEIGHT_BACKGROUND,fauna,NO,ACCEPTED_DEFAULT,template:113
80697,30,Forest Spider,12,,INCLUDED,PREDATOR,FULL_AGENT,predator,NO,ACCEPTED_DEFAULT,template:30
80698,883,Deer,12,,INCLUDED,PREY_FAUNA,LIGHTWEIGHT_BACKGROUND,fauna,NO,ACCEPTED_DEFAULT,template:883
80699,721,Rabbit,12,,INCLUDED,PREY_FAUNA,LIGHTWEIGHT_BACKGROUND,fauna,NO,ACCEPTED_DEFAULT,template:721
80700,30,Forest Spider,12,,INCLUDED,PREDATOR,FULL_AGENT,predator,NO,ACCEPTED_DEFAULT,template:30
80701,116,Defias Bandit,12,,INCLUDED,HOSTILE_HUMANOID,FULL_AGENT,hostile_humanoid,NO,ACCEPTED_DEFAULT,template:116
80702,524,Rockhide Boar,12,,INCLUDED,PREY_FAUNA,LIGHTWEIGHT_BACKGROUND,fauna,NO,ACCEPTED_DEFAULT,template:524
80703,883,Deer,12,,INCLUDED,PREY_FAUNA,LIGHTWEIGHT_BACKGROUND,fauna,NO,ACCEPTED_DEFAULT,template:883
80705,524,Rockhide Boar,12,,INCLUDED,PREY_FAUNA,LIGHTWEIGHT_BACKGROUND,fauna,NO,ACCEPTED_DEFAULT,template:524
80706,116,Defias Bandit,12,,INCLUDED,HOSTILE_HUMANOID,FULL_AGENT,hostile_humanoid,NO,ACCEPTED_DEFAULT,template:116
80707,2442,Cow,12,,INCLUDED,PREY_FAUNA,LIGHTWEIGHT_BACKGROUND,fauna,NO,ACCEPTED_DEFAULT,template:2442
80709,116,Defias Bandit,12,,INCLUDED,HOSTILE_HUMANOID,FULL_AGENT,hostile_humanoid,NO,ACCEPTED_DEFAULT,template:116
80710,116,Defias Bandit,12,,INCLUDED,HOSTILE_HUMANOID,FULL_AGENT,hostile_humanoid,NO,ACCEPTED_DEFAULT,template:116
80711,524,Rockhide Boar,12,,INCLUDED,PREY_FAUNA,LIGHTWEIGHT_BACKGROUND,fauna,NO,ACCEPTED_DEFAULT,template:524
80713,524,Rockhide Boar,12,,INCLUDED,PREY_FAUNA,LIGHTWEIGHT_BACKGROUND,fauna,NO,ACCEPTED_DEFAULT,template:524
80714,524,Rockhide Boar,12,,INCLUDED,PREY_FAUNA,LIGHTWEIGHT_BACKGROUND,fauna,NO,ACCEPTED_DEFAULT,template:524
80716,524,Rockhide Boar,12,,INCLUDED,PREY_FAUNA,LIGHTWEIGHT_BACKGROUND,fauna,NO,ACCEPTED_DEFAULT,template:524
80717,524,Rockhide Boar,12,,INCLUDED,PREY_FAUNA,LIGHTWEIGHT_BACKGROUND,fauna,NO,ACCEPTED_DEFAULT,template:524
80718,116,Defias Bandit,12,,INCLUDED,HOSTILE_HUMANOID,FULL_AGENT,hostile_humanoid,NO,ACCEPTED_DEFAULT,template:116
80719,1933,Sheep,12,,INCLUDED,PREY_FAUNA,LIGHTWEIGHT_BACKGROUND,fauna,NO,ACCEPTED_DEFAULT,template:1933
80720,524,Rockhide Boar,12,,INCLUDED,PREY_FAUNA,LIGHTWEIGHT_BACKGROUND,fauna,NO,ACCEPTED_DEFAULT,template:524
80721,116,Defias Bandit,797,,INCLUDED,HOSTILE_HUMANOID,FULL_AGENT,hostile_humanoid,NO,ACCEPTED_DEFAULT,template:116
80722,524,Rockhide Boar,797,,INCLUDED,PREY_FAUNA,LIGHTWEIGHT_BACKGROUND,fauna,NO,ACCEPTED_DEFAULT,template:524
80723,116,Defias Bandit,797,,INCLUDED,HOSTILE_HUMANOID,FULL_AGENT,hostile_humanoid,NO,ACCEPTED_DEFAULT,template:116
80724,883,Deer,797,,INCLUDED,PREY_FAUNA,LIGHTWEIGHT_BACKGROUND,fauna,NO,ACCEPTED_DEFAULT,template:883
80725,116,Defias Bandit,797,,INCLUDED,HOSTILE_HUMANOID,FULL_AGENT,hostile_humanoid,NO,ACCEPTED_DEFAULT,template:116
80726,524,Rockhide Boar,797,,INCLUDED,PREY_FAUNA,LIGHTWEIGHT_BACKGROUND,fauna,NO,ACCEPTED_DEFAULT,template:524
80727,883,Deer,797,,INCLUDED,PREY_FAUNA,LIGHTWEIGHT_BACKGROUND,fauna,NO,ACCEPTED_DEFAULT,template:883
80728,721,Rabbit,797,,INCLUDED,PREY_FAUNA,LIGHTWEIGHT_BACKGROUND,fauna,NO,ACCEPTED_DEFAULT,template:721
80730,6927,Defias Dockworker,797,,INCLUDED,HOSTILE_HUMANOID,FULL_AGENT,hostile_humanoid,NO,ACCEPTED_DEFAULT,template:6927
80732,6927,Defias Dockworker,797,,INCLUDED,HOSTILE_HUMANOID,FULL_AGENT,hostile_humanoid,NO,ACCEPTED_DEFAULT,template:6927
80733,116,Defias Bandit,797,,INCLUDED,HOSTILE_HUMANOID,FULL_AGENT,hostile_humanoid,NO,ACCEPTED_DEFAULT,template:116
80734,620,Chicken,797,,INCLUDED,PREY_FAUNA,LIGHTWEIGHT_BACKGROUND,fauna,NO,ACCEPTED_DEFAULT,template:620
80735,620,Chicken,797,,INCLUDED,PREY_FAUNA,LIGHTWEIGHT_BACKGROUND,fauna,NO,ACCEPTED_DEFAULT,template:620
80736,620,Chicken,797,,INCLUDED,PREY_FAUNA,LIGHTWEIGHT_BACKGROUND,fauna,NO,ACCEPTED_DEFAULT,template:620
80737,6846,Defias Dockmaster,797,,INCLUDED,HOSTILE_HUMANOID,FULL_AGENT,hostile_humanoid,YES,ACCEPTED_DEFAULT,template:6846
80738,883,Deer,64,,INCLUDED,PREY_FAUNA,LIGHTWEIGHT_BACKGROUND,fauna,NO,ACCEPTED_DEFAULT,template:883
80739,524,Rockhide Boar,64,,INCLUDED,PREY_FAUNA,LIGHTWEIGHT_BACKGROUND,fauna,NO,ACCEPTED_DEFAULT,template:524
80740,524,Rockhide Boar,797,,INCLUDED,PREY_FAUNA,LIGHTWEIGHT_BACKGROUND,fauna,NO,ACCEPTED_DEFAULT,template:524
80741,524,Rockhide Boar,64,,INCLUDED,PREY_FAUNA,LIGHTWEIGHT_BACKGROUND,fauna,NO,ACCEPTED_DEFAULT,template:524
80742,116,Defias Bandit,797,,INCLUDED,HOSTILE_HUMANOID,FULL_AGENT,hostile_humanoid,NO,ACCEPTED_DEFAULT,template:116
80744,474,Defias Rogue Wizard,797,,INCLUDED,HOSTILE_HUMANOID,FULL_AGENT,hostile_humanoid,NO,ACCEPTED_DEFAULT,template:474
80745,524,Rockhide Boar,12,,INCLUDED,PREY_FAUNA,LIGHTWEIGHT_BACKGROUND,fauna,NO,ACCEPTED_DEFAULT,template:524
80746,116,Defias Bandit,12,,INCLUDED,HOSTILE_HUMANOID,FULL_AGENT,hostile_humanoid,NO,ACCEPTED_DEFAULT,template:116
80747,116,Defias Bandit,797,,INCLUDED,HOSTILE_HUMANOID,FULL_AGENT,hostile_humanoid,NO,ACCEPTED_DEFAULT,template:116
80748,116,Defias Bandit,797,,INCLUDED,HOSTILE_HUMANOID,FULL_AGENT,hostile_humanoid,NO,ACCEPTED_DEFAULT,template:116
80749,524,Rockhide Boar,12,,INCLUDED,PREY_FAUNA,LIGHTWEIGHT_BACKGROUND,fauna,NO,ACCEPTED_DEFAULT,template:524
80750,883,Deer,12,,INCLUDED,PREY_FAUNA,LIGHTWEIGHT_BACKGROUND,fauna,NO,ACCEPTED_DEFAULT,template:883
80751,524,Rockhide Boar,12,,INCLUDED,PREY_FAUNA,LIGHTWEIGHT_BACKGROUND,fauna,NO,ACCEPTED_DEFAULT,template:524
80752,524,Rockhide Boar,12,,INCLUDED,PREY_FAUNA,LIGHTWEIGHT_BACKGROUND,fauna,NO,ACCEPTED_DEFAULT,template:524
80753,524,Rockhide Boar,12,,INCLUDED,PREY_FAUNA,LIGHTWEIGHT_BACKGROUND,fauna,NO,ACCEPTED_DEFAULT,template:524
80755,883,Deer,12,,INCLUDED,PREY_FAUNA,LIGHTWEIGHT_BACKGROUND,fauna,NO,ACCEPTED_DEFAULT,template:883
80756,524,Rockhide Boar,12,,INCLUDED,PREY_FAUNA,LIGHTWEIGHT_BACKGROUND,fauna,NO,ACCEPTED_DEFAULT,template:524
80757,524,Rockhide Boar,12,,INCLUDED,PREY_FAUNA,LIGHTWEIGHT_BACKGROUND,fauna,NO,ACCEPTED_DEFAULT,template:524
80759,735,Murloc Streamrunner,18,,INCLUDED,HOSTILE_HUMANOID,FULL_AGENT,hostile_humanoid,NO,ACCEPTED_DEFAULT,template:735
80761,721,Rabbit,12,,INCLUDED,PREY_FAUNA,LIGHTWEIGHT_BACKGROUND,fauna,NO,ACCEPTED_DEFAULT,template:721
80762,2442,Cow,12,,INCLUDED,PREY_FAUNA,LIGHTWEIGHT_BACKGROUND,fauna,NO,ACCEPTED_DEFAULT,template:2442
80763,524,Rockhide Boar,12,,INCLUDED,PREY_FAUNA,LIGHTWEIGHT_BACKGROUND,fauna,NO,ACCEPTED_DEFAULT,template:524
80764,721,Rabbit,12,,INCLUDED,PREY_FAUNA,LIGHTWEIGHT_BACKGROUND,fauna,NO,ACCEPTED_DEFAULT,template:721
80765,735,Murloc Streamrunner,18,,INCLUDED,HOSTILE_HUMANOID,FULL_AGENT,hostile_humanoid,NO,ACCEPTED_DEFAULT,template:735
80767,2442,Cow,18,,INCLUDED,PREY_FAUNA,LIGHTWEIGHT_BACKGROUND,fauna,NO,ACCEPTED_DEFAULT,template:2442
80768,524,Rockhide Boar,12,,INCLUDED,PREY_FAUNA,LIGHTWEIGHT_BACKGROUND,fauna,NO,ACCEPTED_DEFAULT,template:524
80769,721,Rabbit,12,,INCLUDED,PREY_FAUNA,LIGHTWEIGHT_BACKGROUND,fauna,NO,ACCEPTED_DEFAULT,template:721
80770,524,Rockhide Boar,12,,INCLUDED,PREY_FAUNA,LIGHTWEIGHT_BACKGROUND,fauna,NO,ACCEPTED_DEFAULT,template:524
80771,524,Rockhide Boar,12,,INCLUDED,PREY_FAUNA,LIGHTWEIGHT_BACKGROUND,fauna,NO,ACCEPTED_DEFAULT,template:524
80773,2442,Cow,12,,INCLUDED,PREY_FAUNA,LIGHTWEIGHT_BACKGROUND,fauna,NO,ACCEPTED_DEFAULT,template:2442
80774,524,Rockhide Boar,12,,INCLUDED,PREY_FAUNA,LIGHTWEIGHT_BACKGROUND,fauna,NO,ACCEPTED_DEFAULT,template:524
80775,524,Rockhide Boar,12,,INCLUDED,PREY_FAUNA,LIGHTWEIGHT_BACKGROUND,fauna,NO,ACCEPTED_DEFAULT,template:524
80776,524,Rockhide Boar,12,,INCLUDED,PREY_FAUNA,LIGHTWEIGHT_BACKGROUND,fauna,NO,ACCEPTED_DEFAULT,template:524
80777,524,Rockhide Boar,12,,INCLUDED,PREY_FAUNA,LIGHTWEIGHT_BACKGROUND,fauna,NO,ACCEPTED_DEFAULT,template:524
80778,524,Rockhide Boar,12,,INCLUDED,PREY_FAUNA,LIGHTWEIGHT_BACKGROUND,fauna,NO,ACCEPTED_DEFAULT,template:524
80779,2442,Cow,12,,INCLUDED,PREY_FAUNA,LIGHTWEIGHT_BACKGROUND,fauna,NO,ACCEPTED_DEFAULT,template:2442
80780,721,Rabbit,12,,INCLUDED,PREY_FAUNA,LIGHTWEIGHT_BACKGROUND,fauna,NO,ACCEPTED_DEFAULT,template:721
80781,883,Deer,12,,INCLUDED,PREY_FAUNA,LIGHTWEIGHT_BACKGROUND,fauna,NO,ACCEPTED_DEFAULT,template:883
80782,524,Rockhide Boar,12,,INCLUDED,PREY_FAUNA,LIGHTWEIGHT_BACKGROUND,fauna,NO,ACCEPTED_DEFAULT,template:524
80783,524,Rockhide Boar,12,,INCLUDED,PREY_FAUNA,LIGHTWEIGHT_BACKGROUND,fauna,NO,ACCEPTED_DEFAULT,template:524
80784,1933,Sheep,12,,INCLUDED,PREY_FAUNA,LIGHTWEIGHT_BACKGROUND,fauna,NO,ACCEPTED_DEFAULT,template:1933
80785,524,Rockhide Boar,12,,INCLUDED,PREY_FAUNA,LIGHTWEIGHT_BACKGROUND,fauna,NO,ACCEPTED_DEFAULT,template:524
80787,524,Rockhide Boar,12,,INCLUDED,PREY_FAUNA,LIGHTWEIGHT_BACKGROUND,fauna,NO,ACCEPTED_DEFAULT,template:524
80788,46,Murloc Forager,12,,INCLUDED,HOSTILE_HUMANOID,FULL_AGENT,hostile_humanoid,NO,ACCEPTED_DEFAULT,template:46
80789,524,Rockhide Boar,12,,INCLUDED,PREY_FAUNA,LIGHTWEIGHT_BACKGROUND,fauna,NO,ACCEPTED_DEFAULT,template:524
80790,524,Rockhide Boar,12,,INCLUDED,PREY_FAUNA,LIGHTWEIGHT_BACKGROUND,fauna,NO,ACCEPTED_DEFAULT,template:524
80791,46,Murloc Forager,12,,INCLUDED,HOSTILE_HUMANOID,FULL_AGENT,hostile_humanoid,NO,ACCEPTED_DEFAULT,template:46
80793,46,Murloc Forager,12,,INCLUDED,HOSTILE_HUMANOID,FULL_AGENT,hostile_humanoid,NO,ACCEPTED_DEFAULT,template:46
80794,524,Rockhide Boar,12,,INCLUDED,PREY_FAUNA,LIGHTWEIGHT_BACKGROUND,fauna,NO,ACCEPTED_DEFAULT,template:524
80796,524,Rockhide Boar,12,,INCLUDED,PREY_FAUNA,LIGHTWEIGHT_BACKGROUND,fauna,NO,ACCEPTED_DEFAULT,template:524
80797,524,Rockhide Boar,12,,INCLUDED,PREY_FAUNA,LIGHTWEIGHT_BACKGROUND,fauna,NO,ACCEPTED_DEFAULT,template:524
80798,721,Rabbit,12,,INCLUDED,PREY_FAUNA,LIGHTWEIGHT_BACKGROUND,fauna,NO,ACCEPTED_DEFAULT,template:721
80799,1933,Sheep,12,,INCLUDED,PREY_FAUNA,LIGHTWEIGHT_BACKGROUND,fauna,NO,ACCEPTED_DEFAULT,template:1933
80800,2442,Cow,12,,INCLUDED,PREY_FAUNA,LIGHTWEIGHT_BACKGROUND,fauna,NO,ACCEPTED_DEFAULT,template:2442
80801,883,Deer,12,,INCLUDED,PREY_FAUNA,LIGHTWEIGHT_BACKGROUND,fauna,NO,ACCEPTED_DEFAULT,template:883
80802,524,Rockhide Boar,12,,INCLUDED,PREY_FAUNA,LIGHTWEIGHT_BACKGROUND,fauna,NO,ACCEPTED_DEFAULT,template:524
80803,721,Rabbit,12,,INCLUDED,PREY_FAUNA,LIGHTWEIGHT_BACKGROUND,fauna,NO,ACCEPTED_DEFAULT,template:721
80804,524,Rockhide Boar,12,,INCLUDED,PREY_FAUNA,LIGHTWEIGHT_BACKGROUND,fauna,NO,ACCEPTED_DEFAULT,template:524
80805,524,Rockhide Boar,12,,INCLUDED,PREY_FAUNA,LIGHTWEIGHT_BACKGROUND,fauna,NO,ACCEPTED_DEFAULT,template:524
80806,524,Rockhide Boar,12,,INCLUDED,PREY_FAUNA,LIGHTWEIGHT_BACKGROUND,fauna,NO,ACCEPTED_DEFAULT,template:524
80807,524,Rockhide Boar,12,,INCLUDED,PREY_FAUNA,LIGHTWEIGHT_BACKGROUND,fauna,NO,ACCEPTED_DEFAULT,template:524
80808,524,Rockhide Boar,12,,INCLUDED,PREY_FAUNA,LIGHTWEIGHT_BACKGROUND,fauna,NO,ACCEPTED_DEFAULT,template:524
80809,2442,Cow,12,,INCLUDED,PREY_FAUNA,LIGHTWEIGHT_BACKGROUND,fauna,NO,ACCEPTED_DEFAULT,template:2442
80811,721,Rabbit,12,,INCLUDED,PREY_FAUNA,LIGHTWEIGHT_BACKGROUND,fauna,NO,ACCEPTED_DEFAULT,template:721
80812,524,Rockhide Boar,12,,INCLUDED,PREY_FAUNA,LIGHTWEIGHT_BACKGROUND,fauna,NO,ACCEPTED_DEFAULT,template:524
80813,524,Rockhide Boar,12,,INCLUDED,PREY_FAUNA,LIGHTWEIGHT_BACKGROUND,fauna,NO,ACCEPTED_DEFAULT,template:524
80815,46,Murloc Forager,12,,INCLUDED,HOSTILE_HUMANOID,FULL_AGENT,hostile_humanoid,NO,ACCEPTED_DEFAULT,template:46
80816,524,Rockhide Boar,12,,INCLUDED,PREY_FAUNA,LIGHTWEIGHT_BACKGROUND,fauna,NO,ACCEPTED_DEFAULT,template:524
80817,524,Rockhide Boar,12,,INCLUDED,PREY_FAUNA,LIGHTWEIGHT_BACKGROUND,fauna,NO,ACCEPTED_DEFAULT,template:524
80818,46,Murloc Forager,12,,INCLUDED,HOSTILE_HUMANOID,FULL_AGENT,hostile_humanoid,NO,ACCEPTED_DEFAULT,template:46
80819,524,Rockhide Boar,12,,INCLUDED,PREY_FAUNA,LIGHTWEIGHT_BACKGROUND,fauna,NO,ACCEPTED_DEFAULT,template:524
80820,524,Rockhide Boar,12,,INCLUDED,PREY_FAUNA,LIGHTWEIGHT_BACKGROUND,fauna,NO,ACCEPTED_DEFAULT,template:524
80821,524,Rockhide Boar,62,,INCLUDED,PREY_FAUNA,LIGHTWEIGHT_BACKGROUND,fauna,NO,ACCEPTED_DEFAULT,template:524
80822,524,Rockhide Boar,62,,INCLUDED,PREY_FAUNA,LIGHTWEIGHT_BACKGROUND,fauna,NO,ACCEPTED_DEFAULT,template:524
80823,46,Murloc Forager,12,,INCLUDED,HOSTILE_HUMANOID,FULL_AGENT,hostile_humanoid,NO,ACCEPTED_DEFAULT,template:46
80824,524,Rockhide Boar,12,,INCLUDED,PREY_FAUNA,LIGHTWEIGHT_BACKGROUND,fauna,NO,ACCEPTED_DEFAULT,template:524
80826,1933,Sheep,62,,INCLUDED,PREY_FAUNA,LIGHTWEIGHT_BACKGROUND,fauna,NO,ACCEPTED_DEFAULT,template:1933
80827,2442,Cow,62,,INCLUDED,PREY_FAUNA,LIGHTWEIGHT_BACKGROUND,fauna,NO,ACCEPTED_DEFAULT,template:2442
80829,524,Rockhide Boar,62,,INCLUDED,PREY_FAUNA,LIGHTWEIGHT_BACKGROUND,fauna,NO,ACCEPTED_DEFAULT,template:524
80830,1933,Sheep,12,,INCLUDED,PREY_FAUNA,LIGHTWEIGHT_BACKGROUND,fauna,NO,ACCEPTED_DEFAULT,template:1933
80831,524,Rockhide Boar,62,,INCLUDED,PREY_FAUNA,LIGHTWEIGHT_BACKGROUND,fauna,NO,ACCEPTED_DEFAULT,template:524
80832,524,Rockhide Boar,62,,INCLUDED,PREY_FAUNA,LIGHTWEIGHT_BACKGROUND,fauna,NO,ACCEPTED_DEFAULT,template:524
80833,524,Rockhide Boar,12,,INCLUDED,PREY_FAUNA,LIGHTWEIGHT_BACKGROUND,fauna,NO,ACCEPTED_DEFAULT,template:524
80834,524,Rockhide Boar,12,,INCLUDED,PREY_FAUNA,LIGHTWEIGHT_BACKGROUND,fauna,NO,ACCEPTED_DEFAULT,template:524
80835,116,Defias Bandit,62,,INCLUDED,HOSTILE_HUMANOID,FULL_AGENT,hostile_humanoid,NO,ACCEPTED_DEFAULT,template:116
80836,116,Defias Bandit,62,,INCLUDED,HOSTILE_HUMANOID,FULL_AGENT,hostile_humanoid,NO,ACCEPTED_DEFAULT,template:116
80837,721,Rabbit,62,,INCLUDED,PREY_FAUNA,LIGHTWEIGHT_BACKGROUND,fauna,NO,ACCEPTED_DEFAULT,template:721
80838,524,Rockhide Boar,62,,INCLUDED,PREY_FAUNA,LIGHTWEIGHT_BACKGROUND,fauna,NO,ACCEPTED_DEFAULT,template:524
80839,524,Rockhide Boar,62,,INCLUDED,PREY_FAUNA,LIGHTWEIGHT_BACKGROUND,fauna,NO,ACCEPTED_DEFAULT,template:524
80840,524,Rockhide Boar,62,,INCLUDED,PREY_FAUNA,LIGHTWEIGHT_BACKGROUND,fauna,NO,ACCEPTED_DEFAULT,template:524
80841,116,Defias Bandit,62,,INCLUDED,HOSTILE_HUMANOID,FULL_AGENT,hostile_humanoid,NO,ACCEPTED_DEFAULT,template:116
80842,524,Rockhide Boar,62,,INCLUDED,PREY_FAUNA,LIGHTWEIGHT_BACKGROUND,fauna,NO,ACCEPTED_DEFAULT,template:524
80843,46,Murloc Forager,62,,INCLUDED,HOSTILE_HUMANOID,FULL_AGENT,hostile_humanoid,NO,ACCEPTED_DEFAULT,template:46
80844,116,Defias Bandit,62,,INCLUDED,HOSTILE_HUMANOID,FULL_AGENT,hostile_humanoid,NO,ACCEPTED_DEFAULT,template:116
80845,721,Rabbit,62,,INCLUDED,PREY_FAUNA,LIGHTWEIGHT_BACKGROUND,fauna,NO,ACCEPTED_DEFAULT,template:721
80846,46,Murloc Forager,62,,INCLUDED,HOSTILE_HUMANOID,FULL_AGENT,hostile_humanoid,NO,ACCEPTED_DEFAULT,template:46
80847,524,Rockhide Boar,62,,INCLUDED,PREY_FAUNA,LIGHTWEIGHT_BACKGROUND,fauna,NO,ACCEPTED_DEFAULT,template:524
80848,390,Porcine Entourage,62,,INCLUDED,PREY_FAUNA,LIGHTWEIGHT_BACKGROUND,fauna,NO,ACCEPTED_DEFAULT,template:390
80849,330,Princess,62,,INCLUDED,PREY_FAUNA,LIGHTWEIGHT_BACKGROUND,fauna,NO,ACCEPTED_DEFAULT,template:330
80850,390,Porcine Entourage,62,,INCLUDED,PREY_FAUNA,LIGHTWEIGHT_BACKGROUND,fauna,NO,ACCEPTED_DEFAULT,template:390
80851,116,Defias Bandit,62,,INCLUDED,HOSTILE_HUMANOID,FULL_AGENT,hostile_humanoid,NO,ACCEPTED_DEFAULT,template:116
80852,721,Rabbit,62,,INCLUDED,PREY_FAUNA,LIGHTWEIGHT_BACKGROUND,fauna,NO,ACCEPTED_DEFAULT,template:721
80853,473,Morgan the Collector,62,,INCLUDED,HOSTILE_HUMANOID,FULL_AGENT,hostile_humanoid,YES,ACCEPTED_DEFAULT,template:473
80854,881,Surena Caledon,62,,INCLUDED,HOSTILE_HUMANOID,FULL_AGENT,hostile_humanoid,YES,ACCEPTED_DEFAULT,template:881
80855,880,Erlan Drudgemoor,62,,INCLUDED,HOSTILE_HUMANOID,FULL_AGENT,hostile_humanoid,YES,ACCEPTED_DEFAULT,template:880
80856,524,Rockhide Boar,62,,INCLUDED,PREY_FAUNA,LIGHTWEIGHT_BACKGROUND,fauna,NO,ACCEPTED_DEFAULT,template:524
80857,721,Rabbit,62,,INCLUDED,PREY_FAUNA,LIGHTWEIGHT_BACKGROUND,fauna,NO,ACCEPTED_DEFAULT,template:721
80858,524,Rockhide Boar,62,,INCLUDED,PREY_FAUNA,LIGHTWEIGHT_BACKGROUND,fauna,NO,ACCEPTED_DEFAULT,template:524
80859,524,Rockhide Boar,62,,INCLUDED,PREY_FAUNA,LIGHTWEIGHT_BACKGROUND,fauna,NO,ACCEPTED_DEFAULT,template:524
80861,2442,Cow,62,,INCLUDED,PREY_FAUNA,LIGHTWEIGHT_BACKGROUND,fauna,NO,ACCEPTED_DEFAULT,template:2442
80863,524,Rockhide Boar,62,,INCLUDED,PREY_FAUNA,LIGHTWEIGHT_BACKGROUND,fauna,NO,ACCEPTED_DEFAULT,template:524
80864,116,Defias Bandit,62,,INCLUDED,HOSTILE_HUMANOID,FULL_AGENT,hostile_humanoid,NO,ACCEPTED_DEFAULT,template:116
80865,524,Rockhide Boar,62,,INCLUDED,PREY_FAUNA,LIGHTWEIGHT_BACKGROUND,fauna,NO,ACCEPTED_DEFAULT,template:524
80866,116,Defias Bandit,62,,INCLUDED,HOSTILE_HUMANOID,FULL_AGENT,hostile_humanoid,NO,ACCEPTED_DEFAULT,template:116
80867,116,Defias Bandit,62,,INCLUDED,HOSTILE_HUMANOID,FULL_AGENT,hostile_humanoid,NO,ACCEPTED_DEFAULT,template:116
80868,116,Defias Bandit,62,,INCLUDED,HOSTILE_HUMANOID,FULL_AGENT,hostile_humanoid,NO,ACCEPTED_DEFAULT,template:116
80869,524,Rockhide Boar,62,,INCLUDED,PREY_FAUNA,LIGHTWEIGHT_BACKGROUND,fauna,NO,ACCEPTED_DEFAULT,template:524
80870,524,Rockhide Boar,62,,INCLUDED,PREY_FAUNA,LIGHTWEIGHT_BACKGROUND,fauna,NO,ACCEPTED_DEFAULT,template:524
80871,883,Deer,62,,INCLUDED,PREY_FAUNA,LIGHTWEIGHT_BACKGROUND,fauna,NO,ACCEPTED_DEFAULT,template:883
80872,524,Rockhide Boar,62,,INCLUDED,PREY_FAUNA,LIGHTWEIGHT_BACKGROUND,fauna,NO,ACCEPTED_DEFAULT,template:524
80873,524,Rockhide Boar,62,,INCLUDED,PREY_FAUNA,LIGHTWEIGHT_BACKGROUND,fauna,NO,ACCEPTED_DEFAULT,template:524
80874,118,Prowler,12,,INCLUDED,PREDATOR,FULL_AGENT,predator,NO,ACCEPTED_DEFAULT,template:118
80875,524,Rockhide Boar,62,,INCLUDED,PREY_FAUNA,LIGHTWEIGHT_BACKGROUND,fauna,NO,ACCEPTED_DEFAULT,template:524
80876,1423,Stormwind Guard,12,,INCLUDED,GUARD,FULL_AGENT,guard,NO,ACCEPTED_DEFAULT,template:1423
80877,1423,Stormwind Guard,12,,INCLUDED,GUARD,FULL_AGENT,guard,NO,ACCEPTED_DEFAULT,template:1423
80878,118,Prowler,12,,INCLUDED,PREDATOR,FULL_AGENT,predator,NO,ACCEPTED_DEFAULT,template:118
80879,1423,Stormwind Guard,12,,INCLUDED,GUARD,FULL_AGENT,guard,NO,ACCEPTED_DEFAULT,template:1423
80880,261,Guard Thomas,12,,INCLUDED,GUARD,FULL_AGENT,guard,YES,ACCEPTED_DEFAULT,template:261
80881,1423,Stormwind Guard,12,,INCLUDED,GUARD,FULL_AGENT,guard,NO,ACCEPTED_DEFAULT,template:1423
80882,2442,Cow,12,,INCLUDED,PREY_FAUNA,LIGHTWEIGHT_BACKGROUND,fauna,NO,ACCEPTED_DEFAULT,template:2442
80883,1922,Gray Forest Wolf,12,,INCLUDED,PREDATOR,FULL_AGENT,predator,NO,ACCEPTED_DEFAULT,template:1922
80885,1922,Gray Forest Wolf,12,,INCLUDED,PREDATOR,FULL_AGENT,predator,NO,ACCEPTED_DEFAULT,template:1922
80886,1922,Gray Forest Wolf,12,,INCLUDED,PREDATOR,FULL_AGENT,predator,NO,ACCEPTED_DEFAULT,template:1922
80887,1922,Gray Forest Wolf,12,,INCLUDED,PREDATOR,FULL_AGENT,predator,NO,ACCEPTED_DEFAULT,template:1922
80888,118,Prowler,88,,INCLUDED,PREDATOR,FULL_AGENT,predator,NO,ACCEPTED_DEFAULT,template:118
80889,2442,Cow,12,,INCLUDED,PREY_FAUNA,LIGHTWEIGHT_BACKGROUND,fauna,NO,ACCEPTED_DEFAULT,template:2442
80890,1922,Gray Forest Wolf,12,,INCLUDED,PREDATOR,FULL_AGENT,predator,NO,ACCEPTED_DEFAULT,template:1922
80891,118,Prowler,12,,INCLUDED,PREDATOR,FULL_AGENT,predator,NO,ACCEPTED_DEFAULT,template:118
80892,118,Prowler,12,,INCLUDED,PREDATOR,FULL_AGENT,predator,NO,ACCEPTED_DEFAULT,template:118
80893,118,Prowler,12,,INCLUDED,PREDATOR,FULL_AGENT,predator,NO,ACCEPTED_DEFAULT,template:118
80894,118,Prowler,12,,INCLUDED,PREDATOR,FULL_AGENT,predator,NO,ACCEPTED_DEFAULT,template:118
80895,1922,Gray Forest Wolf,12,,INCLUDED,PREDATOR,FULL_AGENT,predator,NO,ACCEPTED_DEFAULT,template:1922
80896,1922,Gray Forest Wolf,12,,INCLUDED,PREDATOR,FULL_AGENT,predator,NO,ACCEPTED_DEFAULT,template:1922
80897,1922,Gray Forest Wolf,12,,INCLUDED,PREDATOR,FULL_AGENT,predator,NO,ACCEPTED_DEFAULT,template:1922
80898,1922,Gray Forest Wolf,86,,INCLUDED,PREDATOR,FULL_AGENT,predator,NO,ACCEPTED_DEFAULT,template:1922
80900,2442,Cow,12,,INCLUDED,PREY_FAUNA,LIGHTWEIGHT_BACKGROUND,fauna,NO,ACCEPTED_DEFAULT,template:2442
80901,1922,Gray Forest Wolf,12,,INCLUDED,PREDATOR,FULL_AGENT,predator,NO,ACCEPTED_DEFAULT,template:1922
80902,1922,Gray Forest Wolf,12,,INCLUDED,PREDATOR,FULL_AGENT,predator,NO,ACCEPTED_DEFAULT,template:1922
80903,2442,Cow,12,,INCLUDED,PREY_FAUNA,LIGHTWEIGHT_BACKGROUND,fauna,NO,ACCEPTED_DEFAULT,template:2442
80904,1922,Gray Forest Wolf,12,,INCLUDED,PREDATOR,FULL_AGENT,predator,NO,ACCEPTED_DEFAULT,template:1922
80905,1922,Gray Forest Wolf,12,,INCLUDED,PREDATOR,FULL_AGENT,predator,NO,ACCEPTED_DEFAULT,template:1922
80906,1922,Gray Forest Wolf,12,,INCLUDED,PREDATOR,FULL_AGENT,predator,NO,ACCEPTED_DEFAULT,template:1922
80907,1922,Gray Forest Wolf,86,,INCLUDED,PREDATOR,FULL_AGENT,predator,NO,ACCEPTED_DEFAULT,template:1922
80908,1922,Gray Forest Wolf,86,,INCLUDED,PREDATOR,FULL_AGENT,predator,NO,ACCEPTED_DEFAULT,template:1922
80909,1922,Gray Forest Wolf,12,,INCLUDED,PREDATOR,FULL_AGENT,predator,NO,ACCEPTED_DEFAULT,template:1922
80910,1922,Gray Forest Wolf,12,,INCLUDED,PREDATOR,FULL_AGENT,predator,NO,ACCEPTED_DEFAULT,template:1922
80912,1922,Gray Forest Wolf,12,,INCLUDED,PREDATOR,FULL_AGENT,predator,NO,ACCEPTED_DEFAULT,template:1922
80913,1922,Gray Forest Wolf,12,,INCLUDED,PREDATOR,FULL_AGENT,predator,NO,ACCEPTED_DEFAULT,template:1922
80914,1922,Gray Forest Wolf,12,,INCLUDED,PREDATOR,FULL_AGENT,predator,NO,ACCEPTED_DEFAULT,template:1922
80916,1922,Gray Forest Wolf,91,,INCLUDED,PREDATOR,FULL_AGENT,predator,NO,ACCEPTED_DEFAULT,template:1922
80917,1922,Gray Forest Wolf,54,,INCLUDED,PREDATOR,FULL_AGENT,predator,NO,ACCEPTED_DEFAULT,template:1922
80918,1922,Gray Forest Wolf,12,,INCLUDED,PREDATOR,FULL_AGENT,predator,NO,ACCEPTED_DEFAULT,template:1922
80919,1922,Gray Forest Wolf,91,,INCLUDED,PREDATOR,FULL_AGENT,predator,NO,ACCEPTED_DEFAULT,template:1922
80920,2442,Cow,91,,INCLUDED,PREY_FAUNA,LIGHTWEIGHT_BACKGROUND,fauna,NO,ACCEPTED_DEFAULT,template:2442
80921,1922,Gray Forest Wolf,91,,INCLUDED,PREDATOR,FULL_AGENT,predator,NO,ACCEPTED_DEFAULT,template:1922
80922,524,Rockhide Boar,12,,INCLUDED,PREY_FAUNA,LIGHTWEIGHT_BACKGROUND,fauna,NO,ACCEPTED_DEFAULT,template:524
80923,883,Deer,12,,INCLUDED,PREY_FAUNA,LIGHTWEIGHT_BACKGROUND,fauna,NO,ACCEPTED_DEFAULT,template:883
80924,1949,Servant of Azora,91,,INCLUDED,CIVILIAN,FULL_AGENT,civilian,NO,MANUAL_REVIEW,template:1949
80925,1949,Servant of Azora,91,,INCLUDED,CIVILIAN,FULL_AGENT,civilian,NO,MANUAL_REVIEW,template:1949
80926,1949,Servant of Azora,91,,INCLUDED,CIVILIAN,FULL_AGENT,civilian,NO,MANUAL_REVIEW,template:1949
80927,1949,Servant of Azora,91,,INCLUDED,CIVILIAN,FULL_AGENT,civilian,NO,MANUAL_REVIEW,template:1949
80928,1949,Servant of Azora,91,,INCLUDED,CIVILIAN,FULL_AGENT,civilian,NO,MANUAL_REVIEW,template:1949
80929,1949,Servant of Azora,91,,INCLUDED,CIVILIAN,FULL_AGENT,civilian,NO,MANUAL_REVIEW,template:1949
80930,1949,Servant of Azora,91,,INCLUDED,CIVILIAN,FULL_AGENT,civilian,NO,MANUAL_REVIEW,template:1949
80931,1949,Servant of Azora,91,,INCLUDED,CIVILIAN,FULL_AGENT,civilian,NO,MANUAL_REVIEW,template:1949
80932,1949,Servant of Azora,91,,INCLUDED,CIVILIAN,FULL_AGENT,civilian,NO,MANUAL_REVIEW,template:1949
80933,11072,Kitta Firewind,91,,INCLUDED,TRAINER,FULL_AGENT,Enchanting Trainer,YES,ACCEPTED_DEFAULT,template:11072
80934,313,Theocritus,91,,INCLUDED,CIVILIAN,FULL_AGENT,Mage of Tower Azora,YES,ACCEPTED_DEFAULT,template:313
80935,959,Morley Eberlein,91,,INCLUDED,MERCHANT_VENDOR,FULL_AGENT,Clothier,YES,ACCEPTED_DEFAULT,template:959
80936,1949,Servant of Azora,91,,INCLUDED,CIVILIAN,FULL_AGENT,civilian,NO,MANUAL_REVIEW,template:1949
80937,958,Dawn Brightstar,91,,INCLUDED,MERCHANT_VENDOR,FULL_AGENT,Arcane Goods,YES,ACCEPTED_DEFAULT,template:958
80938,1922,Gray Forest Wolf,91,,INCLUDED,PREDATOR,FULL_AGENT,predator,NO,ACCEPTED_DEFAULT,template:1922
80939,1922,Gray Forest Wolf,91,,INCLUDED,PREDATOR,FULL_AGENT,predator,NO,ACCEPTED_DEFAULT,template:1922
80940,1922,Gray Forest Wolf,91,,INCLUDED,PREDATOR,FULL_AGENT,predator,NO,ACCEPTED_DEFAULT,template:1922
80941,2442,Cow,91,,INCLUDED,PREY_FAUNA,LIGHTWEIGHT_BACKGROUND,fauna,NO,ACCEPTED_DEFAULT,template:2442
80942,1922,Gray Forest Wolf,91,,INCLUDED,PREDATOR,FULL_AGENT,predator,NO,ACCEPTED_DEFAULT,template:1922
80943,2442,Cow,91,,INCLUDED,PREY_FAUNA,LIGHTWEIGHT_BACKGROUND,fauna,NO,ACCEPTED_DEFAULT,template:2442
80945,1922,Gray Forest Wolf,91,,INCLUDED,PREDATOR,FULL_AGENT,predator,NO,ACCEPTED_DEFAULT,template:1922
80947,1922,Gray Forest Wolf,91,,INCLUDED,PREDATOR,FULL_AGENT,predator,NO,ACCEPTED_DEFAULT,template:1922
80948,1922,Gray Forest Wolf,91,,INCLUDED,PREDATOR,FULL_AGENT,predator,NO,ACCEPTED_DEFAULT,template:1922
80949,1922,Gray Forest Wolf,54,,INCLUDED,PREDATOR,FULL_AGENT,predator,NO,ACCEPTED_DEFAULT,template:1922
80950,40,Kobold Miner,54,,INCLUDED,HOSTILE_HUMANOID,FULL_AGENT,hostile_humanoid,NO,ACCEPTED_DEFAULT,template:40
80951,40,Kobold Miner,54,,INCLUDED,HOSTILE_HUMANOID,FULL_AGENT,hostile_humanoid,NO,ACCEPTED_DEFAULT,template:40
80952,40,Kobold Miner,54,,INCLUDED,HOSTILE_HUMANOID,FULL_AGENT,hostile_humanoid,NO,ACCEPTED_DEFAULT,template:40
80953,1922,Gray Forest Wolf,54,,INCLUDED,PREDATOR,FULL_AGENT,predator,NO,ACCEPTED_DEFAULT,template:1922
80954,476,Kobold Geomancer,54,,INCLUDED,HOSTILE_HUMANOID,FULL_AGENT,hostile_humanoid,NO,ACCEPTED_DEFAULT,template:476
80955,476,Kobold Geomancer,54,,INCLUDED,HOSTILE_HUMANOID,FULL_AGENT,hostile_humanoid,NO,ACCEPTED_DEFAULT,template:476
80956,40,Kobold Miner,54,,INCLUDED,HOSTILE_HUMANOID,FULL_AGENT,hostile_humanoid,NO,ACCEPTED_DEFAULT,template:40
80957,476,Kobold Geomancer,54,,INCLUDED,HOSTILE_HUMANOID,FULL_AGENT,hostile_humanoid,NO,ACCEPTED_DEFAULT,template:476
80958,476,Kobold Geomancer,54,,INCLUDED,HOSTILE_HUMANOID,FULL_AGENT,hostile_humanoid,NO,ACCEPTED_DEFAULT,template:476
80959,40,Kobold Miner,54,,INCLUDED,HOSTILE_HUMANOID,FULL_AGENT,hostile_humanoid,NO,ACCEPTED_DEFAULT,template:40
80960,40,Kobold Miner,54,,INCLUDED,HOSTILE_HUMANOID,FULL_AGENT,hostile_humanoid,NO,ACCEPTED_DEFAULT,template:40
80961,40,Kobold Miner,54,,INCLUDED,HOSTILE_HUMANOID,FULL_AGENT,hostile_humanoid,NO,ACCEPTED_DEFAULT,template:40
80962,40,Kobold Miner,54,,INCLUDED,HOSTILE_HUMANOID,FULL_AGENT,hostile_humanoid,NO,ACCEPTED_DEFAULT,template:40
80963,40,Kobold Miner,54,,INCLUDED,HOSTILE_HUMANOID,FULL_AGENT,hostile_humanoid,NO,ACCEPTED_DEFAULT,template:40
80964,40,Kobold Miner,54,,INCLUDED,HOSTILE_HUMANOID,FULL_AGENT,hostile_humanoid,NO,ACCEPTED_DEFAULT,template:40
80965,40,Kobold Miner,54,,INCLUDED,HOSTILE_HUMANOID,FULL_AGENT,hostile_humanoid,NO,ACCEPTED_DEFAULT,template:40
80966,40,Kobold Miner,54,,INCLUDED,HOSTILE_HUMANOID,FULL_AGENT,hostile_humanoid,NO,ACCEPTED_DEFAULT,template:40
80967,476,Kobold Geomancer,54,,INCLUDED,HOSTILE_HUMANOID,FULL_AGENT,hostile_humanoid,NO,ACCEPTED_DEFAULT,template:476
80968,40,Kobold Miner,54,,INCLUDED,HOSTILE_HUMANOID,FULL_AGENT,hostile_humanoid,NO,ACCEPTED_DEFAULT,template:40
80969,476,Kobold Geomancer,54,,INCLUDED,HOSTILE_HUMANOID,FULL_AGENT,hostile_humanoid,NO,ACCEPTED_DEFAULT,template:476
80970,40,Kobold Miner,54,,INCLUDED,HOSTILE_HUMANOID,FULL_AGENT,hostile_humanoid,NO,ACCEPTED_DEFAULT,template:40
80971,2442,Cow,54,,INCLUDED,PREY_FAUNA,LIGHTWEIGHT_BACKGROUND,fauna,NO,ACCEPTED_DEFAULT,template:2442
80972,40,Kobold Miner,54,,INCLUDED,HOSTILE_HUMANOID,FULL_AGENT,hostile_humanoid,NO,ACCEPTED_DEFAULT,template:40
80973,40,Kobold Miner,54,,INCLUDED,HOSTILE_HUMANOID,FULL_AGENT,hostile_humanoid,NO,ACCEPTED_DEFAULT,template:40
80974,40,Kobold Miner,54,,INCLUDED,HOSTILE_HUMANOID,FULL_AGENT,hostile_humanoid,NO,ACCEPTED_DEFAULT,template:40
80975,40,Kobold Miner,54,,INCLUDED,HOSTILE_HUMANOID,FULL_AGENT,hostile_humanoid,NO,ACCEPTED_DEFAULT,template:40
80976,40,Kobold Miner,54,,INCLUDED,HOSTILE_HUMANOID,FULL_AGENT,hostile_humanoid,NO,ACCEPTED_DEFAULT,template:40
80977,476,Kobold Geomancer,54,,INCLUDED,HOSTILE_HUMANOID,FULL_AGENT,hostile_humanoid,NO,ACCEPTED_DEFAULT,template:476
80978,476,Kobold Geomancer,54,,INCLUDED,HOSTILE_HUMANOID,FULL_AGENT,hostile_humanoid,NO,ACCEPTED_DEFAULT,template:476
80979,40,Kobold Miner,54,,INCLUDED,HOSTILE_HUMANOID,FULL_AGENT,hostile_humanoid,NO,ACCEPTED_DEFAULT,template:40
80980,40,Kobold Miner,54,,INCLUDED,HOSTILE_HUMANOID,FULL_AGENT,hostile_humanoid,NO,ACCEPTED_DEFAULT,template:40
80981,40,Kobold Miner,54,,INCLUDED,HOSTILE_HUMANOID,FULL_AGENT,hostile_humanoid,NO,ACCEPTED_DEFAULT,template:40
80982,40,Kobold Miner,54,,INCLUDED,HOSTILE_HUMANOID,FULL_AGENT,hostile_humanoid,NO,ACCEPTED_DEFAULT,template:40
80983,40,Kobold Miner,54,,INCLUDED,HOSTILE_HUMANOID,FULL_AGENT,hostile_humanoid,NO,ACCEPTED_DEFAULT,template:40
80984,40,Kobold Miner,54,,INCLUDED,HOSTILE_HUMANOID,FULL_AGENT,hostile_humanoid,NO,ACCEPTED_DEFAULT,template:40
80985,40,Kobold Miner,54,,INCLUDED,HOSTILE_HUMANOID,FULL_AGENT,hostile_humanoid,NO,ACCEPTED_DEFAULT,template:40
80986,40,Kobold Miner,54,,INCLUDED,HOSTILE_HUMANOID,FULL_AGENT,hostile_humanoid,NO,ACCEPTED_DEFAULT,template:40
80987,43,Mine Spider,54,,INCLUDED,PREDATOR,FULL_AGENT,predator,NO,ACCEPTED_DEFAULT,template:43
80988,43,Mine Spider,54,,INCLUDED,PREDATOR,FULL_AGENT,predator,NO,ACCEPTED_DEFAULT,template:43
80989,471,Mother Fang,54,,INCLUDED,PREDATOR,FULL_AGENT,predator,NO,ACCEPTED_DEFAULT,template:471
80990,43,Mine Spider,54,,INCLUDED,PREDATOR,FULL_AGENT,predator,NO,ACCEPTED_DEFAULT,template:43
80991,43,Mine Spider,54,,INCLUDED,PREDATOR,FULL_AGENT,predator,NO,ACCEPTED_DEFAULT,template:43
80992,43,Mine Spider,54,,INCLUDED,PREDATOR,FULL_AGENT,predator,NO,ACCEPTED_DEFAULT,template:43
80993,43,Mine Spider,54,,INCLUDED,PREDATOR,FULL_AGENT,predator,NO,ACCEPTED_DEFAULT,template:43
80994,43,Mine Spider,54,,INCLUDED,PREDATOR,FULL_AGENT,predator,NO,ACCEPTED_DEFAULT,template:43
80995,43,Mine Spider,54,,INCLUDED,PREDATOR,FULL_AGENT,predator,NO,ACCEPTED_DEFAULT,template:43
80996,38,Defias Thug,59,,INCLUDED,HOSTILE_HUMANOID,FULL_AGENT,hostile_humanoid,NO,ACCEPTED_DEFAULT,template:38
80998,721,Rabbit,59,,INCLUDED,PREY_FAUNA,LIGHTWEIGHT_BACKGROUND,fauna,NO,ACCEPTED_DEFAULT,template:721
80999,1922,Gray Forest Wolf,54,,INCLUDED,PREDATOR,FULL_AGENT,predator,NO,ACCEPTED_DEFAULT,template:1922
81000,40,Kobold Miner,54,,INCLUDED,HOSTILE_HUMANOID,FULL_AGENT,hostile_humanoid,NO,ACCEPTED_DEFAULT,template:40
81001,1922,Gray Forest Wolf,54,,INCLUDED,PREDATOR,FULL_AGENT,predator,NO,ACCEPTED_DEFAULT,template:1922
81002,1922,Gray Forest Wolf,91,,INCLUDED,PREDATOR,FULL_AGENT,predator,NO,ACCEPTED_DEFAULT,template:1922
81003,1922,Gray Forest Wolf,91,,INCLUDED,PREDATOR,FULL_AGENT,predator,NO,ACCEPTED_DEFAULT,template:1922
81004,1922,Gray Forest Wolf,91,,INCLUDED,PREDATOR,FULL_AGENT,predator,NO,ACCEPTED_DEFAULT,template:1922
81005,1922,Gray Forest Wolf,91,,INCLUDED,PREDATOR,FULL_AGENT,predator,NO,ACCEPTED_DEFAULT,template:1922
81006,1922,Gray Forest Wolf,18,,INCLUDED,PREDATOR,FULL_AGENT,predator,NO,ACCEPTED_DEFAULT,template:1922
81007,1922,Gray Forest Wolf,54,,INCLUDED,PREDATOR,FULL_AGENT,predator,NO,ACCEPTED_DEFAULT,template:1922
81008,1922,Gray Forest Wolf,18,,INCLUDED,PREDATOR,FULL_AGENT,predator,NO,ACCEPTED_DEFAULT,template:1922
81009,1922,Gray Forest Wolf,18,,INCLUDED,PREDATOR,FULL_AGENT,predator,NO,ACCEPTED_DEFAULT,template:1922
81010,1922,Gray Forest Wolf,18,,INCLUDED,PREDATOR,FULL_AGENT,predator,NO,ACCEPTED_DEFAULT,template:1922
81011,1922,Gray Forest Wolf,18,,INCLUDED,PREDATOR,FULL_AGENT,predator,NO,ACCEPTED_DEFAULT,template:1922
81012,1922,Gray Forest Wolf,18,,INCLUDED,PREDATOR,FULL_AGENT,predator,NO,ACCEPTED_DEFAULT,template:1922
81013,1922,Gray Forest Wolf,18,,INCLUDED,PREDATOR,FULL_AGENT,predator,NO,ACCEPTED_DEFAULT,template:1922
81014,1922,Gray Forest Wolf,18,,INCLUDED,PREDATOR,FULL_AGENT,predator,NO,ACCEPTED_DEFAULT,template:1922
81015,1922,Gray Forest Wolf,18,,INCLUDED,PREDATOR,FULL_AGENT,predator,NO,ACCEPTED_DEFAULT,template:1922
81017,1922,Gray Forest Wolf,18,,INCLUDED,PREDATOR,FULL_AGENT,predator,NO,ACCEPTED_DEFAULT,template:1922
81018,2442,Cow,18,,INCLUDED,PREY_FAUNA,LIGHTWEIGHT_BACKGROUND,fauna,NO,ACCEPTED_DEFAULT,template:2442
81019,735,Murloc Streamrunner,18,,INCLUDED,HOSTILE_HUMANOID,FULL_AGENT,hostile_humanoid,NO,ACCEPTED_DEFAULT,template:735
81021,1922,Gray Forest Wolf,18,,INCLUDED,PREDATOR,FULL_AGENT,predator,NO,ACCEPTED_DEFAULT,template:1922
81022,1922,Gray Forest Wolf,18,,INCLUDED,PREDATOR,FULL_AGENT,predator,NO,ACCEPTED_DEFAULT,template:1922
81023,735,Murloc Streamrunner,18,,INCLUDED,HOSTILE_HUMANOID,FULL_AGENT,hostile_humanoid,NO,ACCEPTED_DEFAULT,template:735
81024,1922,Gray Forest Wolf,18,,INCLUDED,PREDATOR,FULL_AGENT,predator,NO,ACCEPTED_DEFAULT,template:1922
81026,285,Murloc,18,,INCLUDED,HOSTILE_HUMANOID,FULL_AGENT,hostile_humanoid,NO,ACCEPTED_DEFAULT,template:285
81030,285,Murloc,18,,INCLUDED,HOSTILE_HUMANOID,FULL_AGENT,hostile_humanoid,NO,ACCEPTED_DEFAULT,template:285
81032,883,Deer,12,,INCLUDED,PREY_FAUNA,LIGHTWEIGHT_BACKGROUND,fauna,NO,ACCEPTED_DEFAULT,template:883
81033,735,Murloc Streamrunner,18,,INCLUDED,HOSTILE_HUMANOID,FULL_AGENT,hostile_humanoid,NO,ACCEPTED_DEFAULT,template:735
81034,285,Murloc,18,,INCLUDED,HOSTILE_HUMANOID,FULL_AGENT,hostile_humanoid,NO,ACCEPTED_DEFAULT,template:285
81035,285,Murloc,18,,INCLUDED,HOSTILE_HUMANOID,FULL_AGENT,hostile_humanoid,NO,ACCEPTED_DEFAULT,template:285
81036,735,Murloc Streamrunner,18,,INCLUDED,HOSTILE_HUMANOID,FULL_AGENT,hostile_humanoid,NO,ACCEPTED_DEFAULT,template:735
81038,285,Murloc,18,,INCLUDED,HOSTILE_HUMANOID,FULL_AGENT,hostile_humanoid,NO,ACCEPTED_DEFAULT,template:285
81039,285,Murloc,18,,INCLUDED,HOSTILE_HUMANOID,FULL_AGENT,hostile_humanoid,NO,ACCEPTED_DEFAULT,template:285
81040,285,Murloc,18,,INCLUDED,HOSTILE_HUMANOID,FULL_AGENT,hostile_humanoid,NO,ACCEPTED_DEFAULT,template:285
81041,285,Murloc,18,,INCLUDED,HOSTILE_HUMANOID,FULL_AGENT,hostile_humanoid,NO,ACCEPTED_DEFAULT,template:285
81043,285,Murloc,18,,INCLUDED,HOSTILE_HUMANOID,FULL_AGENT,hostile_humanoid,NO,ACCEPTED_DEFAULT,template:285
81044,735,Murloc Streamrunner,18,,INCLUDED,HOSTILE_HUMANOID,FULL_AGENT,hostile_humanoid,NO,ACCEPTED_DEFAULT,template:735
81045,285,Murloc,18,,INCLUDED,HOSTILE_HUMANOID,FULL_AGENT,hostile_humanoid,NO,ACCEPTED_DEFAULT,template:285
81046,285,Murloc,18,,INCLUDED,HOSTILE_HUMANOID,FULL_AGENT,hostile_humanoid,NO,ACCEPTED_DEFAULT,template:285
81047,285,Murloc,18,,INCLUDED,HOSTILE_HUMANOID,FULL_AGENT,hostile_humanoid,NO,ACCEPTED_DEFAULT,template:285
81048,285,Murloc,18,,INCLUDED,HOSTILE_HUMANOID,FULL_AGENT,hostile_humanoid,NO,ACCEPTED_DEFAULT,template:285
81049,285,Murloc,18,,INCLUDED,HOSTILE_HUMANOID,FULL_AGENT,hostile_humanoid,NO,ACCEPTED_DEFAULT,template:285
81050,285,Murloc,18,,INCLUDED,HOSTILE_HUMANOID,FULL_AGENT,hostile_humanoid,NO,ACCEPTED_DEFAULT,template:285
81051,285,Murloc,18,,INCLUDED,HOSTILE_HUMANOID,FULL_AGENT,hostile_humanoid,NO,ACCEPTED_DEFAULT,template:285
81052,285,Murloc,18,,INCLUDED,HOSTILE_HUMANOID,FULL_AGENT,hostile_humanoid,NO,ACCEPTED_DEFAULT,template:285
81053,735,Murloc Streamrunner,18,,INCLUDED,HOSTILE_HUMANOID,FULL_AGENT,hostile_humanoid,NO,ACCEPTED_DEFAULT,template:735
81057,735,Murloc Streamrunner,18,,INCLUDED,HOSTILE_HUMANOID,FULL_AGENT,hostile_humanoid,NO,ACCEPTED_DEFAULT,template:735
81058,40,Kobold Miner,18,,INCLUDED,HOSTILE_HUMANOID,FULL_AGENT,hostile_humanoid,NO,ACCEPTED_DEFAULT,template:40
81062,116,Defias Bandit,18,,INCLUDED,HOSTILE_HUMANOID,FULL_AGENT,hostile_humanoid,NO,ACCEPTED_DEFAULT,template:116
81065,285,Murloc,18,,INCLUDED,HOSTILE_HUMANOID,FULL_AGENT,hostile_humanoid,NO,ACCEPTED_DEFAULT,template:285
81066,735,Murloc Streamrunner,18,,INCLUDED,HOSTILE_HUMANOID,FULL_AGENT,hostile_humanoid,NO,ACCEPTED_DEFAULT,template:735
81067,735,Murloc Streamrunner,18,,INCLUDED,HOSTILE_HUMANOID,FULL_AGENT,hostile_humanoid,NO,ACCEPTED_DEFAULT,template:735
81068,285,Murloc,18,,INCLUDED,HOSTILE_HUMANOID,FULL_AGENT,hostile_humanoid,NO,ACCEPTED_DEFAULT,template:285
81069,735,Murloc Streamrunner,18,,INCLUDED,HOSTILE_HUMANOID,FULL_AGENT,hostile_humanoid,NO,ACCEPTED_DEFAULT,template:735
81070,735,Murloc Streamrunner,18,,INCLUDED,HOSTILE_HUMANOID,FULL_AGENT,hostile_humanoid,NO,ACCEPTED_DEFAULT,template:735
81071,735,Murloc Streamrunner,18,,INCLUDED,HOSTILE_HUMANOID,FULL_AGENT,hostile_humanoid,NO,ACCEPTED_DEFAULT,template:735
81073,735,Murloc Streamrunner,18,,INCLUDED,HOSTILE_HUMANOID,FULL_AGENT,hostile_humanoid,NO,ACCEPTED_DEFAULT,template:735
81074,735,Murloc Streamrunner,18,,INCLUDED,HOSTILE_HUMANOID,FULL_AGENT,hostile_humanoid,NO,ACCEPTED_DEFAULT,template:735
81075,285,Murloc,18,,INCLUDED,HOSTILE_HUMANOID,FULL_AGENT,hostile_humanoid,NO,ACCEPTED_DEFAULT,template:285
81076,735,Murloc Streamrunner,18,,INCLUDED,HOSTILE_HUMANOID,FULL_AGENT,hostile_humanoid,NO,ACCEPTED_DEFAULT,template:735
81077,285,Murloc,18,,INCLUDED,HOSTILE_HUMANOID,FULL_AGENT,hostile_humanoid,NO,ACCEPTED_DEFAULT,template:285
81078,285,Murloc,18,,INCLUDED,HOSTILE_HUMANOID,FULL_AGENT,hostile_humanoid,NO,ACCEPTED_DEFAULT,template:285
81080,721,Rabbit,12,,INCLUDED,PREY_FAUNA,LIGHTWEIGHT_BACKGROUND,fauna,NO,ACCEPTED_DEFAULT,template:721
81081,285,Murloc,18,,INCLUDED,HOSTILE_HUMANOID,FULL_AGENT,hostile_humanoid,NO,ACCEPTED_DEFAULT,template:285
81082,285,Murloc,18,,INCLUDED,HOSTILE_HUMANOID,FULL_AGENT,hostile_humanoid,NO,ACCEPTED_DEFAULT,template:285
81083,285,Murloc,18,,INCLUDED,HOSTILE_HUMANOID,FULL_AGENT,hostile_humanoid,NO,ACCEPTED_DEFAULT,template:285
81085,12423,Guard Roberts,18,,INCLUDED,GUARD,FULL_AGENT,guard,YES,ACCEPTED_DEFAULT,template:12423
81090,883,Deer,87,,INCLUDED,PREY_FAUNA,LIGHTWEIGHT_BACKGROUND,fauna,NO,ACCEPTED_DEFAULT,template:883
81091,890,Fawn,87,,INCLUDED,PREY_FAUNA,LIGHTWEIGHT_BACKGROUND,fauna,NO,ACCEPTED_DEFAULT,template:890
81092,383,Jason Mathers,18,,INCLUDED,CIVILIAN,FULL_AGENT,Fishmonger,YES,ACCEPTED_DEFAULT,template:383
81093,1632,Adele Fielder,87,,INCLUDED,TRAINER,FULL_AGENT,Leatherworking Trainer,YES,ACCEPTED_DEFAULT,template:1632
81094,1651,Lee Brown,18,,INCLUDED,TRAINER,FULL_AGENT,Fishing Trainer,YES,ACCEPTED_DEFAULT,template:1651
81099,2442,Cow,12,,INCLUDED,PREY_FAUNA,LIGHTWEIGHT_BACKGROUND,fauna,NO,ACCEPTED_DEFAULT,template:2442
81100,735,Murloc Streamrunner,18,,INCLUDED,HOSTILE_HUMANOID,FULL_AGENT,hostile_humanoid,NO,ACCEPTED_DEFAULT,template:735
81105,474,Defias Rogue Wizard,18,,INCLUDED,HOSTILE_HUMANOID,FULL_AGENT,hostile_humanoid,NO,ACCEPTED_DEFAULT,template:474
81106,116,Defias Bandit,18,,INCLUDED,HOSTILE_HUMANOID,FULL_AGENT,hostile_humanoid,NO,ACCEPTED_DEFAULT,template:116
81107,61,Thuros Lightfingers,18,,INCLUDED,HOSTILE_HUMANOID,FULL_AGENT,hostile_humanoid,NO,ACCEPTED_DEFAULT,template:61
81108,116,Defias Bandit,18,,INCLUDED,HOSTILE_HUMANOID,FULL_AGENT,hostile_humanoid,NO,ACCEPTED_DEFAULT,template:116
81109,116,Defias Bandit,18,,INCLUDED,HOSTILE_HUMANOID,FULL_AGENT,hostile_humanoid,NO,ACCEPTED_DEFAULT,template:116
81122,472,Fedfennel,86,,INCLUDED,HOSTILE_HUMANOID,FULL_AGENT,hostile_humanoid,NO,ACCEPTED_DEFAULT,template:472
81123,118,Prowler,86,,INCLUDED,PREDATOR,FULL_AGENT,predator,NO,ACCEPTED_DEFAULT,template:118
81127,2442,Cow,86,,INCLUDED,PREY_FAUNA,LIGHTWEIGHT_BACKGROUND,fauna,NO,ACCEPTED_DEFAULT,template:2442
81135,118,Prowler,86,,INCLUDED,PREDATOR,FULL_AGENT,predator,NO,ACCEPTED_DEFAULT,template:118
81147,2442,Cow,86,,INCLUDED,PREY_FAUNA,LIGHTWEIGHT_BACKGROUND,fauna,NO,ACCEPTED_DEFAULT,template:2442
81150,118,Prowler,86,,INCLUDED,PREDATOR,FULL_AGENT,predator,NO,ACCEPTED_DEFAULT,template:118
81155,118,Prowler,86,,INCLUDED,PREDATOR,FULL_AGENT,predator,NO,ACCEPTED_DEFAULT,template:118
81156,118,Prowler,86,,INCLUDED,PREDATOR,FULL_AGENT,predator,NO,ACCEPTED_DEFAULT,template:118
81157,118,Prowler,86,,INCLUDED,PREDATOR,FULL_AGENT,predator,NO,ACCEPTED_DEFAULT,template:118
81158,118,Prowler,86,,INCLUDED,PREDATOR,FULL_AGENT,predator,NO,ACCEPTED_DEFAULT,template:118
81159,474,Defias Rogue Wizard,86,,INCLUDED,HOSTILE_HUMANOID,FULL_AGENT,hostile_humanoid,NO,ACCEPTED_DEFAULT,template:474
81160,474,Defias Rogue Wizard,86,,INCLUDED,HOSTILE_HUMANOID,FULL_AGENT,hostile_humanoid,NO,ACCEPTED_DEFAULT,template:474
81161,474,Defias Rogue Wizard,86,,INCLUDED,HOSTILE_HUMANOID,FULL_AGENT,hostile_humanoid,NO,ACCEPTED_DEFAULT,template:474
81162,474,Defias Rogue Wizard,56,,INCLUDED,HOSTILE_HUMANOID,FULL_AGENT,hostile_humanoid,NO,ACCEPTED_DEFAULT,template:474
81163,6172,Henze Faulk,56,,INCLUDED,CIVILIAN,FULL_AGENT,civilian,YES,MANUAL_REVIEW,template:6172
81164,474,Defias Rogue Wizard,86,,INCLUDED,HOSTILE_HUMANOID,FULL_AGENT,hostile_humanoid,NO,ACCEPTED_DEFAULT,template:474
81165,474,Defias Rogue Wizard,56,,INCLUDED,HOSTILE_HUMANOID,FULL_AGENT,hostile_humanoid,NO,ACCEPTED_DEFAULT,template:474
81166,474,Defias Rogue Wizard,56,,INCLUDED,HOSTILE_HUMANOID,FULL_AGENT,hostile_humanoid,NO,ACCEPTED_DEFAULT,template:474
81167,474,Defias Rogue Wizard,56,,INCLUDED,HOSTILE_HUMANOID,FULL_AGENT,hostile_humanoid,NO,ACCEPTED_DEFAULT,template:474
81168,474,Defias Rogue Wizard,56,,INCLUDED,HOSTILE_HUMANOID,FULL_AGENT,hostile_humanoid,NO,ACCEPTED_DEFAULT,template:474
81169,474,Defias Rogue Wizard,56,,INCLUDED,HOSTILE_HUMANOID,FULL_AGENT,hostile_humanoid,NO,ACCEPTED_DEFAULT,template:474
81170,474,Defias Rogue Wizard,86,,INCLUDED,HOSTILE_HUMANOID,FULL_AGENT,hostile_humanoid,NO,ACCEPTED_DEFAULT,template:474
81171,474,Defias Rogue Wizard,86,,INCLUDED,HOSTILE_HUMANOID,FULL_AGENT,hostile_humanoid,NO,ACCEPTED_DEFAULT,template:474
81172,474,Defias Rogue Wizard,56,,INCLUDED,HOSTILE_HUMANOID,FULL_AGENT,hostile_humanoid,NO,ACCEPTED_DEFAULT,template:474
81173,474,Defias Rogue Wizard,56,,INCLUDED,HOSTILE_HUMANOID,FULL_AGENT,hostile_humanoid,NO,ACCEPTED_DEFAULT,template:474
81174,474,Defias Rogue Wizard,56,,INCLUDED,HOSTILE_HUMANOID,FULL_AGENT,hostile_humanoid,NO,ACCEPTED_DEFAULT,template:474
81175,474,Defias Rogue Wizard,56,,INCLUDED,HOSTILE_HUMANOID,FULL_AGENT,hostile_humanoid,NO,ACCEPTED_DEFAULT,template:474
81176,474,Defias Rogue Wizard,56,,INCLUDED,HOSTILE_HUMANOID,FULL_AGENT,hostile_humanoid,NO,ACCEPTED_DEFAULT,template:474
81178,2442,Cow,88,,INCLUDED,PREY_FAUNA,LIGHTWEIGHT_BACKGROUND,fauna,NO,ACCEPTED_DEFAULT,template:2442
81179,1933,Sheep,88,,INCLUDED,PREY_FAUNA,LIGHTWEIGHT_BACKGROUND,fauna,NO,ACCEPTED_DEFAULT,template:1933
81180,118,Prowler,12,,INCLUDED,PREDATOR,FULL_AGENT,predator,NO,ACCEPTED_DEFAULT,template:118
81181,844,Antonio Perelli,12,,INCLUDED,MERCHANT_VENDOR,FULL_AGENT,Traveling Salesman,YES,ACCEPTED_DEFAULT,template:844
81182,118,Prowler,12,,INCLUDED,PREDATOR,FULL_AGENT,predator,NO,ACCEPTED_DEFAULT,template:118
81183,118,Prowler,12,,INCLUDED,PREDATOR,FULL_AGENT,predator,NO,ACCEPTED_DEFAULT,template:118
81184,118,Prowler,12,,INCLUDED,PREDATOR,FULL_AGENT,predator,NO,ACCEPTED_DEFAULT,template:118
81186,732,Murloc Lurker,12,,INCLUDED,HOSTILE_HUMANOID,FULL_AGENT,hostile_humanoid,NO,ACCEPTED_DEFAULT,template:732
81187,118,Prowler,12,,INCLUDED,PREDATOR,FULL_AGENT,predator,NO,ACCEPTED_DEFAULT,template:118
81188,732,Murloc Lurker,12,,INCLUDED,HOSTILE_HUMANOID,FULL_AGENT,hostile_humanoid,NO,ACCEPTED_DEFAULT,template:732
81189,46,Murloc Forager,12,,INCLUDED,HOSTILE_HUMANOID,FULL_AGENT,hostile_humanoid,NO,ACCEPTED_DEFAULT,template:46
81190,732,Murloc Lurker,12,,INCLUDED,HOSTILE_HUMANOID,FULL_AGENT,hostile_humanoid,NO,ACCEPTED_DEFAULT,template:732
81191,732,Murloc Lurker,12,,INCLUDED,HOSTILE_HUMANOID,FULL_AGENT,hostile_humanoid,NO,ACCEPTED_DEFAULT,template:732
81192,732,Murloc Lurker,12,,INCLUDED,HOSTILE_HUMANOID,FULL_AGENT,hostile_humanoid,NO,ACCEPTED_DEFAULT,template:732
81193,1933,Sheep,12,,INCLUDED,PREY_FAUNA,LIGHTWEIGHT_BACKGROUND,fauna,NO,ACCEPTED_DEFAULT,template:1933
81195,524,Rockhide Boar,62,,INCLUDED,PREY_FAUNA,LIGHTWEIGHT_BACKGROUND,fauna,NO,ACCEPTED_DEFAULT,template:524
81196,118,Prowler,12,,INCLUDED,PREDATOR,FULL_AGENT,predator,NO,ACCEPTED_DEFAULT,template:118
81197,118,Prowler,12,,INCLUDED,PREDATOR,FULL_AGENT,predator,NO,ACCEPTED_DEFAULT,template:118
81198,732,Murloc Lurker,12,,INCLUDED,HOSTILE_HUMANOID,FULL_AGENT,hostile_humanoid,NO,ACCEPTED_DEFAULT,template:732
81199,732,Murloc Lurker,12,,INCLUDED,HOSTILE_HUMANOID,FULL_AGENT,hostile_humanoid,NO,ACCEPTED_DEFAULT,template:732
81200,732,Murloc Lurker,12,,INCLUDED,HOSTILE_HUMANOID,FULL_AGENT,hostile_humanoid,NO,ACCEPTED_DEFAULT,template:732
81201,46,Murloc Forager,12,,INCLUDED,HOSTILE_HUMANOID,FULL_AGENT,hostile_humanoid,NO,ACCEPTED_DEFAULT,template:46
81202,46,Murloc Forager,12,,INCLUDED,HOSTILE_HUMANOID,FULL_AGENT,hostile_humanoid,NO,ACCEPTED_DEFAULT,template:46
81203,46,Murloc Forager,12,,INCLUDED,HOSTILE_HUMANOID,FULL_AGENT,hostile_humanoid,NO,ACCEPTED_DEFAULT,template:46
81204,732,Murloc Lurker,12,,INCLUDED,HOSTILE_HUMANOID,FULL_AGENT,hostile_humanoid,NO,ACCEPTED_DEFAULT,template:732
81205,46,Murloc Forager,12,,INCLUDED,HOSTILE_HUMANOID,FULL_AGENT,hostile_humanoid,NO,ACCEPTED_DEFAULT,template:46
81206,732,Murloc Lurker,12,,INCLUDED,HOSTILE_HUMANOID,FULL_AGENT,hostile_humanoid,NO,ACCEPTED_DEFAULT,template:732
81207,46,Murloc Forager,12,,INCLUDED,HOSTILE_HUMANOID,FULL_AGENT,hostile_humanoid,NO,ACCEPTED_DEFAULT,template:46
81208,732,Murloc Lurker,12,,INCLUDED,HOSTILE_HUMANOID,FULL_AGENT,hostile_humanoid,NO,ACCEPTED_DEFAULT,template:732
81209,732,Murloc Lurker,12,,INCLUDED,HOSTILE_HUMANOID,FULL_AGENT,hostile_humanoid,NO,ACCEPTED_DEFAULT,template:732
81210,732,Murloc Lurker,12,,INCLUDED,HOSTILE_HUMANOID,FULL_AGENT,hostile_humanoid,NO,ACCEPTED_DEFAULT,template:732
81211,732,Murloc Lurker,12,,INCLUDED,HOSTILE_HUMANOID,FULL_AGENT,hostile_humanoid,NO,ACCEPTED_DEFAULT,template:732
81212,732,Murloc Lurker,12,,INCLUDED,HOSTILE_HUMANOID,FULL_AGENT,hostile_humanoid,NO,ACCEPTED_DEFAULT,template:732
81213,46,Murloc Forager,12,,INCLUDED,HOSTILE_HUMANOID,FULL_AGENT,hostile_humanoid,NO,ACCEPTED_DEFAULT,template:46
81214,732,Murloc Lurker,12,,INCLUDED,HOSTILE_HUMANOID,FULL_AGENT,hostile_humanoid,NO,ACCEPTED_DEFAULT,template:732
81215,883,Deer,12,,INCLUDED,PREY_FAUNA,LIGHTWEIGHT_BACKGROUND,fauna,NO,ACCEPTED_DEFAULT,template:883
81216,118,Prowler,12,,INCLUDED,PREDATOR,FULL_AGENT,predator,NO,ACCEPTED_DEFAULT,template:118
81217,118,Prowler,12,,INCLUDED,PREDATOR,FULL_AGENT,predator,NO,ACCEPTED_DEFAULT,template:118
81218,118,Prowler,12,,INCLUDED,PREDATOR,FULL_AGENT,predator,NO,ACCEPTED_DEFAULT,template:118
81219,118,Prowler,798,,INCLUDED,PREDATOR,FULL_AGENT,predator,NO,ACCEPTED_DEFAULT,template:118
81220,118,Prowler,798,,INCLUDED,PREDATOR,FULL_AGENT,predator,NO,ACCEPTED_DEFAULT,template:118
81221,118,Prowler,12,,INCLUDED,PREDATOR,FULL_AGENT,predator,NO,ACCEPTED_DEFAULT,template:118
81222,732,Murloc Lurker,12,,INCLUDED,HOSTILE_HUMANOID,FULL_AGENT,hostile_humanoid,NO,ACCEPTED_DEFAULT,template:732
81223,118,Prowler,798,,INCLUDED,PREDATOR,FULL_AGENT,predator,NO,ACCEPTED_DEFAULT,template:118
81224,118,Prowler,12,,INCLUDED,PREDATOR,FULL_AGENT,predator,NO,ACCEPTED_DEFAULT,template:118
81227,732,Murloc Lurker,12,,INCLUDED,HOSTILE_HUMANOID,FULL_AGENT,hostile_humanoid,NO,ACCEPTED_DEFAULT,template:732
81228,118,Prowler,798,,INCLUDED,PREDATOR,FULL_AGENT,predator,NO,ACCEPTED_DEFAULT,template:118
81229,1423,Stormwind Guard,798,,INCLUDED,GUARD,FULL_AGENT,guard,NO,ACCEPTED_DEFAULT,template:1423
81230,118,Prowler,798,,INCLUDED,PREDATOR,FULL_AGENT,predator,NO,ACCEPTED_DEFAULT,template:118
81231,118,Prowler,798,,INCLUDED,PREDATOR,FULL_AGENT,predator,NO,ACCEPTED_DEFAULT,template:118
81232,118,Prowler,798,,INCLUDED,PREDATOR,FULL_AGENT,predator,NO,ACCEPTED_DEFAULT,template:118
81233,1423,Stormwind Guard,798,,INCLUDED,GUARD,FULL_AGENT,guard,NO,ACCEPTED_DEFAULT,template:1423
81234,118,Prowler,798,,INCLUDED,PREDATOR,FULL_AGENT,predator,NO,ACCEPTED_DEFAULT,template:118
81236,2442,Cow,798,,INCLUDED,PREY_FAUNA,LIGHTWEIGHT_BACKGROUND,fauna,NO,ACCEPTED_DEFAULT,template:2442
81237,118,Prowler,12,,INCLUDED,PREDATOR,FULL_AGENT,predator,NO,ACCEPTED_DEFAULT,template:118
81238,278,Sara Timberlain,88,,INCLUDED,CIVILIAN,FULL_AGENT,civilian,YES,ACCEPTED_DEFAULT,template:278
81239,1103,Eldrin,88,,INCLUDED,TRAINER,FULL_AGENT,Tailoring Trainer,YES,ACCEPTED_DEFAULT,template:1103
81240,620,Chicken,88,,INCLUDED,PREY_FAUNA,LIGHTWEIGHT_BACKGROUND,fauna,NO,ACCEPTED_DEFAULT,template:620
81241,620,Chicken,88,,INCLUDED,PREY_FAUNA,LIGHTWEIGHT_BACKGROUND,fauna,NO,ACCEPTED_DEFAULT,template:620
81242,620,Chicken,88,,INCLUDED,PREY_FAUNA,LIGHTWEIGHT_BACKGROUND,fauna,NO,ACCEPTED_DEFAULT,template:620
81243,620,Chicken,88,,INCLUDED,PREY_FAUNA,LIGHTWEIGHT_BACKGROUND,fauna,NO,ACCEPTED_DEFAULT,template:620
81244,620,Chicken,88,,INCLUDED,PREY_FAUNA,LIGHTWEIGHT_BACKGROUND,fauna,NO,ACCEPTED_DEFAULT,template:620
81245,620,Chicken,88,,INCLUDED,PREY_FAUNA,LIGHTWEIGHT_BACKGROUND,fauna,NO,ACCEPTED_DEFAULT,template:620
81246,620,Chicken,88,,INCLUDED,PREY_FAUNA,LIGHTWEIGHT_BACKGROUND,fauna,NO,ACCEPTED_DEFAULT,template:620
81247,13159,James Clark,88,,INCLUDED,HOSTILE_HUMANOID,FULL_AGENT,hostile_humanoid,YES,ACCEPTED_DEFAULT,template:13159
81249,11328,Eastvale Peasant,88,,INCLUDED,WORKER_FARMER,FULL_AGENT,worker,NO,ACCEPTED_DEFAULT,template:11328
81250,11328,Eastvale Peasant,88,,INCLUDED,WORKER_FARMER,FULL_AGENT,worker,NO,ACCEPTED_DEFAULT,template:11328
81251,10616,Supervisor Raelen,88,,INCLUDED,WORKER_FARMER,FULL_AGENT,supervisor,YES,MANUAL_REVIEW,template:10616
81252,11328,Eastvale Peasant,88,,INCLUDED,WORKER_FARMER,FULL_AGENT,worker,NO,ACCEPTED_DEFAULT,template:11328
81253,883,Deer,88,,INCLUDED,PREY_FAUNA,LIGHTWEIGHT_BACKGROUND,fauna,NO,ACCEPTED_DEFAULT,template:883
81254,883,Deer,88,,INCLUDED,PREY_FAUNA,LIGHTWEIGHT_BACKGROUND,fauna,NO,ACCEPTED_DEFAULT,template:883
81255,890,Fawn,88,,INCLUDED,PREY_FAUNA,LIGHTWEIGHT_BACKGROUND,fauna,NO,ACCEPTED_DEFAULT,template:890
81256,620,Chicken,88,,INCLUDED,PREY_FAUNA,LIGHTWEIGHT_BACKGROUND,fauna,NO,ACCEPTED_DEFAULT,template:620
81257,1975,Eastvale Lumberjack,88,,INCLUDED,WORKER_FARMER,FULL_AGENT,worker,NO,ACCEPTED_DEFAULT,template:1975
81258,118,Prowler,88,,INCLUDED,PREDATOR,FULL_AGENT,predator,NO,ACCEPTED_DEFAULT,template:118
81259,1975,Eastvale Lumberjack,88,,INCLUDED,WORKER_FARMER,FULL_AGENT,worker,NO,ACCEPTED_DEFAULT,template:1975
81260,118,Prowler,88,,INCLUDED,PREDATOR,FULL_AGENT,predator,NO,ACCEPTED_DEFAULT,template:118
81261,118,Prowler,88,,INCLUDED,PREDATOR,FULL_AGENT,predator,NO,ACCEPTED_DEFAULT,template:118
81262,118,Prowler,88,,INCLUDED,PREDATOR,FULL_AGENT,predator,NO,ACCEPTED_DEFAULT,template:118
81263,2442,Cow,86,,INCLUDED,PREY_FAUNA,LIGHTWEIGHT_BACKGROUND,fauna,NO,ACCEPTED_DEFAULT,template:2442
81265,118,Prowler,88,,INCLUDED,PREDATOR,FULL_AGENT,predator,NO,ACCEPTED_DEFAULT,template:118
81266,2442,Cow,86,,INCLUDED,PREY_FAUNA,LIGHTWEIGHT_BACKGROUND,fauna,NO,ACCEPTED_DEFAULT,template:2442
81267,118,Prowler,88,,INCLUDED,PREDATOR,FULL_AGENT,predator,NO,ACCEPTED_DEFAULT,template:118
81269,732,Murloc Lurker,86,,INCLUDED,HOSTILE_HUMANOID,FULL_AGENT,hostile_humanoid,NO,ACCEPTED_DEFAULT,template:732
81270,46,Murloc Forager,86,,INCLUDED,HOSTILE_HUMANOID,FULL_AGENT,hostile_humanoid,NO,ACCEPTED_DEFAULT,template:46
81271,46,Murloc Forager,86,,INCLUDED,HOSTILE_HUMANOID,FULL_AGENT,hostile_humanoid,NO,ACCEPTED_DEFAULT,template:46
81272,732,Murloc Lurker,86,,INCLUDED,HOSTILE_HUMANOID,FULL_AGENT,hostile_humanoid,NO,ACCEPTED_DEFAULT,template:732
81273,46,Murloc Forager,86,,INCLUDED,HOSTILE_HUMANOID,FULL_AGENT,hostile_humanoid,NO,ACCEPTED_DEFAULT,template:46
81274,732,Murloc Lurker,86,,INCLUDED,HOSTILE_HUMANOID,FULL_AGENT,hostile_humanoid,NO,ACCEPTED_DEFAULT,template:732
81275,732,Murloc Lurker,86,,INCLUDED,HOSTILE_HUMANOID,FULL_AGENT,hostile_humanoid,NO,ACCEPTED_DEFAULT,template:732
81276,46,Murloc Forager,86,,INCLUDED,HOSTILE_HUMANOID,FULL_AGENT,hostile_humanoid,NO,ACCEPTED_DEFAULT,template:46
81277,46,Murloc Forager,86,,INCLUDED,HOSTILE_HUMANOID,FULL_AGENT,hostile_humanoid,NO,ACCEPTED_DEFAULT,template:46
81278,46,Murloc Forager,86,,INCLUDED,HOSTILE_HUMANOID,FULL_AGENT,hostile_humanoid,NO,ACCEPTED_DEFAULT,template:46
81279,46,Murloc Forager,86,,INCLUDED,HOSTILE_HUMANOID,FULL_AGENT,hostile_humanoid,NO,ACCEPTED_DEFAULT,template:46
81280,732,Murloc Lurker,86,,INCLUDED,HOSTILE_HUMANOID,FULL_AGENT,hostile_humanoid,NO,ACCEPTED_DEFAULT,template:732
81281,732,Murloc Lurker,86,,INCLUDED,HOSTILE_HUMANOID,FULL_AGENT,hostile_humanoid,NO,ACCEPTED_DEFAULT,template:732
81282,732,Murloc Lurker,86,,INCLUDED,HOSTILE_HUMANOID,FULL_AGENT,hostile_humanoid,NO,ACCEPTED_DEFAULT,template:732
81283,46,Murloc Forager,86,,INCLUDED,HOSTILE_HUMANOID,FULL_AGENT,hostile_humanoid,NO,ACCEPTED_DEFAULT,template:46
81284,732,Murloc Lurker,86,,INCLUDED,HOSTILE_HUMANOID,FULL_AGENT,hostile_humanoid,NO,ACCEPTED_DEFAULT,template:732
81285,46,Murloc Forager,86,,INCLUDED,HOSTILE_HUMANOID,FULL_AGENT,hostile_humanoid,NO,ACCEPTED_DEFAULT,template:46
81286,46,Murloc Forager,86,,INCLUDED,HOSTILE_HUMANOID,FULL_AGENT,hostile_humanoid,NO,ACCEPTED_DEFAULT,template:46
81287,732,Murloc Lurker,86,,INCLUDED,HOSTILE_HUMANOID,FULL_AGENT,hostile_humanoid,NO,ACCEPTED_DEFAULT,template:732
81288,732,Murloc Lurker,86,,INCLUDED,HOSTILE_HUMANOID,FULL_AGENT,hostile_humanoid,NO,ACCEPTED_DEFAULT,template:732
81289,732,Murloc Lurker,86,,INCLUDED,HOSTILE_HUMANOID,FULL_AGENT,hostile_humanoid,NO,ACCEPTED_DEFAULT,template:732
81290,732,Murloc Lurker,86,,INCLUDED,HOSTILE_HUMANOID,FULL_AGENT,hostile_humanoid,NO,ACCEPTED_DEFAULT,template:732
81291,732,Murloc Lurker,86,,INCLUDED,HOSTILE_HUMANOID,FULL_AGENT,hostile_humanoid,NO,ACCEPTED_DEFAULT,template:732
81292,46,Murloc Forager,86,,INCLUDED,HOSTILE_HUMANOID,FULL_AGENT,hostile_humanoid,NO,ACCEPTED_DEFAULT,template:46
81293,1933,Sheep,86,,INCLUDED,PREY_FAUNA,LIGHTWEIGHT_BACKGROUND,fauna,NO,ACCEPTED_DEFAULT,template:1933
81294,474,Defias Rogue Wizard,86,,INCLUDED,HOSTILE_HUMANOID,FULL_AGENT,hostile_humanoid,NO,ACCEPTED_DEFAULT,template:474
81295,46,Murloc Forager,86,,INCLUDED,HOSTILE_HUMANOID,FULL_AGENT,hostile_humanoid,NO,ACCEPTED_DEFAULT,template:46
81296,46,Murloc Forager,86,,INCLUDED,HOSTILE_HUMANOID,FULL_AGENT,hostile_humanoid,NO,ACCEPTED_DEFAULT,template:46
81297,46,Murloc Forager,86,,INCLUDED,HOSTILE_HUMANOID,FULL_AGENT,hostile_humanoid,NO,ACCEPTED_DEFAULT,template:46
81298,46,Murloc Forager,86,,INCLUDED,HOSTILE_HUMANOID,FULL_AGENT,hostile_humanoid,NO,ACCEPTED_DEFAULT,template:46
81299,474,Defias Rogue Wizard,86,,INCLUDED,HOSTILE_HUMANOID,FULL_AGENT,hostile_humanoid,NO,ACCEPTED_DEFAULT,template:474
81300,46,Murloc Forager,86,,INCLUDED,HOSTILE_HUMANOID,FULL_AGENT,hostile_humanoid,NO,ACCEPTED_DEFAULT,template:46
81301,46,Murloc Forager,86,,INCLUDED,HOSTILE_HUMANOID,FULL_AGENT,hostile_humanoid,NO,ACCEPTED_DEFAULT,template:46
81302,46,Murloc Forager,86,,INCLUDED,HOSTILE_HUMANOID,FULL_AGENT,hostile_humanoid,NO,ACCEPTED_DEFAULT,template:46
81303,46,Murloc Forager,86,,INCLUDED,HOSTILE_HUMANOID,FULL_AGENT,hostile_humanoid,NO,ACCEPTED_DEFAULT,template:46
81304,46,Murloc Forager,86,,INCLUDED,HOSTILE_HUMANOID,FULL_AGENT,hostile_humanoid,NO,ACCEPTED_DEFAULT,template:46
81305,46,Murloc Forager,86,,INCLUDED,HOSTILE_HUMANOID,FULL_AGENT,hostile_humanoid,NO,ACCEPTED_DEFAULT,template:46
81306,46,Murloc Forager,86,,INCLUDED,HOSTILE_HUMANOID,FULL_AGENT,hostile_humanoid,NO,ACCEPTED_DEFAULT,template:46
81307,732,Murloc Lurker,86,,INCLUDED,HOSTILE_HUMANOID,FULL_AGENT,hostile_humanoid,NO,ACCEPTED_DEFAULT,template:732
81308,46,Murloc Forager,86,,INCLUDED,HOSTILE_HUMANOID,FULL_AGENT,hostile_humanoid,NO,ACCEPTED_DEFAULT,template:46
81309,46,Murloc Forager,86,,INCLUDED,HOSTILE_HUMANOID,FULL_AGENT,hostile_humanoid,NO,ACCEPTED_DEFAULT,template:46
81310,732,Murloc Lurker,86,,INCLUDED,HOSTILE_HUMANOID,FULL_AGENT,hostile_humanoid,NO,ACCEPTED_DEFAULT,template:732
81311,474,Defias Rogue Wizard,86,,INCLUDED,HOSTILE_HUMANOID,FULL_AGENT,hostile_humanoid,NO,ACCEPTED_DEFAULT,template:474
81312,732,Murloc Lurker,86,,INCLUDED,HOSTILE_HUMANOID,FULL_AGENT,hostile_humanoid,NO,ACCEPTED_DEFAULT,template:732
81313,46,Murloc Forager,86,,INCLUDED,HOSTILE_HUMANOID,FULL_AGENT,hostile_humanoid,NO,ACCEPTED_DEFAULT,template:46
81314,732,Murloc Lurker,86,,INCLUDED,HOSTILE_HUMANOID,FULL_AGENT,hostile_humanoid,NO,ACCEPTED_DEFAULT,template:732
81315,46,Murloc Forager,86,,INCLUDED,HOSTILE_HUMANOID,FULL_AGENT,hostile_humanoid,NO,ACCEPTED_DEFAULT,template:46
81316,46,Murloc Forager,86,,INCLUDED,HOSTILE_HUMANOID,FULL_AGENT,hostile_humanoid,NO,ACCEPTED_DEFAULT,template:46
81317,732,Murloc Lurker,86,,INCLUDED,HOSTILE_HUMANOID,FULL_AGENT,hostile_humanoid,NO,ACCEPTED_DEFAULT,template:732
81318,46,Murloc Forager,86,,INCLUDED,HOSTILE_HUMANOID,FULL_AGENT,hostile_humanoid,NO,ACCEPTED_DEFAULT,template:46
81319,46,Murloc Forager,86,,INCLUDED,HOSTILE_HUMANOID,FULL_AGENT,hostile_humanoid,NO,ACCEPTED_DEFAULT,template:46
81320,474,Defias Rogue Wizard,86,,INCLUDED,HOSTILE_HUMANOID,FULL_AGENT,hostile_humanoid,NO,ACCEPTED_DEFAULT,template:474
81321,46,Murloc Forager,86,,INCLUDED,HOSTILE_HUMANOID,FULL_AGENT,hostile_humanoid,NO,ACCEPTED_DEFAULT,template:46
81322,46,Murloc Forager,86,,INCLUDED,HOSTILE_HUMANOID,FULL_AGENT,hostile_humanoid,NO,ACCEPTED_DEFAULT,template:46
81323,732,Murloc Lurker,86,,INCLUDED,HOSTILE_HUMANOID,FULL_AGENT,hostile_humanoid,NO,ACCEPTED_DEFAULT,template:732
81324,46,Murloc Forager,86,,INCLUDED,HOSTILE_HUMANOID,FULL_AGENT,hostile_humanoid,NO,ACCEPTED_DEFAULT,template:46
81325,46,Murloc Forager,86,,INCLUDED,HOSTILE_HUMANOID,FULL_AGENT,hostile_humanoid,NO,ACCEPTED_DEFAULT,template:46
81326,118,Prowler,86,,INCLUDED,PREDATOR,FULL_AGENT,predator,NO,ACCEPTED_DEFAULT,template:118
81327,118,Prowler,86,,INCLUDED,PREDATOR,FULL_AGENT,predator,NO,ACCEPTED_DEFAULT,template:118
81328,118,Prowler,86,,INCLUDED,PREDATOR,FULL_AGENT,predator,NO,ACCEPTED_DEFAULT,template:118
81329,118,Prowler,86,,INCLUDED,PREDATOR,FULL_AGENT,predator,NO,ACCEPTED_DEFAULT,template:118
81331,883,Deer,86,,INCLUDED,PREY_FAUNA,LIGHTWEIGHT_BACKGROUND,fauna,NO,ACCEPTED_DEFAULT,template:883
81332,118,Prowler,86,,INCLUDED,PREDATOR,FULL_AGENT,predator,NO,ACCEPTED_DEFAULT,template:118
81333,118,Prowler,86,,INCLUDED,PREDATOR,FULL_AGENT,predator,NO,ACCEPTED_DEFAULT,template:118
81334,118,Prowler,86,,INCLUDED,PREDATOR,FULL_AGENT,predator,NO,ACCEPTED_DEFAULT,template:118
81335,118,Prowler,86,,INCLUDED,PREDATOR,FULL_AGENT,predator,NO,ACCEPTED_DEFAULT,template:118
81336,118,Prowler,86,,INCLUDED,PREDATOR,FULL_AGENT,predator,NO,ACCEPTED_DEFAULT,template:118
81337,118,Prowler,86,,INCLUDED,PREDATOR,FULL_AGENT,predator,NO,ACCEPTED_DEFAULT,template:118
81339,46,Murloc Forager,86,,INCLUDED,HOSTILE_HUMANOID,FULL_AGENT,hostile_humanoid,NO,ACCEPTED_DEFAULT,template:46
81340,732,Murloc Lurker,86,,INCLUDED,HOSTILE_HUMANOID,FULL_AGENT,hostile_humanoid,NO,ACCEPTED_DEFAULT,template:732
81341,118,Prowler,88,,INCLUDED,PREDATOR,FULL_AGENT,predator,NO,ACCEPTED_DEFAULT,template:118
81343,385,Horse,88,,INCLUDED,PREY_FAUNA,LIGHTWEIGHT_BACKGROUND,domestic_mount,NO,ACCEPTED_DEFAULT,template:385
81344,1650,Terry Palin,88,,INCLUDED,MERCHANT_VENDOR,FULL_AGENT,Lumberjack,YES,ACCEPTED_DEFAULT,template:1650
81345,1975,Eastvale Lumberjack,88,,INCLUDED,WORKER_FARMER,FULL_AGENT,worker,NO,ACCEPTED_DEFAULT,template:1975
81346,1198,Rallic Finn,88,,INCLUDED,MERCHANT_VENDOR,FULL_AGENT,Bowyer,YES,ACCEPTED_DEFAULT,template:1198
81347,1250,Drake Lindgren,88,,INCLUDED,MERCHANT_VENDOR,FULL_AGENT,General & Trade Supplies,YES,ACCEPTED_DEFAULT,template:1250
81348,11328,Eastvale Peasant,88,,INCLUDED,WORKER_FARMER,FULL_AGENT,worker,NO,ACCEPTED_DEFAULT,template:11328
81349,11328,Eastvale Peasant,88,,INCLUDED,WORKER_FARMER,FULL_AGENT,worker,NO,ACCEPTED_DEFAULT,template:11328
81350,721,Rabbit,88,,INCLUDED,PREY_FAUNA,LIGHTWEIGHT_BACKGROUND,fauna,NO,ACCEPTED_DEFAULT,template:721
81351,118,Prowler,798,,INCLUDED,PREDATOR,FULL_AGENT,predator,NO,ACCEPTED_DEFAULT,template:118
81352,118,Prowler,12,,INCLUDED,PREDATOR,FULL_AGENT,predator,NO,ACCEPTED_DEFAULT,template:118
81353,118,Prowler,12,,INCLUDED,PREDATOR,FULL_AGENT,predator,NO,ACCEPTED_DEFAULT,template:118
81354,46,Murloc Forager,12,,INCLUDED,HOSTILE_HUMANOID,FULL_AGENT,hostile_humanoid,NO,ACCEPTED_DEFAULT,template:46
81355,46,Murloc Forager,12,,INCLUDED,HOSTILE_HUMANOID,FULL_AGENT,hostile_humanoid,NO,ACCEPTED_DEFAULT,template:46
81356,46,Murloc Forager,12,,INCLUDED,HOSTILE_HUMANOID,FULL_AGENT,hostile_humanoid,NO,ACCEPTED_DEFAULT,template:46
81357,732,Murloc Lurker,12,,INCLUDED,HOSTILE_HUMANOID,FULL_AGENT,hostile_humanoid,NO,ACCEPTED_DEFAULT,template:732
81358,46,Murloc Forager,62,,INCLUDED,HOSTILE_HUMANOID,FULL_AGENT,hostile_humanoid,NO,ACCEPTED_DEFAULT,template:46
81359,118,Prowler,12,,INCLUDED,PREDATOR,FULL_AGENT,predator,NO,ACCEPTED_DEFAULT,template:118
81360,883,Deer,12,,INCLUDED,PREY_FAUNA,LIGHTWEIGHT_BACKGROUND,fauna,NO,ACCEPTED_DEFAULT,template:883
81361,118,Prowler,798,,INCLUDED,PREDATOR,FULL_AGENT,predator,NO,ACCEPTED_DEFAULT,template:118
81362,1423,Stormwind Guard,798,,INCLUDED,GUARD,FULL_AGENT,guard,NO,ACCEPTED_DEFAULT,template:1423
81363,1423,Stormwind Guard,798,,INCLUDED,GUARD,FULL_AGENT,guard,NO,ACCEPTED_DEFAULT,template:1423
81364,1423,Stormwind Guard,798,,INCLUDED,GUARD,FULL_AGENT,guard,NO,ACCEPTED_DEFAULT,template:1423
81365,1423,Stormwind Guard,798,,INCLUDED,GUARD,FULL_AGENT,guard,NO,ACCEPTED_DEFAULT,template:1423
81367,118,Prowler,798,,INCLUDED,PREDATOR,FULL_AGENT,predator,NO,ACCEPTED_DEFAULT,template:118
81368,118,Prowler,798,,INCLUDED,PREDATOR,FULL_AGENT,predator,NO,ACCEPTED_DEFAULT,template:118
81369,883,Deer,88,,INCLUDED,PREY_FAUNA,LIGHTWEIGHT_BACKGROUND,fauna,NO,ACCEPTED_DEFAULT,template:883
81370,890,Fawn,88,,INCLUDED,PREY_FAUNA,LIGHTWEIGHT_BACKGROUND,fauna,NO,ACCEPTED_DEFAULT,template:890
81371,2442,Cow,88,,INCLUDED,PREY_FAUNA,LIGHTWEIGHT_BACKGROUND,fauna,NO,ACCEPTED_DEFAULT,template:2442
81372,118,Prowler,88,,INCLUDED,PREDATOR,FULL_AGENT,predator,NO,ACCEPTED_DEFAULT,template:118
81373,118,Prowler,88,,INCLUDED,PREDATOR,FULL_AGENT,predator,NO,ACCEPTED_DEFAULT,template:118
81374,721,Rabbit,88,,INCLUDED,PREY_FAUNA,LIGHTWEIGHT_BACKGROUND,fauna,NO,ACCEPTED_DEFAULT,template:721
81375,118,Prowler,88,,INCLUDED,PREDATOR,FULL_AGENT,predator,NO,ACCEPTED_DEFAULT,template:118
81376,118,Prowler,88,,INCLUDED,PREDATOR,FULL_AGENT,predator,NO,ACCEPTED_DEFAULT,template:118
81377,118,Prowler,88,,INCLUDED,PREDATOR,FULL_AGENT,predator,NO,ACCEPTED_DEFAULT,template:118
81378,118,Prowler,88,,INCLUDED,PREDATOR,FULL_AGENT,predator,NO,ACCEPTED_DEFAULT,template:118
81380,2442,Cow,88,,INCLUDED,PREY_FAUNA,LIGHTWEIGHT_BACKGROUND,fauna,NO,ACCEPTED_DEFAULT,template:2442
81382,721,Rabbit,88,,INCLUDED,PREY_FAUNA,LIGHTWEIGHT_BACKGROUND,fauna,NO,ACCEPTED_DEFAULT,template:721
81383,2442,Cow,88,,INCLUDED,PREY_FAUNA,LIGHTWEIGHT_BACKGROUND,fauna,NO,ACCEPTED_DEFAULT,template:2442
81384,118,Prowler,88,,INCLUDED,PREDATOR,FULL_AGENT,predator,NO,ACCEPTED_DEFAULT,template:118
81385,14561,Swift Brown Steed,88,,INCLUDED,PREY_FAUNA,LIGHTWEIGHT_BACKGROUND,domestic_mount,NO,ACCEPTED_DEFAULT,template:14561
81387,118,Prowler,88,,INCLUDED,PREDATOR,FULL_AGENT,predator,NO,ACCEPTED_DEFAULT,template:118
81388,14560,Swift White Steed,88,,INCLUDED,PREY_FAUNA,LIGHTWEIGHT_BACKGROUND,domestic_mount,NO,ACCEPTED_DEFAULT,template:14560
81389,4732,Randal Hunter,88,,INCLUDED,TRAINER,FULL_AGENT,Riding Trainer,YES,ACCEPTED_DEFAULT,template:4732
81390,12375,Chestnut Mare,88,,INCLUDED,PREY_FAUNA,LIGHTWEIGHT_BACKGROUND,domestic_mount,NO,ACCEPTED_DEFAULT,template:12375
81391,14559,Swift Palomino,88,,INCLUDED,PREY_FAUNA,LIGHTWEIGHT_BACKGROUND,domestic_mount,NO,ACCEPTED_DEFAULT,template:14559
81392,12376,Brown Horse,88,,INCLUDED,PREY_FAUNA,LIGHTWEIGHT_BACKGROUND,domestic_mount,NO,ACCEPTED_DEFAULT,template:12376
81393,384,Katie Hunter,88,,INCLUDED,MERCHANT_VENDOR,FULL_AGENT,Horse Breeder,YES,ACCEPTED_DEFAULT,template:384
81394,5405,Pinto,88,,INCLUDED,PREY_FAUNA,LIGHTWEIGHT_BACKGROUND,domestic_mount,NO,ACCEPTED_DEFAULT,template:5405
81395,118,Prowler,88,,INCLUDED,PREDATOR,FULL_AGENT,predator,NO,ACCEPTED_DEFAULT,template:118
81396,118,Prowler,88,,INCLUDED,PREDATOR,FULL_AGENT,predator,NO,ACCEPTED_DEFAULT,template:118
81398,118,Prowler,88,,INCLUDED,PREDATOR,FULL_AGENT,predator,NO,ACCEPTED_DEFAULT,template:118
81399,118,Prowler,88,,INCLUDED,PREDATOR,FULL_AGENT,predator,NO,ACCEPTED_DEFAULT,template:118
81400,118,Prowler,88,,INCLUDED,PREDATOR,FULL_AGENT,predator,NO,ACCEPTED_DEFAULT,template:118
81401,118,Prowler,88,,INCLUDED,PREDATOR,FULL_AGENT,predator,NO,ACCEPTED_DEFAULT,template:118
81402,118,Prowler,88,,INCLUDED,PREDATOR,FULL_AGENT,predator,NO,ACCEPTED_DEFAULT,template:118
81404,294,Marshal Haggard,88,,INCLUDED,GUARD,FULL_AGENT,guard,YES,ACCEPTED_DEFAULT,template:294
81405,1933,Sheep,12,,INCLUDED,PREY_FAUNA,LIGHTWEIGHT_BACKGROUND,fauna,NO,ACCEPTED_DEFAULT,template:1933
81406,118,Prowler,798,,INCLUDED,PREDATOR,FULL_AGENT,predator,NO,ACCEPTED_DEFAULT,template:118
81408,118,Prowler,798,,INCLUDED,PREDATOR,FULL_AGENT,predator,NO,ACCEPTED_DEFAULT,template:118
81409,118,Prowler,12,,INCLUDED,PREDATOR,FULL_AGENT,predator,NO,ACCEPTED_DEFAULT,template:118
81410,116,Defias Bandit,798,,INCLUDED,HOSTILE_HUMANOID,FULL_AGENT,hostile_humanoid,NO,ACCEPTED_DEFAULT,template:116
81411,6093,Dead-Tooth Jack,12,,INCLUDED,HOSTILE_HUMANOID,FULL_AGENT,hostile_humanoid,YES,ACCEPTED_DEFAULT,template:6093
81412,116,Defias Bandit,12,,INCLUDED,HOSTILE_HUMANOID,FULL_AGENT,hostile_humanoid,NO,ACCEPTED_DEFAULT,template:116
81413,116,Defias Bandit,12,,INCLUDED,HOSTILE_HUMANOID,FULL_AGENT,hostile_humanoid,NO,ACCEPTED_DEFAULT,template:116
81414,721,Rabbit,798,,INCLUDED,PREY_FAUNA,LIGHTWEIGHT_BACKGROUND,fauna,NO,ACCEPTED_DEFAULT,template:721
81415,116,Defias Bandit,12,,INCLUDED,HOSTILE_HUMANOID,FULL_AGENT,hostile_humanoid,NO,ACCEPTED_DEFAULT,template:116
81416,116,Defias Bandit,12,,INCLUDED,HOSTILE_HUMANOID,FULL_AGENT,hostile_humanoid,NO,ACCEPTED_DEFAULT,template:116
81417,118,Prowler,798,,INCLUDED,PREDATOR,FULL_AGENT,predator,NO,ACCEPTED_DEFAULT,template:118
81419,883,Deer,12,,INCLUDED,PREY_FAUNA,LIGHTWEIGHT_BACKGROUND,fauna,NO,ACCEPTED_DEFAULT,template:883
81420,118,Prowler,798,,INCLUDED,PREDATOR,FULL_AGENT,predator,NO,ACCEPTED_DEFAULT,template:118
81421,890,Fawn,12,,INCLUDED,PREY_FAUNA,LIGHTWEIGHT_BACKGROUND,fauna,NO,ACCEPTED_DEFAULT,template:890
81422,732,Murloc Lurker,12,,INCLUDED,HOSTILE_HUMANOID,FULL_AGENT,hostile_humanoid,NO,ACCEPTED_DEFAULT,template:732
81423,116,Defias Bandit,12,,INCLUDED,HOSTILE_HUMANOID,FULL_AGENT,hostile_humanoid,NO,ACCEPTED_DEFAULT,template:116
81424,116,Defias Bandit,12,,INCLUDED,HOSTILE_HUMANOID,FULL_AGENT,hostile_humanoid,NO,ACCEPTED_DEFAULT,template:116
81425,732,Murloc Lurker,12,,INCLUDED,HOSTILE_HUMANOID,FULL_AGENT,hostile_humanoid,NO,ACCEPTED_DEFAULT,template:732
81426,118,Prowler,12,,INCLUDED,PREDATOR,FULL_AGENT,predator,NO,ACCEPTED_DEFAULT,template:118
81427,116,Defias Bandit,12,,INCLUDED,HOSTILE_HUMANOID,FULL_AGENT,hostile_humanoid,NO,ACCEPTED_DEFAULT,template:116
81428,732,Murloc Lurker,12,,INCLUDED,HOSTILE_HUMANOID,FULL_AGENT,hostile_humanoid,NO,ACCEPTED_DEFAULT,template:732
81429,118,Prowler,12,,INCLUDED,PREDATOR,FULL_AGENT,predator,NO,ACCEPTED_DEFAULT,template:118
81430,118,Prowler,12,,INCLUDED,PREDATOR,FULL_AGENT,predator,NO,ACCEPTED_DEFAULT,template:118
81431,118,Prowler,88,,INCLUDED,PREDATOR,FULL_AGENT,predator,NO,ACCEPTED_DEFAULT,template:118
84587,6927,Defias Dockworker,797,,INCLUDED,HOSTILE_HUMANOID,FULL_AGENT,hostile_humanoid,NO,ACCEPTED_DEFAULT,template:6927
85381,24484,Brewfest Reveler,12,24,EXCLUDED_EVENT,EXCLUDED_EVENT,EXCLUDED,,N/A,EXCLUDED_BY_POLICY,game_event_creature positive eventEntry
85710,23537,Headless Horseman - Fire (DND),12,12,EXCLUDED_EVENT,EXCLUDED_EVENT,EXCLUDED,,N/A,EXCLUDED_BY_POLICY,game_event_creature positive eventEntry
85711,23537,Headless Horseman - Fire (DND),12,12,EXCLUDED_EVENT,EXCLUDED_EVENT,EXCLUDED,,N/A,EXCLUDED_BY_POLICY,game_event_creature positive eventEntry
85713,23686,Headless Horseman Flame Bunny,87,12,EXCLUDED_EVENT,EXCLUDED_EVENT,EXCLUDED,,N/A,EXCLUDED_BY_POLICY,game_event_creature positive eventEntry
86154,100,Gruff Swiftbite,60,,INCLUDED,HOSTILE_HUMANOID,FULL_AGENT,hostile_humanoid,NO,ACCEPTED_DEFAULT,template:100
86156,802,Jay,88,,INCLUDED,CIVILIAN,FULL_AGENT,civilian,YES,ACCEPTED_DEFAULT,template:802
86157,800,Kyle,88,,INCLUDED,CIVILIAN,FULL_AGENT,civilian,YES,ACCEPTED_DEFAULT,template:800
86158,798,Solomon,88,,INCLUDED,CIVILIAN,FULL_AGENT,civilian,YES,ACCEPTED_DEFAULT,template:798
86159,799,Kevin,88,,INCLUDED,CIVILIAN,FULL_AGENT,civilian,YES,ACCEPTED_DEFAULT,template:799
86164,60,Ruklar the Trapper,54,,INCLUDED,HOSTILE_HUMANOID,FULL_AGENT,hostile_humanoid,YES,ACCEPTED_DEFAULT,template:60
86303,25898,Elwynn Forest Flame Warden,87,1,EXCLUDED_EVENT,EXCLUDED_EVENT,EXCLUDED,,N/A,EXCLUDED_BY_POLICY,game_event_creature positive eventEntry
86354,801,Eric,88,,INCLUDED,CIVILIAN,FULL_AGENT,civilian,YES,ACCEPTED_DEFAULT,template:801
86590,23537,Headless Horseman - Fire (DND),12,12,EXCLUDED_EVENT,EXCLUDED_EVENT,EXCLUDED,,N/A,EXCLUDED_BY_POLICY,game_event_creature positive eventEntry
86714,25962,Fire Eater,87,1,EXCLUDED_EVENT,EXCLUDED_EVENT,EXCLUDED,,N/A,EXCLUDED_BY_POLICY,game_event_creature positive eventEntry
86814,119,Longsnout,60,,INCLUDED,PREY_FAUNA,LIGHTWEIGHT_BACKGROUND,fauna,NO,ACCEPTED_DEFAULT,template:119
86815,119,Longsnout,60,,INCLUDED,PREY_FAUNA,LIGHTWEIGHT_BACKGROUND,fauna,NO,ACCEPTED_DEFAULT,template:119
86816,119,Longsnout,60,,INCLUDED,PREY_FAUNA,LIGHTWEIGHT_BACKGROUND,fauna,NO,ACCEPTED_DEFAULT,template:119
86817,119,Longsnout,60,,INCLUDED,PREY_FAUNA,LIGHTWEIGHT_BACKGROUND,fauna,NO,ACCEPTED_DEFAULT,template:119
86818,119,Longsnout,60,,INCLUDED,PREY_FAUNA,LIGHTWEIGHT_BACKGROUND,fauna,NO,ACCEPTED_DEFAULT,template:119
86819,119,Longsnout,60,,INCLUDED,PREY_FAUNA,LIGHTWEIGHT_BACKGROUND,fauna,NO,ACCEPTED_DEFAULT,template:119
86820,119,Longsnout,60,,INCLUDED,PREY_FAUNA,LIGHTWEIGHT_BACKGROUND,fauna,NO,ACCEPTED_DEFAULT,template:119
86821,119,Longsnout,60,,INCLUDED,PREY_FAUNA,LIGHTWEIGHT_BACKGROUND,fauna,NO,ACCEPTED_DEFAULT,template:119
86822,119,Longsnout,60,,INCLUDED,PREY_FAUNA,LIGHTWEIGHT_BACKGROUND,fauna,NO,ACCEPTED_DEFAULT,template:119
87047,6491,Spirit Healer,9,,INCLUDED,SPECIAL_SCRIPTED,VANILLA_ONLY,spirit_healer,NO,ACCEPTED_DEFAULT,template:6491
87999,34382,Chapman,12,51,EXCLUDED_EVENT,EXCLUDED_EVENT,EXCLUDED,,N/A,EXCLUDED_BY_POLICY,game_event_creature positive eventEntry
88000,35249,Ghostly Human Celebrant,12,51,EXCLUDED_EVENT,EXCLUDED_EVENT,EXCLUDED,,N/A,EXCLUDED_BY_POLICY,game_event_creature positive eventEntry
88001,35249,Ghostly Human Celebrant,12,51,EXCLUDED_EVENT,EXCLUDED_EVENT,EXCLUDED,,N/A,EXCLUDED_BY_POLICY,game_event_creature positive eventEntry
88002,34435,Cheerful Human Spirit,12,51,EXCLUDED_EVENT,EXCLUDED_EVENT,EXCLUDED,,N/A,EXCLUDED_BY_POLICY,game_event_creature positive eventEntry
88003,35249,Ghostly Human Celebrant,12,51,EXCLUDED_EVENT,EXCLUDED_EVENT,EXCLUDED,,N/A,EXCLUDED_BY_POLICY,game_event_creature positive eventEntry
88004,35249,Ghostly Human Celebrant,12,51,EXCLUDED_EVENT,EXCLUDED_EVENT,EXCLUDED,,N/A,EXCLUDED_BY_POLICY,game_event_creature positive eventEntry
88005,35249,Ghostly Human Celebrant,12,51,EXCLUDED_EVENT,EXCLUDED_EVENT,EXCLUDED,,N/A,EXCLUDED_BY_POLICY,game_event_creature positive eventEntry
88006,35249,Ghostly Human Celebrant,12,51,EXCLUDED_EVENT,EXCLUDED_EVENT,EXCLUDED,,N/A,EXCLUDED_BY_POLICY,game_event_creature positive eventEntry
88007,35249,Ghostly Human Celebrant,12,51,EXCLUDED_EVENT,EXCLUDED_EVENT,EXCLUDED,,N/A,EXCLUDED_BY_POLICY,game_event_creature positive eventEntry
88008,35249,Ghostly Human Celebrant,12,51,EXCLUDED_EVENT,EXCLUDED_EVENT,EXCLUDED,,N/A,EXCLUDED_BY_POLICY,game_event_creature positive eventEntry
88009,35249,Ghostly Human Celebrant,12,51,EXCLUDED_EVENT,EXCLUDED_EVENT,EXCLUDED,,N/A,EXCLUDED_BY_POLICY,game_event_creature positive eventEntry
88010,35249,Ghostly Human Celebrant,12,51,EXCLUDED_EVENT,EXCLUDED_EVENT,EXCLUDED,,N/A,EXCLUDED_BY_POLICY,game_event_creature positive eventEntry
88011,34383,Catrina,12,51,EXCLUDED_EVENT,EXCLUDED_EVENT,EXCLUDED,,N/A,EXCLUDED_BY_POLICY,game_event_creature positive eventEntry
88012,35249,Ghostly Human Celebrant,12,51,EXCLUDED_EVENT,EXCLUDED_EVENT,EXCLUDED,,N/A,EXCLUDED_BY_POLICY,game_event_creature positive eventEntry
88840,23510,Thunderbrew Apprentice,12,24,EXCLUDED_EVENT,EXCLUDED_EVENT,EXCLUDED,,N/A,EXCLUDED_BY_POLICY,game_event_creature positive eventEntry
88841,23511,Gordok Brew Apprentice,12,24,EXCLUDED_EVENT,EXCLUDED_EVENT,EXCLUDED,,N/A,EXCLUDED_BY_POLICY,game_event_creature positive eventEntry
88842,24484,Brewfest Reveler,12,24,EXCLUDED_EVENT,EXCLUDED_EVENT,EXCLUDED,,N/A,EXCLUDED_BY_POLICY,game_event_creature positive eventEntry
88843,24484,Brewfest Reveler,12,24,EXCLUDED_EVENT,EXCLUDED_EVENT,EXCLUDED,,N/A,EXCLUDED_BY_POLICY,game_event_creature positive eventEntry
88844,24484,Brewfest Reveler,12,24,EXCLUDED_EVENT,EXCLUDED_EVENT,EXCLUDED,,N/A,EXCLUDED_BY_POLICY,game_event_creature positive eventEntry
88845,24484,Brewfest Reveler,12,24,EXCLUDED_EVENT,EXCLUDED_EVENT,EXCLUDED,,N/A,EXCLUDED_BY_POLICY,game_event_creature positive eventEntry
88846,23482,Barleybrew Apprentice,12,24,EXCLUDED_EVENT,EXCLUDED_EVENT,EXCLUDED,,N/A,EXCLUDED_BY_POLICY,game_event_creature positive eventEntry
88847,24484,Brewfest Reveler,12,24,EXCLUDED_EVENT,EXCLUDED_EVENT,EXCLUDED,,N/A,EXCLUDED_BY_POLICY,game_event_creature positive eventEntry
88848,24484,Brewfest Reveler,12,24,EXCLUDED_EVENT,EXCLUDED_EVENT,EXCLUDED,,N/A,EXCLUDED_BY_POLICY,game_event_creature positive eventEntry
88849,24484,Brewfest Reveler,12,24,EXCLUDED_EVENT,EXCLUDED_EVENT,EXCLUDED,,N/A,EXCLUDED_BY_POLICY,game_event_creature positive eventEntry
88850,24484,Brewfest Reveler,12,24,EXCLUDED_EVENT,EXCLUDED_EVENT,EXCLUDED,,N/A,EXCLUDED_BY_POLICY,game_event_creature positive eventEntry
89359,15760,Winter Reveler,87,2,EXCLUDED_EVENT,EXCLUDED_EVENT,EXCLUDED,,N/A,EXCLUDED_BY_POLICY,game_event_creature positive eventEntry
89360,15760,Winter Reveler,87,2,EXCLUDED_EVENT,EXCLUDED_EVENT,EXCLUDED,,N/A,EXCLUDED_BY_POLICY,game_event_creature positive eventEntry
89894,1423,Stormwind Guard,60,,INCLUDED,GUARD,FULL_AGENT,guard,NO,ACCEPTED_DEFAULT,template:1423
94559,16781,Midsummer Celebrant,87,1,EXCLUDED_EVENT,EXCLUDED_EVENT,EXCLUDED,,N/A,EXCLUDED_BY_POLICY,game_event_creature positive eventEntry
94560,16781,Midsummer Celebrant,87,1,EXCLUDED_EVENT,EXCLUDED_EVENT,EXCLUDED,,N/A,EXCLUDED_BY_POLICY,game_event_creature positive eventEntry
94561,16781,Midsummer Celebrant,87,1,EXCLUDED_EVENT,EXCLUDED_EVENT,EXCLUDED,,N/A,EXCLUDED_BY_POLICY,game_event_creature positive eventEntry
94619,16781,Midsummer Celebrant,87,1,EXCLUDED_EVENT,EXCLUDED_EVENT,EXCLUDED,,N/A,EXCLUDED_BY_POLICY,game_event_creature positive eventEntry
94768,26258,[DND] Midsummer Bonfire Faction Bunny - A,87,1,EXCLUDED_EVENT,EXCLUDED_EVENT,EXCLUDED,,N/A,EXCLUDED_BY_POLICY,game_event_creature positive eventEntry
94849,17066,Ribbon Pole Debug Target,87,1,EXCLUDED_EVENT,EXCLUDED_EVENT,EXCLUDED,,N/A,EXCLUDED_BY_POLICY,game_event_creature positive eventEntry
94904,16592,Midsummer Bonfire,87,1,EXCLUDED_EVENT,EXCLUDED_EVENT,EXCLUDED,,N/A,EXCLUDED_BY_POLICY,game_event_creature positive eventEntry
96082,26007,Arena Battlemaster,12,31,EXCLUDED_EVENT,EXCLUDED_EVENT,EXCLUDED,,N/A,EXCLUDED_BY_POLICY,game_event_creature positive eventEntry
96083,26745,[DND] TAR Pedestal - Weapons,87,31,EXCLUDED_EVENT,EXCLUDED_EVENT,EXCLUDED,,N/A,EXCLUDED_BY_POLICY,game_event_creature positive eventEntry
96084,26744,"[DND] TAR Pedestal - Glyph, Mail & Plate",87,31,EXCLUDED_EVENT,EXCLUDED_EVENT,EXCLUDED,,N/A,EXCLUDED_BY_POLICY,game_event_creature positive eventEntry
96085,26743,"[DND] TAR Pedestal - Glyph, Cloth & Leather",87,31,EXCLUDED_EVENT,EXCLUDED_EVENT,EXCLUDED,,N/A,EXCLUDED_BY_POLICY,game_event_creature positive eventEntry
96086,26759,"[DND] TAR Pedestal - Trainer, Warrior",87,31,EXCLUDED_EVENT,EXCLUDED_EVENT,EXCLUDED,,N/A,EXCLUDED_BY_POLICY,game_event_creature positive eventEntry
96087,26738,[DND] TAR Pedestal - Accessories,87,31,EXCLUDED_EVENT,EXCLUDED_EVENT,EXCLUDED,,N/A,EXCLUDED_BY_POLICY,game_event_creature positive eventEntry
96088,26745,[DND] TAR Pedestal - Weapons,87,31,EXCLUDED_EVENT,EXCLUDED_EVENT,EXCLUDED,,N/A,EXCLUDED_BY_POLICY,game_event_creature positive eventEntry
96089,26753,"[DND] TAR Pedestal - Trainer, Mage",87,31,EXCLUDED_EVENT,EXCLUDED_EVENT,EXCLUDED,,N/A,EXCLUDED_BY_POLICY,game_event_creature positive eventEntry
96090,26756,"[DND] TAR Pedestal - Trainer, Rogue",87,31,EXCLUDED_EVENT,EXCLUDED_EVENT,EXCLUDED,,N/A,EXCLUDED_BY_POLICY,game_event_creature positive eventEntry
96091,26742,"[DND] TAR Pedestal - Armor, Mail & Plate",87,31,EXCLUDED_EVENT,EXCLUDED_EVENT,EXCLUDED,,N/A,EXCLUDED_BY_POLICY,game_event_creature positive eventEntry
96092,26739,[DND] TAR Pedestal - Enchantments,87,31,EXCLUDED_EVENT,EXCLUDED_EVENT,EXCLUDED,,N/A,EXCLUDED_BY_POLICY,game_event_creature positive eventEntry
96093,26751,"[DND] TAR Pedestal - Trainer, Druid",87,31,EXCLUDED_EVENT,EXCLUDED_EVENT,EXCLUDED,,N/A,EXCLUDED_BY_POLICY,game_event_creature positive eventEntry
96094,26739,[DND] TAR Pedestal - Enchantments,87,31,EXCLUDED_EVENT,EXCLUDED_EVENT,EXCLUDED,,N/A,EXCLUDED_BY_POLICY,game_event_creature positive eventEntry
96095,26758,"[DND] TAR Pedestal - Trainer, Warlock",87,31,EXCLUDED_EVENT,EXCLUDED_EVENT,EXCLUDED,,N/A,EXCLUDED_BY_POLICY,game_event_creature positive eventEntry
96096,26748,[DND] TAR Pedestal - Beastmaster,87,31,EXCLUDED_EVENT,EXCLUDED_EVENT,EXCLUDED,,N/A,EXCLUDED_BY_POLICY,game_event_creature positive eventEntry
96097,26752,"[DND] TAR Pedestal - Trainer, Hunter",87,31,EXCLUDED_EVENT,EXCLUDED_EVENT,EXCLUDED,,N/A,EXCLUDED_BY_POLICY,game_event_creature positive eventEntry
96098,26724,"[DND] TAR Pedestal - Armor, Cloth & Leather",87,31,EXCLUDED_EVENT,EXCLUDED_EVENT,EXCLUDED,,N/A,EXCLUDED_BY_POLICY,game_event_creature positive eventEntry
96099,26309,Weapons Vendor,87,31,EXCLUDED_EVENT,EXCLUDED_EVENT,EXCLUDED,,N/A,EXCLUDED_BY_POLICY,game_event_creature positive eventEntry
96102,26332,Warrior Trainer,87,31,EXCLUDED_EVENT,EXCLUDED_EVENT,EXCLUDED,,N/A,EXCLUDED_BY_POLICY,game_event_creature positive eventEntry
96104,26309,Weapons Vendor,87,31,EXCLUDED_EVENT,EXCLUDED_EVENT,EXCLUDED,,N/A,EXCLUDED_BY_POLICY,game_event_creature positive eventEntry
96105,26326,Mage Trainer,87,31,EXCLUDED_EVENT,EXCLUDED_EVENT,EXCLUDED,,N/A,EXCLUDED_BY_POLICY,game_event_creature positive eventEntry
96106,26329,Rogue Trainer,87,31,EXCLUDED_EVENT,EXCLUDED_EVENT,EXCLUDED,,N/A,EXCLUDED_BY_POLICY,game_event_creature positive eventEntry
96108,26755,"[DND] TAR Pedestal - Trainer, Priest",87,31,EXCLUDED_EVENT,EXCLUDED_EVENT,EXCLUDED,,N/A,EXCLUDED_BY_POLICY,game_event_creature positive eventEntry
96109,26738,[DND] TAR Pedestal - Accessories,87,31,EXCLUDED_EVENT,EXCLUDED_EVENT,EXCLUDED,,N/A,EXCLUDED_BY_POLICY,game_event_creature positive eventEntry
96110,26754,"[DND] TAR Pedestal - Trainer, Paladin",87,31,EXCLUDED_EVENT,EXCLUDED_EVENT,EXCLUDED,,N/A,EXCLUDED_BY_POLICY,game_event_creature positive eventEntry
96111,26740,[DND] TAR Pedestal - Gems,87,31,EXCLUDED_EVENT,EXCLUDED_EVENT,EXCLUDED,,N/A,EXCLUDED_BY_POLICY,game_event_creature positive eventEntry
96112,26757,"[DND] TAR Pedestal - Trainer, Shaman",87,31,EXCLUDED_EVENT,EXCLUDED_EVENT,EXCLUDED,,N/A,EXCLUDED_BY_POLICY,game_event_creature positive eventEntry
96113,26740,[DND] TAR Pedestal - Gems,87,31,EXCLUDED_EVENT,EXCLUDED_EVENT,EXCLUDED,,N/A,EXCLUDED_BY_POLICY,game_event_creature positive eventEntry
96114,26740,[DND] TAR Pedestal - Gems,87,31,EXCLUDED_EVENT,EXCLUDED_EVENT,EXCLUDED,,N/A,EXCLUDED_BY_POLICY,game_event_creature positive eventEntry
96115,26745,[DND] TAR Pedestal - Weapons,87,31,EXCLUDED_EVENT,EXCLUDED_EVENT,EXCLUDED,,N/A,EXCLUDED_BY_POLICY,game_event_creature positive eventEntry
96116,26738,[DND] TAR Pedestal - Accessories,87,31,EXCLUDED_EVENT,EXCLUDED_EVENT,EXCLUDED,,N/A,EXCLUDED_BY_POLICY,game_event_creature positive eventEntry
96118,26324,Druid Trainer,87,31,EXCLUDED_EVENT,EXCLUDED_EVENT,EXCLUDED,,N/A,EXCLUDED_BY_POLICY,game_event_creature positive eventEntry
96120,26331,Warlock Trainer,87,31,EXCLUDED_EVENT,EXCLUDED_EVENT,EXCLUDED,,N/A,EXCLUDED_BY_POLICY,game_event_creature positive eventEntry
96121,26307,Beastmaster,87,31,EXCLUDED_EVENT,EXCLUDED_EVENT,EXCLUDED,,N/A,EXCLUDED_BY_POLICY,game_event_creature positive eventEntry
96122,26325,Hunter Trainer,87,31,EXCLUDED_EVENT,EXCLUDED_EVENT,EXCLUDED,,N/A,EXCLUDED_BY_POLICY,game_event_creature positive eventEntry
96124,26328,Priest Trainer,87,31,EXCLUDED_EVENT,EXCLUDED_EVENT,EXCLUDED,,N/A,EXCLUDED_BY_POLICY,game_event_creature positive eventEntry
96126,26327,Paladin Trainer,87,31,EXCLUDED_EVENT,EXCLUDED_EVENT,EXCLUDED,,N/A,EXCLUDED_BY_POLICY,game_event_creature positive eventEntry
96128,26330,Shaman Trainer,87,31,EXCLUDED_EVENT,EXCLUDED_EVENT,EXCLUDED,,N/A,EXCLUDED_BY_POLICY,game_event_creature positive eventEntry
96131,26309,Weapons Vendor,87,31,EXCLUDED_EVENT,EXCLUDED_EVENT,EXCLUDED,,N/A,EXCLUDED_BY_POLICY,game_event_creature positive eventEntry
96133,26741,[DND] TAR Pedestal - General Goods,87,31,EXCLUDED_EVENT,EXCLUDED_EVENT,EXCLUDED,,N/A,EXCLUDED_BY_POLICY,game_event_creature positive eventEntry
96134,26739,[DND] TAR Pedestal - Enchantments,87,31,EXCLUDED_EVENT,EXCLUDED_EVENT,EXCLUDED,,N/A,EXCLUDED_BY_POLICY,game_event_creature positive eventEntry
96135,26749,[DND] TAR Pedestal - Paymaster,87,31,EXCLUDED_EVENT,EXCLUDED_EVENT,EXCLUDED,,N/A,EXCLUDED_BY_POLICY,game_event_creature positive eventEntry
96137,26741,[DND] TAR Pedestal - General Goods,87,31,EXCLUDED_EVENT,EXCLUDED_EVENT,EXCLUDED,,N/A,EXCLUDED_BY_POLICY,game_event_creature positive eventEntry
96138,26741,[DND] TAR Pedestal - General Goods,87,31,EXCLUDED_EVENT,EXCLUDED_EVENT,EXCLUDED,,N/A,EXCLUDED_BY_POLICY,game_event_creature positive eventEntry
96139,26765,[DND] TAR Pedestal - Fight Promoter,87,31,EXCLUDED_EVENT,EXCLUDED_EVENT,EXCLUDED,,N/A,EXCLUDED_BY_POLICY,game_event_creature positive eventEntry
96140,26747,[DND] TAR Pedestal - Arena Organizer,87,31,EXCLUDED_EVENT,EXCLUDED_EVENT,EXCLUDED,,N/A,EXCLUDED_BY_POLICY,game_event_creature positive eventEntry
96142,26075,Paymaster,87,31,EXCLUDED_EVENT,EXCLUDED_EVENT,EXCLUDED,,N/A,EXCLUDED_BY_POLICY,game_event_creature positive eventEntry
96145,26760,Fight Promoter,87,31,EXCLUDED_EVENT,EXCLUDED_EVENT,EXCLUDED,,N/A,EXCLUDED_BY_POLICY,game_event_creature positive eventEntry
96146,26007,Arena Battlemaster,12,31,EXCLUDED_EVENT,EXCLUDED_EVENT,EXCLUDED,,N/A,EXCLUDED_BY_POLICY,game_event_creature positive eventEntry
96147,26740,[DND] TAR Pedestal - Gems,9,31,EXCLUDED_EVENT,EXCLUDED_EVENT,EXCLUDED,,N/A,EXCLUDED_BY_POLICY,game_event_creature positive eventEntry
96148,26745,[DND] TAR Pedestal - Weapons,9,31,EXCLUDED_EVENT,EXCLUDED_EVENT,EXCLUDED,,N/A,EXCLUDED_BY_POLICY,game_event_creature positive eventEntry
96149,26744,"[DND] TAR Pedestal - Glyph, Mail & Plate",9,31,EXCLUDED_EVENT,EXCLUDED_EVENT,EXCLUDED,,N/A,EXCLUDED_BY_POLICY,game_event_creature positive eventEntry
96150,26745,[DND] TAR Pedestal - Weapons,9,31,EXCLUDED_EVENT,EXCLUDED_EVENT,EXCLUDED,,N/A,EXCLUDED_BY_POLICY,game_event_creature positive eventEntry
96151,26743,"[DND] TAR Pedestal - Glyph, Cloth & Leather",9,31,EXCLUDED_EVENT,EXCLUDED_EVENT,EXCLUDED,,N/A,EXCLUDED_BY_POLICY,game_event_creature positive eventEntry
96152,26724,"[DND] TAR Pedestal - Armor, Cloth & Leather",9,31,EXCLUDED_EVENT,EXCLUDED_EVENT,EXCLUDED,,N/A,EXCLUDED_BY_POLICY,game_event_creature positive eventEntry
96154,26309,Weapons Vendor,9,31,EXCLUDED_EVENT,EXCLUDED_EVENT,EXCLUDED,,N/A,EXCLUDED_BY_POLICY,game_event_creature positive eventEntry
96156,26309,Weapons Vendor,9,31,EXCLUDED_EVENT,EXCLUDED_EVENT,EXCLUDED,,N/A,EXCLUDED_BY_POLICY,game_event_creature positive eventEntry
96158,26740,[DND] TAR Pedestal - Gems,9,31,EXCLUDED_EVENT,EXCLUDED_EVENT,EXCLUDED,,N/A,EXCLUDED_BY_POLICY,game_event_creature positive eventEntry
96159,26742,"[DND] TAR Pedestal - Armor, Mail & Plate",9,31,EXCLUDED_EVENT,EXCLUDED_EVENT,EXCLUDED,,N/A,EXCLUDED_BY_POLICY,game_event_creature positive eventEntry
96160,26738,[DND] TAR Pedestal - Accessories,9,31,EXCLUDED_EVENT,EXCLUDED_EVENT,EXCLUDED,,N/A,EXCLUDED_BY_POLICY,game_event_creature positive eventEntry
96161,26738,[DND] TAR Pedestal - Accessories,9,31,EXCLUDED_EVENT,EXCLUDED_EVENT,EXCLUDED,,N/A,EXCLUDED_BY_POLICY,game_event_creature positive eventEntry
96162,26738,[DND] TAR Pedestal - Accessories,9,31,EXCLUDED_EVENT,EXCLUDED_EVENT,EXCLUDED,,N/A,EXCLUDED_BY_POLICY,game_event_creature positive eventEntry
96164,26309,Weapons Vendor,9,31,EXCLUDED_EVENT,EXCLUDED_EVENT,EXCLUDED,,N/A,EXCLUDED_BY_POLICY,game_event_creature positive eventEntry
96170,26740,[DND] TAR Pedestal - Gems,9,31,EXCLUDED_EVENT,EXCLUDED_EVENT,EXCLUDED,,N/A,EXCLUDED_BY_POLICY,game_event_creature positive eventEntry
96171,26739,[DND] TAR Pedestal - Enchantments,9,31,EXCLUDED_EVENT,EXCLUDED_EVENT,EXCLUDED,,N/A,EXCLUDED_BY_POLICY,game_event_creature positive eventEntry
96173,26739,[DND] TAR Pedestal - Enchantments,9,31,EXCLUDED_EVENT,EXCLUDED_EVENT,EXCLUDED,,N/A,EXCLUDED_BY_POLICY,game_event_creature positive eventEntry
96174,26739,[DND] TAR Pedestal - Enchantments,9,31,EXCLUDED_EVENT,EXCLUDED_EVENT,EXCLUDED,,N/A,EXCLUDED_BY_POLICY,game_event_creature positive eventEntry
96177,26756,"[DND] TAR Pedestal - Trainer, Rogue",9,31,EXCLUDED_EVENT,EXCLUDED_EVENT,EXCLUDED,,N/A,EXCLUDED_BY_POLICY,game_event_creature positive eventEntry
96178,26755,"[DND] TAR Pedestal - Trainer, Priest",9,31,EXCLUDED_EVENT,EXCLUDED_EVENT,EXCLUDED,,N/A,EXCLUDED_BY_POLICY,game_event_creature positive eventEntry
96179,26758,"[DND] TAR Pedestal - Trainer, Warlock",9,31,EXCLUDED_EVENT,EXCLUDED_EVENT,EXCLUDED,,N/A,EXCLUDED_BY_POLICY,game_event_creature positive eventEntry
96180,26329,Rogue Trainer,9,31,EXCLUDED_EVENT,EXCLUDED_EVENT,EXCLUDED,,N/A,EXCLUDED_BY_POLICY,game_event_creature positive eventEntry
96181,26759,"[DND] TAR Pedestal - Trainer, Warrior",9,31,EXCLUDED_EVENT,EXCLUDED_EVENT,EXCLUDED,,N/A,EXCLUDED_BY_POLICY,game_event_creature positive eventEntry
96182,26753,"[DND] TAR Pedestal - Trainer, Mage",9,31,EXCLUDED_EVENT,EXCLUDED_EVENT,EXCLUDED,,N/A,EXCLUDED_BY_POLICY,game_event_creature positive eventEntry
96183,26757,"[DND] TAR Pedestal - Trainer, Shaman",9,31,EXCLUDED_EVENT,EXCLUDED_EVENT,EXCLUDED,,N/A,EXCLUDED_BY_POLICY,game_event_creature positive eventEntry
96184,26328,Priest Trainer,9,31,EXCLUDED_EVENT,EXCLUDED_EVENT,EXCLUDED,,N/A,EXCLUDED_BY_POLICY,game_event_creature positive eventEntry
96185,26331,Warlock Trainer,9,31,EXCLUDED_EVENT,EXCLUDED_EVENT,EXCLUDED,,N/A,EXCLUDED_BY_POLICY,game_event_creature positive eventEntry
96186,26332,Warrior Trainer,9,31,EXCLUDED_EVENT,EXCLUDED_EVENT,EXCLUDED,,N/A,EXCLUDED_BY_POLICY,game_event_creature positive eventEntry
96187,26326,Mage Trainer,9,31,EXCLUDED_EVENT,EXCLUDED_EVENT,EXCLUDED,,N/A,EXCLUDED_BY_POLICY,game_event_creature positive eventEntry
96188,26327,Paladin Trainer,9,31,EXCLUDED_EVENT,EXCLUDED_EVENT,EXCLUDED,,N/A,EXCLUDED_BY_POLICY,game_event_creature positive eventEntry
96189,26330,Shaman Trainer,9,31,EXCLUDED_EVENT,EXCLUDED_EVENT,EXCLUDED,,N/A,EXCLUDED_BY_POLICY,game_event_creature positive eventEntry
96190,26747,[DND] TAR Pedestal - Arena Organizer,9,31,EXCLUDED_EVENT,EXCLUDED_EVENT,EXCLUDED,,N/A,EXCLUDED_BY_POLICY,game_event_creature positive eventEntry
96191,26752,"[DND] TAR Pedestal - Trainer, Hunter",9,31,EXCLUDED_EVENT,EXCLUDED_EVENT,EXCLUDED,,N/A,EXCLUDED_BY_POLICY,game_event_creature positive eventEntry
96192,26748,[DND] TAR Pedestal - Beastmaster,9,31,EXCLUDED_EVENT,EXCLUDED_EVENT,EXCLUDED,,N/A,EXCLUDED_BY_POLICY,game_event_creature positive eventEntry
96193,26765,[DND] TAR Pedestal - Fight Promoter,9,31,EXCLUDED_EVENT,EXCLUDED_EVENT,EXCLUDED,,N/A,EXCLUDED_BY_POLICY,game_event_creature positive eventEntry
96194,26012,Arena Organizer,9,31,EXCLUDED_EVENT,EXCLUDED_EVENT,EXCLUDED,,N/A,EXCLUDED_BY_POLICY,game_event_creature positive eventEntry
96195,26751,"[DND] TAR Pedestal - Trainer, Druid",9,31,EXCLUDED_EVENT,EXCLUDED_EVENT,EXCLUDED,,N/A,EXCLUDED_BY_POLICY,game_event_creature positive eventEntry
96196,26325,Hunter Trainer,9,31,EXCLUDED_EVENT,EXCLUDED_EVENT,EXCLUDED,,N/A,EXCLUDED_BY_POLICY,game_event_creature positive eventEntry
96197,26307,Beastmaster,9,31,EXCLUDED_EVENT,EXCLUDED_EVENT,EXCLUDED,,N/A,EXCLUDED_BY_POLICY,game_event_creature positive eventEntry
96198,26760,Fight Promoter,9,31,EXCLUDED_EVENT,EXCLUDED_EVENT,EXCLUDED,,N/A,EXCLUDED_BY_POLICY,game_event_creature positive eventEntry
96199,26324,Druid Trainer,9,31,EXCLUDED_EVENT,EXCLUDED_EVENT,EXCLUDED,,N/A,EXCLUDED_BY_POLICY,game_event_creature positive eventEntry
96200,26741,[DND] TAR Pedestal - General Goods,9,31,EXCLUDED_EVENT,EXCLUDED_EVENT,EXCLUDED,,N/A,EXCLUDED_BY_POLICY,game_event_creature positive eventEntry
96201,26749,[DND] TAR Pedestal - Paymaster,9,31,EXCLUDED_EVENT,EXCLUDED_EVENT,EXCLUDED,,N/A,EXCLUDED_BY_POLICY,game_event_creature positive eventEntry
96202,26741,[DND] TAR Pedestal - General Goods,9,31,EXCLUDED_EVENT,EXCLUDED_EVENT,EXCLUDED,,N/A,EXCLUDED_BY_POLICY,game_event_creature positive eventEntry
96204,26075,Paymaster,9,31,EXCLUDED_EVENT,EXCLUDED_EVENT,EXCLUDED,,N/A,EXCLUDED_BY_POLICY,game_event_creature positive eventEntry
100156,6491,Spirit Healer,91,,INCLUDED,SPECIAL_SCRIPTED,VANILLA_ONLY,spirit_healer,NO,ACCEPTED_DEFAULT,template:6491
111084,15218,Faire Cannon Trigger,12,4,EXCLUDED_EVENT,EXCLUDED_EVENT,EXCLUDED,,N/A,EXCLUDED_BY_POLICY,game_event_creature positive eventEntry
120789,68,Stormwind City Guard,12,,INCLUDED,GUARD,FULL_AGENT,guard,NO,ACCEPTED_DEFAULT,template:68
134000,472,Fedfennel,86,,INCLUDED,HOSTILE_HUMANOID,FULL_AGENT,hostile_humanoid,NO,ACCEPTED_DEFAULT,template:472
134001,472,Fedfennel,86,,INCLUDED,HOSTILE_HUMANOID,FULL_AGENT,hostile_humanoid,NO,ACCEPTED_DEFAULT,template:472
134002,472,Fedfennel,86,,INCLUDED,HOSTILE_HUMANOID,FULL_AGENT,hostile_humanoid,NO,ACCEPTED_DEFAULT,template:472
134003,100,Gruff Swiftbite,60,,INCLUDED,HOSTILE_HUMANOID,FULL_AGENT,hostile_humanoid,NO,ACCEPTED_DEFAULT,template:100
134004,100,Gruff Swiftbite,60,,INCLUDED,HOSTILE_HUMANOID,FULL_AGENT,hostile_humanoid,NO,ACCEPTED_DEFAULT,template:100
134005,100,Gruff Swiftbite,60,,INCLUDED,HOSTILE_HUMANOID,FULL_AGENT,hostile_humanoid,NO,ACCEPTED_DEFAULT,template:100
134006,100,Gruff Swiftbite,60,,INCLUDED,HOSTILE_HUMANOID,FULL_AGENT,hostile_humanoid,NO,ACCEPTED_DEFAULT,template:100
134007,61,Thuros Lightfingers,92,,INCLUDED,HOSTILE_HUMANOID,FULL_AGENT,hostile_humanoid,NO,ACCEPTED_DEFAULT,template:61
134008,61,Thuros Lightfingers,92,,INCLUDED,HOSTILE_HUMANOID,FULL_AGENT,hostile_humanoid,NO,ACCEPTED_DEFAULT,template:61
134009,61,Thuros Lightfingers,92,,INCLUDED,HOSTILE_HUMANOID,FULL_AGENT,hostile_humanoid,NO,ACCEPTED_DEFAULT,template:61
134010,61,Thuros Lightfingers,797,,INCLUDED,HOSTILE_HUMANOID,FULL_AGENT,hostile_humanoid,NO,ACCEPTED_DEFAULT,template:61
134011,61,Thuros Lightfingers,797,,INCLUDED,HOSTILE_HUMANOID,FULL_AGENT,hostile_humanoid,NO,ACCEPTED_DEFAULT,template:61
134012,61,Thuros Lightfingers,12,,INCLUDED,HOSTILE_HUMANOID,FULL_AGENT,hostile_humanoid,NO,ACCEPTED_DEFAULT,template:61
134013,61,Thuros Lightfingers,12,,INCLUDED,HOSTILE_HUMANOID,FULL_AGENT,hostile_humanoid,NO,ACCEPTED_DEFAULT,template:61
138284,32823,Bountiful Table,12,26,EXCLUDED_EVENT,EXCLUDED_EVENT,EXCLUDED,,N/A,EXCLUDED_BY_POLICY,game_event_creature positive eventEntry
138285,32823,Bountiful Table,12,26,EXCLUDED_EVENT,EXCLUDED_EVENT,EXCLUDED,,N/A,EXCLUDED_BY_POLICY,game_event_creature positive eventEntry
138286,32823,Bountiful Table,12,26,EXCLUDED_EVENT,EXCLUDED_EVENT,EXCLUDED,,N/A,EXCLUDED_BY_POLICY,game_event_creature positive eventEntry
138287,32823,Bountiful Table,12,26,EXCLUDED_EVENT,EXCLUDED_EVENT,EXCLUDED,,N/A,EXCLUDED_BY_POLICY,game_event_creature positive eventEntry
138307,34653,Bountiful Table Hostess,12,26,EXCLUDED_EVENT,EXCLUDED_EVENT,EXCLUDED,,N/A,EXCLUDED_BY_POLICY,game_event_creature positive eventEntry
138308,34710,Ellen Moore,12,26,EXCLUDED_EVENT,EXCLUDED_EVENT,EXCLUDED,,N/A,EXCLUDED_BY_POLICY,game_event_creature positive eventEntry
138309,35337,Bountiful Barrel,12,26,EXCLUDED_EVENT,EXCLUDED_EVENT,EXCLUDED,,N/A,EXCLUDED_BY_POLICY,game_event_creature positive eventEntry
138310,34744,Jasper Moore,12,26,EXCLUDED_EVENT,EXCLUDED_EVENT,EXCLUDED,,N/A,EXCLUDED_BY_POLICY,game_event_creature positive eventEntry
138311,34682,Wilmina Holbeck,12,26,EXCLUDED_EVENT,EXCLUDED_EVENT,EXCLUDED,,N/A,EXCLUDED_BY_POLICY,game_event_creature positive eventEntry
138312,34675,Gregory Tabor,12,26,EXCLUDED_EVENT,EXCLUDED_EVENT,EXCLUDED,,N/A,EXCLUDED_BY_POLICY,game_event_creature positive eventEntry
138515,32820,Wild Turkey,60,26,EXCLUDED_EVENT,EXCLUDED_EVENT,EXCLUDED,,N/A,EXCLUDED_BY_POLICY,game_event_creature positive eventEntry
138517,32820,Wild Turkey,60,26,EXCLUDED_EVENT,EXCLUDED_EVENT,EXCLUDED,,N/A,EXCLUDED_BY_POLICY,game_event_creature positive eventEntry
138518,32820,Wild Turkey,60,26,EXCLUDED_EVENT,EXCLUDED_EVENT,EXCLUDED,,N/A,EXCLUDED_BY_POLICY,game_event_creature positive eventEntry
138519,32820,Wild Turkey,60,26,EXCLUDED_EVENT,EXCLUDED_EVENT,EXCLUDED,,N/A,EXCLUDED_BY_POLICY,game_event_creature positive eventEntry
138520,32820,Wild Turkey,60,26,EXCLUDED_EVENT,EXCLUDED_EVENT,EXCLUDED,,N/A,EXCLUDED_BY_POLICY,game_event_creature positive eventEntry
138521,32820,Wild Turkey,60,26,EXCLUDED_EVENT,EXCLUDED_EVENT,EXCLUDED,,N/A,EXCLUDED_BY_POLICY,game_event_creature positive eventEntry
138522,32820,Wild Turkey,64,26,EXCLUDED_EVENT,EXCLUDED_EVENT,EXCLUDED,,N/A,EXCLUDED_BY_POLICY,game_event_creature positive eventEntry
138523,32820,Wild Turkey,60,26,EXCLUDED_EVENT,EXCLUDED_EVENT,EXCLUDED,,N/A,EXCLUDED_BY_POLICY,game_event_creature positive eventEntry
138524,32820,Wild Turkey,64,26,EXCLUDED_EVENT,EXCLUDED_EVENT,EXCLUDED,,N/A,EXCLUDED_BY_POLICY,game_event_creature positive eventEntry
138525,32820,Wild Turkey,64,26,EXCLUDED_EVENT,EXCLUDED_EVENT,EXCLUDED,,N/A,EXCLUDED_BY_POLICY,game_event_creature positive eventEntry
138526,32820,Wild Turkey,57,26,EXCLUDED_EVENT,EXCLUDED_EVENT,EXCLUDED,,N/A,EXCLUDED_BY_POLICY,game_event_creature positive eventEntry
138527,32820,Wild Turkey,64,26,EXCLUDED_EVENT,EXCLUDED_EVENT,EXCLUDED,,N/A,EXCLUDED_BY_POLICY,game_event_creature positive eventEntry
138528,32820,Wild Turkey,64,26,EXCLUDED_EVENT,EXCLUDED_EVENT,EXCLUDED,,N/A,EXCLUDED_BY_POLICY,game_event_creature positive eventEntry
138529,32820,Wild Turkey,60,26,EXCLUDED_EVENT,EXCLUDED_EVENT,EXCLUDED,,N/A,EXCLUDED_BY_POLICY,game_event_creature positive eventEntry
138530,32820,Wild Turkey,57,26,EXCLUDED_EVENT,EXCLUDED_EVENT,EXCLUDED,,N/A,EXCLUDED_BY_POLICY,game_event_creature positive eventEntry
138531,32820,Wild Turkey,64,26,EXCLUDED_EVENT,EXCLUDED_EVENT,EXCLUDED,,N/A,EXCLUDED_BY_POLICY,game_event_creature positive eventEntry
138532,32820,Wild Turkey,64,26,EXCLUDED_EVENT,EXCLUDED_EVENT,EXCLUDED,,N/A,EXCLUDED_BY_POLICY,game_event_creature positive eventEntry
138533,32820,Wild Turkey,57,26,EXCLUDED_EVENT,EXCLUDED_EVENT,EXCLUDED,,N/A,EXCLUDED_BY_POLICY,game_event_creature positive eventEntry
138534,32820,Wild Turkey,64,26,EXCLUDED_EVENT,EXCLUDED_EVENT,EXCLUDED,,N/A,EXCLUDED_BY_POLICY,game_event_creature positive eventEntry
138535,32820,Wild Turkey,60,26,EXCLUDED_EVENT,EXCLUDED_EVENT,EXCLUDED,,N/A,EXCLUDED_BY_POLICY,game_event_creature positive eventEntry
138536,32820,Wild Turkey,60,26,EXCLUDED_EVENT,EXCLUDED_EVENT,EXCLUDED,,N/A,EXCLUDED_BY_POLICY,game_event_creature positive eventEntry
138537,32820,Wild Turkey,63,26,EXCLUDED_EVENT,EXCLUDED_EVENT,EXCLUDED,,N/A,EXCLUDED_BY_POLICY,game_event_creature positive eventEntry
138538,32820,Wild Turkey,64,26,EXCLUDED_EVENT,EXCLUDED_EVENT,EXCLUDED,,N/A,EXCLUDED_BY_POLICY,game_event_creature positive eventEntry
138539,32820,Wild Turkey,64,26,EXCLUDED_EVENT,EXCLUDED_EVENT,EXCLUDED,,N/A,EXCLUDED_BY_POLICY,game_event_creature positive eventEntry
138540,32820,Wild Turkey,57,26,EXCLUDED_EVENT,EXCLUDED_EVENT,EXCLUDED,,N/A,EXCLUDED_BY_POLICY,game_event_creature positive eventEntry
138541,32820,Wild Turkey,63,26,EXCLUDED_EVENT,EXCLUDED_EVENT,EXCLUDED,,N/A,EXCLUDED_BY_POLICY,game_event_creature positive eventEntry
138542,32820,Wild Turkey,60,26,EXCLUDED_EVENT,EXCLUDED_EVENT,EXCLUDED,,N/A,EXCLUDED_BY_POLICY,game_event_creature positive eventEntry
138543,32820,Wild Turkey,64,26,EXCLUDED_EVENT,EXCLUDED_EVENT,EXCLUDED,,N/A,EXCLUDED_BY_POLICY,game_event_creature positive eventEntry
138544,32820,Wild Turkey,57,26,EXCLUDED_EVENT,EXCLUDED_EVENT,EXCLUDED,,N/A,EXCLUDED_BY_POLICY,game_event_creature positive eventEntry
138545,32820,Wild Turkey,57,26,EXCLUDED_EVENT,EXCLUDED_EVENT,EXCLUDED,,N/A,EXCLUDED_BY_POLICY,game_event_creature positive eventEntry
138546,32820,Wild Turkey,64,26,EXCLUDED_EVENT,EXCLUDED_EVENT,EXCLUDED,,N/A,EXCLUDED_BY_POLICY,game_event_creature positive eventEntry
138547,32820,Wild Turkey,60,26,EXCLUDED_EVENT,EXCLUDED_EVENT,EXCLUDED,,N/A,EXCLUDED_BY_POLICY,game_event_creature positive eventEntry
138548,32820,Wild Turkey,57,26,EXCLUDED_EVENT,EXCLUDED_EVENT,EXCLUDED,,N/A,EXCLUDED_BY_POLICY,game_event_creature positive eventEntry
138549,32820,Wild Turkey,57,26,EXCLUDED_EVENT,EXCLUDED_EVENT,EXCLUDED,,N/A,EXCLUDED_BY_POLICY,game_event_creature positive eventEntry
138550,32820,Wild Turkey,63,26,EXCLUDED_EVENT,EXCLUDED_EVENT,EXCLUDED,,N/A,EXCLUDED_BY_POLICY,game_event_creature positive eventEntry
138551,32820,Wild Turkey,60,26,EXCLUDED_EVENT,EXCLUDED_EVENT,EXCLUDED,,N/A,EXCLUDED_BY_POLICY,game_event_creature positive eventEntry
138552,32820,Wild Turkey,63,26,EXCLUDED_EVENT,EXCLUDED_EVENT,EXCLUDED,,N/A,EXCLUDED_BY_POLICY,game_event_creature positive eventEntry
138553,32820,Wild Turkey,57,26,EXCLUDED_EVENT,EXCLUDED_EVENT,EXCLUDED,,N/A,EXCLUDED_BY_POLICY,game_event_creature positive eventEntry
138554,32820,Wild Turkey,57,26,EXCLUDED_EVENT,EXCLUDED_EVENT,EXCLUDED,,N/A,EXCLUDED_BY_POLICY,game_event_creature positive eventEntry
138555,32820,Wild Turkey,63,26,EXCLUDED_EVENT,EXCLUDED_EVENT,EXCLUDED,,N/A,EXCLUDED_BY_POLICY,game_event_creature positive eventEntry
138556,32820,Wild Turkey,63,26,EXCLUDED_EVENT,EXCLUDED_EVENT,EXCLUDED,,N/A,EXCLUDED_BY_POLICY,game_event_creature positive eventEntry
138557,32820,Wild Turkey,63,26,EXCLUDED_EVENT,EXCLUDED_EVENT,EXCLUDED,,N/A,EXCLUDED_BY_POLICY,game_event_creature positive eventEntry
138559,32820,Wild Turkey,57,26,EXCLUDED_EVENT,EXCLUDED_EVENT,EXCLUDED,,N/A,EXCLUDED_BY_POLICY,game_event_creature positive eventEntry
138560,32820,Wild Turkey,57,26,EXCLUDED_EVENT,EXCLUDED_EVENT,EXCLUDED,,N/A,EXCLUDED_BY_POLICY,game_event_creature positive eventEntry
138561,32820,Wild Turkey,63,26,EXCLUDED_EVENT,EXCLUDED_EVENT,EXCLUDED,,N/A,EXCLUDED_BY_POLICY,game_event_creature positive eventEntry
138562,32820,Wild Turkey,63,26,EXCLUDED_EVENT,EXCLUDED_EVENT,EXCLUDED,,N/A,EXCLUDED_BY_POLICY,game_event_creature positive eventEntry
138563,32820,Wild Turkey,57,26,EXCLUDED_EVENT,EXCLUDED_EVENT,EXCLUDED,,N/A,EXCLUDED_BY_POLICY,game_event_creature positive eventEntry
138564,32820,Wild Turkey,63,26,EXCLUDED_EVENT,EXCLUDED_EVENT,EXCLUDED,,N/A,EXCLUDED_BY_POLICY,game_event_creature positive eventEntry
138565,32820,Wild Turkey,63,26,EXCLUDED_EVENT,EXCLUDED_EVENT,EXCLUDED,,N/A,EXCLUDED_BY_POLICY,game_event_creature positive eventEntry
138566,32820,Wild Turkey,63,26,EXCLUDED_EVENT,EXCLUDED_EVENT,EXCLUDED,,N/A,EXCLUDED_BY_POLICY,game_event_creature positive eventEntry
138567,32820,Wild Turkey,60,26,EXCLUDED_EVENT,EXCLUDED_EVENT,EXCLUDED,,N/A,EXCLUDED_BY_POLICY,game_event_creature positive eventEntry
138568,32820,Wild Turkey,60,26,EXCLUDED_EVENT,EXCLUDED_EVENT,EXCLUDED,,N/A,EXCLUDED_BY_POLICY,game_event_creature positive eventEntry
138569,32820,Wild Turkey,64,26,EXCLUDED_EVENT,EXCLUDED_EVENT,EXCLUDED,,N/A,EXCLUDED_BY_POLICY,game_event_creature positive eventEntry
138570,32820,Wild Turkey,60,26,EXCLUDED_EVENT,EXCLUDED_EVENT,EXCLUDED,,N/A,EXCLUDED_BY_POLICY,game_event_creature positive eventEntry
138571,32820,Wild Turkey,64,26,EXCLUDED_EVENT,EXCLUDED_EVENT,EXCLUDED,,N/A,EXCLUDED_BY_POLICY,game_event_creature positive eventEntry
138572,32820,Wild Turkey,64,26,EXCLUDED_EVENT,EXCLUDED_EVENT,EXCLUDED,,N/A,EXCLUDED_BY_POLICY,game_event_creature positive eventEntry
138573,32820,Wild Turkey,57,26,EXCLUDED_EVENT,EXCLUDED_EVENT,EXCLUDED,,N/A,EXCLUDED_BY_POLICY,game_event_creature positive eventEntry
138574,32820,Wild Turkey,57,26,EXCLUDED_EVENT,EXCLUDED_EVENT,EXCLUDED,,N/A,EXCLUDED_BY_POLICY,game_event_creature positive eventEntry
138575,32820,Wild Turkey,63,26,EXCLUDED_EVENT,EXCLUDED_EVENT,EXCLUDED,,N/A,EXCLUDED_BY_POLICY,game_event_creature positive eventEntry
138577,32820,Wild Turkey,797,26,EXCLUDED_EVENT,EXCLUDED_EVENT,EXCLUDED,,N/A,EXCLUDED_BY_POLICY,game_event_creature positive eventEntry
138579,32820,Wild Turkey,12,26,EXCLUDED_EVENT,EXCLUDED_EVENT,EXCLUDED,,N/A,EXCLUDED_BY_POLICY,game_event_creature positive eventEntry
138580,32820,Wild Turkey,12,26,EXCLUDED_EVENT,EXCLUDED_EVENT,EXCLUDED,,N/A,EXCLUDED_BY_POLICY,game_event_creature positive eventEntry
138581,32820,Wild Turkey,12,26,EXCLUDED_EVENT,EXCLUDED_EVENT,EXCLUDED,,N/A,EXCLUDED_BY_POLICY,game_event_creature positive eventEntry
138582,32820,Wild Turkey,797,26,EXCLUDED_EVENT,EXCLUDED_EVENT,EXCLUDED,,N/A,EXCLUDED_BY_POLICY,game_event_creature positive eventEntry
138583,32820,Wild Turkey,64,26,EXCLUDED_EVENT,EXCLUDED_EVENT,EXCLUDED,,N/A,EXCLUDED_BY_POLICY,game_event_creature positive eventEntry
138584,32820,Wild Turkey,60,26,EXCLUDED_EVENT,EXCLUDED_EVENT,EXCLUDED,,N/A,EXCLUDED_BY_POLICY,game_event_creature positive eventEntry
138585,32820,Wild Turkey,797,26,EXCLUDED_EVENT,EXCLUDED_EVENT,EXCLUDED,,N/A,EXCLUDED_BY_POLICY,game_event_creature positive eventEntry
138586,32820,Wild Turkey,64,26,EXCLUDED_EVENT,EXCLUDED_EVENT,EXCLUDED,,N/A,EXCLUDED_BY_POLICY,game_event_creature positive eventEntry
138587,32820,Wild Turkey,60,26,EXCLUDED_EVENT,EXCLUDED_EVENT,EXCLUDED,,N/A,EXCLUDED_BY_POLICY,game_event_creature positive eventEntry
138588,32820,Wild Turkey,63,26,EXCLUDED_EVENT,EXCLUDED_EVENT,EXCLUDED,,N/A,EXCLUDED_BY_POLICY,game_event_creature positive eventEntry
138589,32820,Wild Turkey,60,26,EXCLUDED_EVENT,EXCLUDED_EVENT,EXCLUDED,,N/A,EXCLUDED_BY_POLICY,game_event_creature positive eventEntry
138590,32820,Wild Turkey,60,26,EXCLUDED_EVENT,EXCLUDED_EVENT,EXCLUDED,,N/A,EXCLUDED_BY_POLICY,game_event_creature positive eventEntry
138591,32820,Wild Turkey,797,26,EXCLUDED_EVENT,EXCLUDED_EVENT,EXCLUDED,,N/A,EXCLUDED_BY_POLICY,game_event_creature positive eventEntry
138592,32820,Wild Turkey,64,26,EXCLUDED_EVENT,EXCLUDED_EVENT,EXCLUDED,,N/A,EXCLUDED_BY_POLICY,game_event_creature positive eventEntry
138593,32820,Wild Turkey,797,26,EXCLUDED_EVENT,EXCLUDED_EVENT,EXCLUDED,,N/A,EXCLUDED_BY_POLICY,game_event_creature positive eventEntry
138594,32820,Wild Turkey,64,26,EXCLUDED_EVENT,EXCLUDED_EVENT,EXCLUDED,,N/A,EXCLUDED_BY_POLICY,game_event_creature positive eventEntry
138595,32820,Wild Turkey,60,26,EXCLUDED_EVENT,EXCLUDED_EVENT,EXCLUDED,,N/A,EXCLUDED_BY_POLICY,game_event_creature positive eventEntry
138596,32820,Wild Turkey,797,26,EXCLUDED_EVENT,EXCLUDED_EVENT,EXCLUDED,,N/A,EXCLUDED_BY_POLICY,game_event_creature positive eventEntry
138598,32820,Wild Turkey,60,26,EXCLUDED_EVENT,EXCLUDED_EVENT,EXCLUDED,,N/A,EXCLUDED_BY_POLICY,game_event_creature positive eventEntry
138599,32820,Wild Turkey,60,26,EXCLUDED_EVENT,EXCLUDED_EVENT,EXCLUDED,,N/A,EXCLUDED_BY_POLICY,game_event_creature positive eventEntry
138600,32820,Wild Turkey,12,26,EXCLUDED_EVENT,EXCLUDED_EVENT,EXCLUDED,,N/A,EXCLUDED_BY_POLICY,game_event_creature positive eventEntry
138601,32820,Wild Turkey,12,26,EXCLUDED_EVENT,EXCLUDED_EVENT,EXCLUDED,,N/A,EXCLUDED_BY_POLICY,game_event_creature positive eventEntry
138602,32820,Wild Turkey,797,26,EXCLUDED_EVENT,EXCLUDED_EVENT,EXCLUDED,,N/A,EXCLUDED_BY_POLICY,game_event_creature positive eventEntry
138603,32820,Wild Turkey,12,26,EXCLUDED_EVENT,EXCLUDED_EVENT,EXCLUDED,,N/A,EXCLUDED_BY_POLICY,game_event_creature positive eventEntry
138604,32820,Wild Turkey,12,26,EXCLUDED_EVENT,EXCLUDED_EVENT,EXCLUDED,,N/A,EXCLUDED_BY_POLICY,game_event_creature positive eventEntry
138605,32820,Wild Turkey,12,26,EXCLUDED_EVENT,EXCLUDED_EVENT,EXCLUDED,,N/A,EXCLUDED_BY_POLICY,game_event_creature positive eventEntry
138606,32820,Wild Turkey,797,26,EXCLUDED_EVENT,EXCLUDED_EVENT,EXCLUDED,,N/A,EXCLUDED_BY_POLICY,game_event_creature positive eventEntry
138607,32820,Wild Turkey,62,26,EXCLUDED_EVENT,EXCLUDED_EVENT,EXCLUDED,,N/A,EXCLUDED_BY_POLICY,game_event_creature positive eventEntry
138608,32820,Wild Turkey,64,26,EXCLUDED_EVENT,EXCLUDED_EVENT,EXCLUDED,,N/A,EXCLUDED_BY_POLICY,game_event_creature positive eventEntry
138609,32820,Wild Turkey,12,26,EXCLUDED_EVENT,EXCLUDED_EVENT,EXCLUDED,,N/A,EXCLUDED_BY_POLICY,game_event_creature positive eventEntry
138610,32820,Wild Turkey,64,26,EXCLUDED_EVENT,EXCLUDED_EVENT,EXCLUDED,,N/A,EXCLUDED_BY_POLICY,game_event_creature positive eventEntry
138611,32820,Wild Turkey,12,26,EXCLUDED_EVENT,EXCLUDED_EVENT,EXCLUDED,,N/A,EXCLUDED_BY_POLICY,game_event_creature positive eventEntry
138612,32820,Wild Turkey,12,26,EXCLUDED_EVENT,EXCLUDED_EVENT,EXCLUDED,,N/A,EXCLUDED_BY_POLICY,game_event_creature positive eventEntry
138613,32820,Wild Turkey,60,26,EXCLUDED_EVENT,EXCLUDED_EVENT,EXCLUDED,,N/A,EXCLUDED_BY_POLICY,game_event_creature positive eventEntry
138614,32820,Wild Turkey,797,26,EXCLUDED_EVENT,EXCLUDED_EVENT,EXCLUDED,,N/A,EXCLUDED_BY_POLICY,game_event_creature positive eventEntry
138615,32820,Wild Turkey,62,26,EXCLUDED_EVENT,EXCLUDED_EVENT,EXCLUDED,,N/A,EXCLUDED_BY_POLICY,game_event_creature positive eventEntry
138616,32820,Wild Turkey,64,26,EXCLUDED_EVENT,EXCLUDED_EVENT,EXCLUDED,,N/A,EXCLUDED_BY_POLICY,game_event_creature positive eventEntry
138617,32820,Wild Turkey,63,26,EXCLUDED_EVENT,EXCLUDED_EVENT,EXCLUDED,,N/A,EXCLUDED_BY_POLICY,game_event_creature positive eventEntry
138618,32820,Wild Turkey,60,26,EXCLUDED_EVENT,EXCLUDED_EVENT,EXCLUDED,,N/A,EXCLUDED_BY_POLICY,game_event_creature positive eventEntry
138620,32820,Wild Turkey,62,26,EXCLUDED_EVENT,EXCLUDED_EVENT,EXCLUDED,,N/A,EXCLUDED_BY_POLICY,game_event_creature positive eventEntry
138621,32820,Wild Turkey,62,26,EXCLUDED_EVENT,EXCLUDED_EVENT,EXCLUDED,,N/A,EXCLUDED_BY_POLICY,game_event_creature positive eventEntry
138622,32820,Wild Turkey,60,26,EXCLUDED_EVENT,EXCLUDED_EVENT,EXCLUDED,,N/A,EXCLUDED_BY_POLICY,game_event_creature positive eventEntry
138623,32820,Wild Turkey,12,26,EXCLUDED_EVENT,EXCLUDED_EVENT,EXCLUDED,,N/A,EXCLUDED_BY_POLICY,game_event_creature positive eventEntry
138624,32820,Wild Turkey,63,26,EXCLUDED_EVENT,EXCLUDED_EVENT,EXCLUDED,,N/A,EXCLUDED_BY_POLICY,game_event_creature positive eventEntry
138625,32820,Wild Turkey,62,26,EXCLUDED_EVENT,EXCLUDED_EVENT,EXCLUDED,,N/A,EXCLUDED_BY_POLICY,game_event_creature positive eventEntry
138626,32820,Wild Turkey,12,26,EXCLUDED_EVENT,EXCLUDED_EVENT,EXCLUDED,,N/A,EXCLUDED_BY_POLICY,game_event_creature positive eventEntry
138627,32820,Wild Turkey,12,26,EXCLUDED_EVENT,EXCLUDED_EVENT,EXCLUDED,,N/A,EXCLUDED_BY_POLICY,game_event_creature positive eventEntry
138628,32820,Wild Turkey,797,26,EXCLUDED_EVENT,EXCLUDED_EVENT,EXCLUDED,,N/A,EXCLUDED_BY_POLICY,game_event_creature positive eventEntry
138629,32820,Wild Turkey,64,26,EXCLUDED_EVENT,EXCLUDED_EVENT,EXCLUDED,,N/A,EXCLUDED_BY_POLICY,game_event_creature positive eventEntry
138630,32820,Wild Turkey,12,26,EXCLUDED_EVENT,EXCLUDED_EVENT,EXCLUDED,,N/A,EXCLUDED_BY_POLICY,game_event_creature positive eventEntry
138631,32820,Wild Turkey,12,26,EXCLUDED_EVENT,EXCLUDED_EVENT,EXCLUDED,,N/A,EXCLUDED_BY_POLICY,game_event_creature positive eventEntry
138632,32820,Wild Turkey,62,26,EXCLUDED_EVENT,EXCLUDED_EVENT,EXCLUDED,,N/A,EXCLUDED_BY_POLICY,game_event_creature positive eventEntry
138633,32820,Wild Turkey,63,26,EXCLUDED_EVENT,EXCLUDED_EVENT,EXCLUDED,,N/A,EXCLUDED_BY_POLICY,game_event_creature positive eventEntry
138634,32820,Wild Turkey,12,26,EXCLUDED_EVENT,EXCLUDED_EVENT,EXCLUDED,,N/A,EXCLUDED_BY_POLICY,game_event_creature positive eventEntry
138635,32820,Wild Turkey,798,26,EXCLUDED_EVENT,EXCLUDED_EVENT,EXCLUDED,,N/A,EXCLUDED_BY_POLICY,game_event_creature positive eventEntry
138636,32820,Wild Turkey,12,26,EXCLUDED_EVENT,EXCLUDED_EVENT,EXCLUDED,,N/A,EXCLUDED_BY_POLICY,game_event_creature positive eventEntry
138637,32820,Wild Turkey,12,26,EXCLUDED_EVENT,EXCLUDED_EVENT,EXCLUDED,,N/A,EXCLUDED_BY_POLICY,game_event_creature positive eventEntry
138638,32820,Wild Turkey,12,26,EXCLUDED_EVENT,EXCLUDED_EVENT,EXCLUDED,,N/A,EXCLUDED_BY_POLICY,game_event_creature positive eventEntry
138639,32820,Wild Turkey,63,26,EXCLUDED_EVENT,EXCLUDED_EVENT,EXCLUDED,,N/A,EXCLUDED_BY_POLICY,game_event_creature positive eventEntry
138640,32820,Wild Turkey,57,26,EXCLUDED_EVENT,EXCLUDED_EVENT,EXCLUDED,,N/A,EXCLUDED_BY_POLICY,game_event_creature positive eventEntry
138641,32820,Wild Turkey,57,26,EXCLUDED_EVENT,EXCLUDED_EVENT,EXCLUDED,,N/A,EXCLUDED_BY_POLICY,game_event_creature positive eventEntry
138642,32820,Wild Turkey,62,26,EXCLUDED_EVENT,EXCLUDED_EVENT,EXCLUDED,,N/A,EXCLUDED_BY_POLICY,game_event_creature positive eventEntry
138643,32820,Wild Turkey,12,26,EXCLUDED_EVENT,EXCLUDED_EVENT,EXCLUDED,,N/A,EXCLUDED_BY_POLICY,game_event_creature positive eventEntry
138644,32820,Wild Turkey,12,26,EXCLUDED_EVENT,EXCLUDED_EVENT,EXCLUDED,,N/A,EXCLUDED_BY_POLICY,game_event_creature positive eventEntry
138645,32820,Wild Turkey,62,26,EXCLUDED_EVENT,EXCLUDED_EVENT,EXCLUDED,,N/A,EXCLUDED_BY_POLICY,game_event_creature positive eventEntry
138646,32820,Wild Turkey,12,26,EXCLUDED_EVENT,EXCLUDED_EVENT,EXCLUDED,,N/A,EXCLUDED_BY_POLICY,game_event_creature positive eventEntry
138647,32820,Wild Turkey,60,26,EXCLUDED_EVENT,EXCLUDED_EVENT,EXCLUDED,,N/A,EXCLUDED_BY_POLICY,game_event_creature positive eventEntry
138648,32820,Wild Turkey,63,26,EXCLUDED_EVENT,EXCLUDED_EVENT,EXCLUDED,,N/A,EXCLUDED_BY_POLICY,game_event_creature positive eventEntry
138649,32820,Wild Turkey,62,26,EXCLUDED_EVENT,EXCLUDED_EVENT,EXCLUDED,,N/A,EXCLUDED_BY_POLICY,game_event_creature positive eventEntry
138650,32820,Wild Turkey,12,26,EXCLUDED_EVENT,EXCLUDED_EVENT,EXCLUDED,,N/A,EXCLUDED_BY_POLICY,game_event_creature positive eventEntry
138651,32820,Wild Turkey,12,26,EXCLUDED_EVENT,EXCLUDED_EVENT,EXCLUDED,,N/A,EXCLUDED_BY_POLICY,game_event_creature positive eventEntry
138652,32820,Wild Turkey,64,26,EXCLUDED_EVENT,EXCLUDED_EVENT,EXCLUDED,,N/A,EXCLUDED_BY_POLICY,game_event_creature positive eventEntry
138653,32820,Wild Turkey,12,26,EXCLUDED_EVENT,EXCLUDED_EVENT,EXCLUDED,,N/A,EXCLUDED_BY_POLICY,game_event_creature positive eventEntry
138654,32820,Wild Turkey,12,26,EXCLUDED_EVENT,EXCLUDED_EVENT,EXCLUDED,,N/A,EXCLUDED_BY_POLICY,game_event_creature positive eventEntry
138655,32820,Wild Turkey,62,26,EXCLUDED_EVENT,EXCLUDED_EVENT,EXCLUDED,,N/A,EXCLUDED_BY_POLICY,game_event_creature positive eventEntry
138656,32820,Wild Turkey,63,26,EXCLUDED_EVENT,EXCLUDED_EVENT,EXCLUDED,,N/A,EXCLUDED_BY_POLICY,game_event_creature positive eventEntry
138657,32820,Wild Turkey,797,26,EXCLUDED_EVENT,EXCLUDED_EVENT,EXCLUDED,,N/A,EXCLUDED_BY_POLICY,game_event_creature positive eventEntry
138658,32820,Wild Turkey,797,26,EXCLUDED_EVENT,EXCLUDED_EVENT,EXCLUDED,,N/A,EXCLUDED_BY_POLICY,game_event_creature positive eventEntry
138660,32820,Wild Turkey,798,26,EXCLUDED_EVENT,EXCLUDED_EVENT,EXCLUDED,,N/A,EXCLUDED_BY_POLICY,game_event_creature positive eventEntry
138661,32820,Wild Turkey,797,26,EXCLUDED_EVENT,EXCLUDED_EVENT,EXCLUDED,,N/A,EXCLUDED_BY_POLICY,game_event_creature positive eventEntry
138662,32820,Wild Turkey,797,26,EXCLUDED_EVENT,EXCLUDED_EVENT,EXCLUDED,,N/A,EXCLUDED_BY_POLICY,game_event_creature positive eventEntry
138663,32820,Wild Turkey,797,26,EXCLUDED_EVENT,EXCLUDED_EVENT,EXCLUDED,,N/A,EXCLUDED_BY_POLICY,game_event_creature positive eventEntry
138664,32820,Wild Turkey,63,26,EXCLUDED_EVENT,EXCLUDED_EVENT,EXCLUDED,,N/A,EXCLUDED_BY_POLICY,game_event_creature positive eventEntry
138667,32820,Wild Turkey,63,26,EXCLUDED_EVENT,EXCLUDED_EVENT,EXCLUDED,,N/A,EXCLUDED_BY_POLICY,game_event_creature positive eventEntry
138668,32820,Wild Turkey,62,26,EXCLUDED_EVENT,EXCLUDED_EVENT,EXCLUDED,,N/A,EXCLUDED_BY_POLICY,game_event_creature positive eventEntry
138669,32820,Wild Turkey,62,26,EXCLUDED_EVENT,EXCLUDED_EVENT,EXCLUDED,,N/A,EXCLUDED_BY_POLICY,game_event_creature positive eventEntry
138670,32820,Wild Turkey,797,26,EXCLUDED_EVENT,EXCLUDED_EVENT,EXCLUDED,,N/A,EXCLUDED_BY_POLICY,game_event_creature positive eventEntry
138671,32820,Wild Turkey,60,26,EXCLUDED_EVENT,EXCLUDED_EVENT,EXCLUDED,,N/A,EXCLUDED_BY_POLICY,game_event_creature positive eventEntry
138672,32820,Wild Turkey,12,26,EXCLUDED_EVENT,EXCLUDED_EVENT,EXCLUDED,,N/A,EXCLUDED_BY_POLICY,game_event_creature positive eventEntry
138673,32820,Wild Turkey,62,26,EXCLUDED_EVENT,EXCLUDED_EVENT,EXCLUDED,,N/A,EXCLUDED_BY_POLICY,game_event_creature positive eventEntry
138674,32820,Wild Turkey,798,26,EXCLUDED_EVENT,EXCLUDED_EVENT,EXCLUDED,,N/A,EXCLUDED_BY_POLICY,game_event_creature positive eventEntry
138675,32820,Wild Turkey,62,26,EXCLUDED_EVENT,EXCLUDED_EVENT,EXCLUDED,,N/A,EXCLUDED_BY_POLICY,game_event_creature positive eventEntry
138676,32820,Wild Turkey,12,26,EXCLUDED_EVENT,EXCLUDED_EVENT,EXCLUDED,,N/A,EXCLUDED_BY_POLICY,game_event_creature positive eventEntry
138677,32820,Wild Turkey,62,26,EXCLUDED_EVENT,EXCLUDED_EVENT,EXCLUDED,,N/A,EXCLUDED_BY_POLICY,game_event_creature positive eventEntry
138678,32820,Wild Turkey,12,26,EXCLUDED_EVENT,EXCLUDED_EVENT,EXCLUDED,,N/A,EXCLUDED_BY_POLICY,game_event_creature positive eventEntry
138679,32820,Wild Turkey,60,26,EXCLUDED_EVENT,EXCLUDED_EVENT,EXCLUDED,,N/A,EXCLUDED_BY_POLICY,game_event_creature positive eventEntry
138680,32820,Wild Turkey,57,26,EXCLUDED_EVENT,EXCLUDED_EVENT,EXCLUDED,,N/A,EXCLUDED_BY_POLICY,game_event_creature positive eventEntry
138681,32820,Wild Turkey,12,26,EXCLUDED_EVENT,EXCLUDED_EVENT,EXCLUDED,,N/A,EXCLUDED_BY_POLICY,game_event_creature positive eventEntry
138682,32820,Wild Turkey,12,26,EXCLUDED_EVENT,EXCLUDED_EVENT,EXCLUDED,,N/A,EXCLUDED_BY_POLICY,game_event_creature positive eventEntry
138683,32820,Wild Turkey,62,26,EXCLUDED_EVENT,EXCLUDED_EVENT,EXCLUDED,,N/A,EXCLUDED_BY_POLICY,game_event_creature positive eventEntry
138684,32820,Wild Turkey,798,26,EXCLUDED_EVENT,EXCLUDED_EVENT,EXCLUDED,,N/A,EXCLUDED_BY_POLICY,game_event_creature positive eventEntry
138685,32820,Wild Turkey,12,26,EXCLUDED_EVENT,EXCLUDED_EVENT,EXCLUDED,,N/A,EXCLUDED_BY_POLICY,game_event_creature positive eventEntry
138686,32820,Wild Turkey,62,26,EXCLUDED_EVENT,EXCLUDED_EVENT,EXCLUDED,,N/A,EXCLUDED_BY_POLICY,game_event_creature positive eventEntry
138687,32820,Wild Turkey,62,26,EXCLUDED_EVENT,EXCLUDED_EVENT,EXCLUDED,,N/A,EXCLUDED_BY_POLICY,game_event_creature positive eventEntry
138688,32820,Wild Turkey,64,26,EXCLUDED_EVENT,EXCLUDED_EVENT,EXCLUDED,,N/A,EXCLUDED_BY_POLICY,game_event_creature positive eventEntry
138689,32820,Wild Turkey,62,26,EXCLUDED_EVENT,EXCLUDED_EVENT,EXCLUDED,,N/A,EXCLUDED_BY_POLICY,game_event_creature positive eventEntry
138690,32820,Wild Turkey,12,26,EXCLUDED_EVENT,EXCLUDED_EVENT,EXCLUDED,,N/A,EXCLUDED_BY_POLICY,game_event_creature positive eventEntry
138691,32820,Wild Turkey,12,26,EXCLUDED_EVENT,EXCLUDED_EVENT,EXCLUDED,,N/A,EXCLUDED_BY_POLICY,game_event_creature positive eventEntry
138692,32820,Wild Turkey,12,26,EXCLUDED_EVENT,EXCLUDED_EVENT,EXCLUDED,,N/A,EXCLUDED_BY_POLICY,game_event_creature positive eventEntry
138693,32820,Wild Turkey,62,26,EXCLUDED_EVENT,EXCLUDED_EVENT,EXCLUDED,,N/A,EXCLUDED_BY_POLICY,game_event_creature positive eventEntry
138694,32820,Wild Turkey,12,26,EXCLUDED_EVENT,EXCLUDED_EVENT,EXCLUDED,,N/A,EXCLUDED_BY_POLICY,game_event_creature positive eventEntry
138695,32820,Wild Turkey,57,26,EXCLUDED_EVENT,EXCLUDED_EVENT,EXCLUDED,,N/A,EXCLUDED_BY_POLICY,game_event_creature positive eventEntry
138696,32820,Wild Turkey,798,26,EXCLUDED_EVENT,EXCLUDED_EVENT,EXCLUDED,,N/A,EXCLUDED_BY_POLICY,game_event_creature positive eventEntry
138697,32820,Wild Turkey,62,26,EXCLUDED_EVENT,EXCLUDED_EVENT,EXCLUDED,,N/A,EXCLUDED_BY_POLICY,game_event_creature positive eventEntry
138698,32820,Wild Turkey,12,26,EXCLUDED_EVENT,EXCLUDED_EVENT,EXCLUDED,,N/A,EXCLUDED_BY_POLICY,game_event_creature positive eventEntry
138699,32820,Wild Turkey,63,26,EXCLUDED_EVENT,EXCLUDED_EVENT,EXCLUDED,,N/A,EXCLUDED_BY_POLICY,game_event_creature positive eventEntry
138700,32820,Wild Turkey,60,26,EXCLUDED_EVENT,EXCLUDED_EVENT,EXCLUDED,,N/A,EXCLUDED_BY_POLICY,game_event_creature positive eventEntry
138701,32820,Wild Turkey,12,26,EXCLUDED_EVENT,EXCLUDED_EVENT,EXCLUDED,,N/A,EXCLUDED_BY_POLICY,game_event_creature positive eventEntry
138702,32820,Wild Turkey,57,26,EXCLUDED_EVENT,EXCLUDED_EVENT,EXCLUDED,,N/A,EXCLUDED_BY_POLICY,game_event_creature positive eventEntry
138703,32820,Wild Turkey,57,26,EXCLUDED_EVENT,EXCLUDED_EVENT,EXCLUDED,,N/A,EXCLUDED_BY_POLICY,game_event_creature positive eventEntry
138704,32820,Wild Turkey,60,26,EXCLUDED_EVENT,EXCLUDED_EVENT,EXCLUDED,,N/A,EXCLUDED_BY_POLICY,game_event_creature positive eventEntry
138705,32820,Wild Turkey,60,26,EXCLUDED_EVENT,EXCLUDED_EVENT,EXCLUDED,,N/A,EXCLUDED_BY_POLICY,game_event_creature positive eventEntry
138706,32820,Wild Turkey,12,26,EXCLUDED_EVENT,EXCLUDED_EVENT,EXCLUDED,,N/A,EXCLUDED_BY_POLICY,game_event_creature positive eventEntry
138707,32820,Wild Turkey,57,26,EXCLUDED_EVENT,EXCLUDED_EVENT,EXCLUDED,,N/A,EXCLUDED_BY_POLICY,game_event_creature positive eventEntry
138708,32820,Wild Turkey,57,26,EXCLUDED_EVENT,EXCLUDED_EVENT,EXCLUDED,,N/A,EXCLUDED_BY_POLICY,game_event_creature positive eventEntry
138709,32820,Wild Turkey,12,26,EXCLUDED_EVENT,EXCLUDED_EVENT,EXCLUDED,,N/A,EXCLUDED_BY_POLICY,game_event_creature positive eventEntry
138710,32820,Wild Turkey,57,26,EXCLUDED_EVENT,EXCLUDED_EVENT,EXCLUDED,,N/A,EXCLUDED_BY_POLICY,game_event_creature positive eventEntry
138711,32820,Wild Turkey,12,26,EXCLUDED_EVENT,EXCLUDED_EVENT,EXCLUDED,,N/A,EXCLUDED_BY_POLICY,game_event_creature positive eventEntry
138712,32820,Wild Turkey,62,26,EXCLUDED_EVENT,EXCLUDED_EVENT,EXCLUDED,,N/A,EXCLUDED_BY_POLICY,game_event_creature positive eventEntry
138713,32820,Wild Turkey,12,26,EXCLUDED_EVENT,EXCLUDED_EVENT,EXCLUDED,,N/A,EXCLUDED_BY_POLICY,game_event_creature positive eventEntry
138714,32820,Wild Turkey,57,26,EXCLUDED_EVENT,EXCLUDED_EVENT,EXCLUDED,,N/A,EXCLUDED_BY_POLICY,game_event_creature positive eventEntry
138715,32820,Wild Turkey,12,26,EXCLUDED_EVENT,EXCLUDED_EVENT,EXCLUDED,,N/A,EXCLUDED_BY_POLICY,game_event_creature positive eventEntry
138716,32820,Wild Turkey,57,26,EXCLUDED_EVENT,EXCLUDED_EVENT,EXCLUDED,,N/A,EXCLUDED_BY_POLICY,game_event_creature positive eventEntry
138717,32820,Wild Turkey,62,26,EXCLUDED_EVENT,EXCLUDED_EVENT,EXCLUDED,,N/A,EXCLUDED_BY_POLICY,game_event_creature positive eventEntry
138718,32820,Wild Turkey,57,26,EXCLUDED_EVENT,EXCLUDED_EVENT,EXCLUDED,,N/A,EXCLUDED_BY_POLICY,game_event_creature positive eventEntry
138719,32820,Wild Turkey,63,26,EXCLUDED_EVENT,EXCLUDED_EVENT,EXCLUDED,,N/A,EXCLUDED_BY_POLICY,game_event_creature positive eventEntry
138720,32820,Wild Turkey,12,26,EXCLUDED_EVENT,EXCLUDED_EVENT,EXCLUDED,,N/A,EXCLUDED_BY_POLICY,game_event_creature positive eventEntry
138721,32820,Wild Turkey,12,26,EXCLUDED_EVENT,EXCLUDED_EVENT,EXCLUDED,,N/A,EXCLUDED_BY_POLICY,game_event_creature positive eventEntry
138722,32820,Wild Turkey,63,26,EXCLUDED_EVENT,EXCLUDED_EVENT,EXCLUDED,,N/A,EXCLUDED_BY_POLICY,game_event_creature positive eventEntry
138723,32820,Wild Turkey,60,26,EXCLUDED_EVENT,EXCLUDED_EVENT,EXCLUDED,,N/A,EXCLUDED_BY_POLICY,game_event_creature positive eventEntry
138724,32820,Wild Turkey,62,26,EXCLUDED_EVENT,EXCLUDED_EVENT,EXCLUDED,,N/A,EXCLUDED_BY_POLICY,game_event_creature positive eventEntry
138725,32820,Wild Turkey,12,26,EXCLUDED_EVENT,EXCLUDED_EVENT,EXCLUDED,,N/A,EXCLUDED_BY_POLICY,game_event_creature positive eventEntry
138726,32820,Wild Turkey,12,26,EXCLUDED_EVENT,EXCLUDED_EVENT,EXCLUDED,,N/A,EXCLUDED_BY_POLICY,game_event_creature positive eventEntry
138727,32820,Wild Turkey,12,26,EXCLUDED_EVENT,EXCLUDED_EVENT,EXCLUDED,,N/A,EXCLUDED_BY_POLICY,game_event_creature positive eventEntry
138728,32820,Wild Turkey,57,26,EXCLUDED_EVENT,EXCLUDED_EVENT,EXCLUDED,,N/A,EXCLUDED_BY_POLICY,game_event_creature positive eventEntry
138729,32820,Wild Turkey,63,26,EXCLUDED_EVENT,EXCLUDED_EVENT,EXCLUDED,,N/A,EXCLUDED_BY_POLICY,game_event_creature positive eventEntry
138730,32820,Wild Turkey,12,26,EXCLUDED_EVENT,EXCLUDED_EVENT,EXCLUDED,,N/A,EXCLUDED_BY_POLICY,game_event_creature positive eventEntry
138731,32820,Wild Turkey,63,26,EXCLUDED_EVENT,EXCLUDED_EVENT,EXCLUDED,,N/A,EXCLUDED_BY_POLICY,game_event_creature positive eventEntry
138732,32820,Wild Turkey,12,26,EXCLUDED_EVENT,EXCLUDED_EVENT,EXCLUDED,,N/A,EXCLUDED_BY_POLICY,game_event_creature positive eventEntry
138733,32820,Wild Turkey,62,26,EXCLUDED_EVENT,EXCLUDED_EVENT,EXCLUDED,,N/A,EXCLUDED_BY_POLICY,game_event_creature positive eventEntry
138734,32820,Wild Turkey,12,26,EXCLUDED_EVENT,EXCLUDED_EVENT,EXCLUDED,,N/A,EXCLUDED_BY_POLICY,game_event_creature positive eventEntry
138735,32820,Wild Turkey,62,26,EXCLUDED_EVENT,EXCLUDED_EVENT,EXCLUDED,,N/A,EXCLUDED_BY_POLICY,game_event_creature positive eventEntry
138736,32820,Wild Turkey,62,26,EXCLUDED_EVENT,EXCLUDED_EVENT,EXCLUDED,,N/A,EXCLUDED_BY_POLICY,game_event_creature positive eventEntry
138737,32820,Wild Turkey,12,26,EXCLUDED_EVENT,EXCLUDED_EVENT,EXCLUDED,,N/A,EXCLUDED_BY_POLICY,game_event_creature positive eventEntry
138738,32820,Wild Turkey,57,26,EXCLUDED_EVENT,EXCLUDED_EVENT,EXCLUDED,,N/A,EXCLUDED_BY_POLICY,game_event_creature positive eventEntry
138739,32820,Wild Turkey,12,26,EXCLUDED_EVENT,EXCLUDED_EVENT,EXCLUDED,,N/A,EXCLUDED_BY_POLICY,game_event_creature positive eventEntry
138740,32820,Wild Turkey,62,26,EXCLUDED_EVENT,EXCLUDED_EVENT,EXCLUDED,,N/A,EXCLUDED_BY_POLICY,game_event_creature positive eventEntry
138741,32820,Wild Turkey,60,26,EXCLUDED_EVENT,EXCLUDED_EVENT,EXCLUDED,,N/A,EXCLUDED_BY_POLICY,game_event_creature positive eventEntry
138742,32820,Wild Turkey,62,26,EXCLUDED_EVENT,EXCLUDED_EVENT,EXCLUDED,,N/A,EXCLUDED_BY_POLICY,game_event_creature positive eventEntry
138743,32820,Wild Turkey,62,26,EXCLUDED_EVENT,EXCLUDED_EVENT,EXCLUDED,,N/A,EXCLUDED_BY_POLICY,game_event_creature positive eventEntry
138744,32820,Wild Turkey,63,26,EXCLUDED_EVENT,EXCLUDED_EVENT,EXCLUDED,,N/A,EXCLUDED_BY_POLICY,game_event_creature positive eventEntry
138745,32820,Wild Turkey,63,26,EXCLUDED_EVENT,EXCLUDED_EVENT,EXCLUDED,,N/A,EXCLUDED_BY_POLICY,game_event_creature positive eventEntry
138746,32820,Wild Turkey,60,26,EXCLUDED_EVENT,EXCLUDED_EVENT,EXCLUDED,,N/A,EXCLUDED_BY_POLICY,game_event_creature positive eventEntry
138747,32820,Wild Turkey,12,26,EXCLUDED_EVENT,EXCLUDED_EVENT,EXCLUDED,,N/A,EXCLUDED_BY_POLICY,game_event_creature positive eventEntry
138748,32820,Wild Turkey,57,26,EXCLUDED_EVENT,EXCLUDED_EVENT,EXCLUDED,,N/A,EXCLUDED_BY_POLICY,game_event_creature positive eventEntry
138749,32820,Wild Turkey,63,26,EXCLUDED_EVENT,EXCLUDED_EVENT,EXCLUDED,,N/A,EXCLUDED_BY_POLICY,game_event_creature positive eventEntry
138750,32820,Wild Turkey,12,26,EXCLUDED_EVENT,EXCLUDED_EVENT,EXCLUDED,,N/A,EXCLUDED_BY_POLICY,game_event_creature positive eventEntry
138751,32820,Wild Turkey,12,26,EXCLUDED_EVENT,EXCLUDED_EVENT,EXCLUDED,,N/A,EXCLUDED_BY_POLICY,game_event_creature positive eventEntry
138752,32820,Wild Turkey,12,26,EXCLUDED_EVENT,EXCLUDED_EVENT,EXCLUDED,,N/A,EXCLUDED_BY_POLICY,game_event_creature positive eventEntry
138753,32820,Wild Turkey,57,26,EXCLUDED_EVENT,EXCLUDED_EVENT,EXCLUDED,,N/A,EXCLUDED_BY_POLICY,game_event_creature positive eventEntry
138754,32820,Wild Turkey,57,26,EXCLUDED_EVENT,EXCLUDED_EVENT,EXCLUDED,,N/A,EXCLUDED_BY_POLICY,game_event_creature positive eventEntry
138755,32820,Wild Turkey,12,26,EXCLUDED_EVENT,EXCLUDED_EVENT,EXCLUDED,,N/A,EXCLUDED_BY_POLICY,game_event_creature positive eventEntry
138756,32820,Wild Turkey,12,26,EXCLUDED_EVENT,EXCLUDED_EVENT,EXCLUDED,,N/A,EXCLUDED_BY_POLICY,game_event_creature positive eventEntry
138757,32820,Wild Turkey,63,26,EXCLUDED_EVENT,EXCLUDED_EVENT,EXCLUDED,,N/A,EXCLUDED_BY_POLICY,game_event_creature positive eventEntry
138758,32820,Wild Turkey,12,26,EXCLUDED_EVENT,EXCLUDED_EVENT,EXCLUDED,,N/A,EXCLUDED_BY_POLICY,game_event_creature positive eventEntry
138759,32820,Wild Turkey,57,26,EXCLUDED_EVENT,EXCLUDED_EVENT,EXCLUDED,,N/A,EXCLUDED_BY_POLICY,game_event_creature positive eventEntry
138760,32820,Wild Turkey,57,26,EXCLUDED_EVENT,EXCLUDED_EVENT,EXCLUDED,,N/A,EXCLUDED_BY_POLICY,game_event_creature positive eventEntry
138761,32820,Wild Turkey,798,26,EXCLUDED_EVENT,EXCLUDED_EVENT,EXCLUDED,,N/A,EXCLUDED_BY_POLICY,game_event_creature positive eventEntry
138762,32820,Wild Turkey,12,26,EXCLUDED_EVENT,EXCLUDED_EVENT,EXCLUDED,,N/A,EXCLUDED_BY_POLICY,game_event_creature positive eventEntry
138763,32820,Wild Turkey,57,26,EXCLUDED_EVENT,EXCLUDED_EVENT,EXCLUDED,,N/A,EXCLUDED_BY_POLICY,game_event_creature positive eventEntry
138764,32820,Wild Turkey,57,26,EXCLUDED_EVENT,EXCLUDED_EVENT,EXCLUDED,,N/A,EXCLUDED_BY_POLICY,game_event_creature positive eventEntry
138765,32820,Wild Turkey,63,26,EXCLUDED_EVENT,EXCLUDED_EVENT,EXCLUDED,,N/A,EXCLUDED_BY_POLICY,game_event_creature positive eventEntry
138766,32820,Wild Turkey,12,26,EXCLUDED_EVENT,EXCLUDED_EVENT,EXCLUDED,,N/A,EXCLUDED_BY_POLICY,game_event_creature positive eventEntry
138767,32820,Wild Turkey,62,26,EXCLUDED_EVENT,EXCLUDED_EVENT,EXCLUDED,,N/A,EXCLUDED_BY_POLICY,game_event_creature positive eventEntry
138768,32820,Wild Turkey,60,26,EXCLUDED_EVENT,EXCLUDED_EVENT,EXCLUDED,,N/A,EXCLUDED_BY_POLICY,game_event_creature positive eventEntry
138769,32820,Wild Turkey,12,26,EXCLUDED_EVENT,EXCLUDED_EVENT,EXCLUDED,,N/A,EXCLUDED_BY_POLICY,game_event_creature positive eventEntry
138770,32820,Wild Turkey,57,26,EXCLUDED_EVENT,EXCLUDED_EVENT,EXCLUDED,,N/A,EXCLUDED_BY_POLICY,game_event_creature positive eventEntry
138771,32820,Wild Turkey,12,26,EXCLUDED_EVENT,EXCLUDED_EVENT,EXCLUDED,,N/A,EXCLUDED_BY_POLICY,game_event_creature positive eventEntry
138772,32820,Wild Turkey,63,26,EXCLUDED_EVENT,EXCLUDED_EVENT,EXCLUDED,,N/A,EXCLUDED_BY_POLICY,game_event_creature positive eventEntry
138773,32820,Wild Turkey,60,26,EXCLUDED_EVENT,EXCLUDED_EVENT,EXCLUDED,,N/A,EXCLUDED_BY_POLICY,game_event_creature positive eventEntry
138774,32820,Wild Turkey,12,26,EXCLUDED_EVENT,EXCLUDED_EVENT,EXCLUDED,,N/A,EXCLUDED_BY_POLICY,game_event_creature positive eventEntry
138775,32820,Wild Turkey,12,26,EXCLUDED_EVENT,EXCLUDED_EVENT,EXCLUDED,,N/A,EXCLUDED_BY_POLICY,game_event_creature positive eventEntry
138776,32820,Wild Turkey,12,26,EXCLUDED_EVENT,EXCLUDED_EVENT,EXCLUDED,,N/A,EXCLUDED_BY_POLICY,game_event_creature positive eventEntry
138777,32820,Wild Turkey,12,26,EXCLUDED_EVENT,EXCLUDED_EVENT,EXCLUDED,,N/A,EXCLUDED_BY_POLICY,game_event_creature positive eventEntry
138778,32820,Wild Turkey,12,26,EXCLUDED_EVENT,EXCLUDED_EVENT,EXCLUDED,,N/A,EXCLUDED_BY_POLICY,game_event_creature positive eventEntry
138779,32820,Wild Turkey,62,26,EXCLUDED_EVENT,EXCLUDED_EVENT,EXCLUDED,,N/A,EXCLUDED_BY_POLICY,game_event_creature positive eventEntry
138780,32820,Wild Turkey,60,26,EXCLUDED_EVENT,EXCLUDED_EVENT,EXCLUDED,,N/A,EXCLUDED_BY_POLICY,game_event_creature positive eventEntry
138781,32820,Wild Turkey,12,26,EXCLUDED_EVENT,EXCLUDED_EVENT,EXCLUDED,,N/A,EXCLUDED_BY_POLICY,game_event_creature positive eventEntry
138782,32820,Wild Turkey,12,26,EXCLUDED_EVENT,EXCLUDED_EVENT,EXCLUDED,,N/A,EXCLUDED_BY_POLICY,game_event_creature positive eventEntry
138783,32820,Wild Turkey,57,26,EXCLUDED_EVENT,EXCLUDED_EVENT,EXCLUDED,,N/A,EXCLUDED_BY_POLICY,game_event_creature positive eventEntry
138784,32820,Wild Turkey,12,26,EXCLUDED_EVENT,EXCLUDED_EVENT,EXCLUDED,,N/A,EXCLUDED_BY_POLICY,game_event_creature positive eventEntry
138785,32820,Wild Turkey,12,26,EXCLUDED_EVENT,EXCLUDED_EVENT,EXCLUDED,,N/A,EXCLUDED_BY_POLICY,game_event_creature positive eventEntry
138786,32820,Wild Turkey,12,26,EXCLUDED_EVENT,EXCLUDED_EVENT,EXCLUDED,,N/A,EXCLUDED_BY_POLICY,game_event_creature positive eventEntry
138787,32820,Wild Turkey,60,26,EXCLUDED_EVENT,EXCLUDED_EVENT,EXCLUDED,,N/A,EXCLUDED_BY_POLICY,game_event_creature positive eventEntry
138788,32820,Wild Turkey,62,26,EXCLUDED_EVENT,EXCLUDED_EVENT,EXCLUDED,,N/A,EXCLUDED_BY_POLICY,game_event_creature positive eventEntry
138789,32820,Wild Turkey,12,26,EXCLUDED_EVENT,EXCLUDED_EVENT,EXCLUDED,,N/A,EXCLUDED_BY_POLICY,game_event_creature positive eventEntry
138790,32820,Wild Turkey,62,26,EXCLUDED_EVENT,EXCLUDED_EVENT,EXCLUDED,,N/A,EXCLUDED_BY_POLICY,game_event_creature positive eventEntry
138791,32820,Wild Turkey,12,26,EXCLUDED_EVENT,EXCLUDED_EVENT,EXCLUDED,,N/A,EXCLUDED_BY_POLICY,game_event_creature positive eventEntry
138792,32820,Wild Turkey,12,26,EXCLUDED_EVENT,EXCLUDED_EVENT,EXCLUDED,,N/A,EXCLUDED_BY_POLICY,game_event_creature positive eventEntry
138793,32820,Wild Turkey,12,26,EXCLUDED_EVENT,EXCLUDED_EVENT,EXCLUDED,,N/A,EXCLUDED_BY_POLICY,game_event_creature positive eventEntry
138794,32820,Wild Turkey,62,26,EXCLUDED_EVENT,EXCLUDED_EVENT,EXCLUDED,,N/A,EXCLUDED_BY_POLICY,game_event_creature positive eventEntry
138795,32820,Wild Turkey,62,26,EXCLUDED_EVENT,EXCLUDED_EVENT,EXCLUDED,,N/A,EXCLUDED_BY_POLICY,game_event_creature positive eventEntry
138796,32820,Wild Turkey,12,26,EXCLUDED_EVENT,EXCLUDED_EVENT,EXCLUDED,,N/A,EXCLUDED_BY_POLICY,game_event_creature positive eventEntry
138797,32820,Wild Turkey,57,26,EXCLUDED_EVENT,EXCLUDED_EVENT,EXCLUDED,,N/A,EXCLUDED_BY_POLICY,game_event_creature positive eventEntry
138798,32820,Wild Turkey,12,26,EXCLUDED_EVENT,EXCLUDED_EVENT,EXCLUDED,,N/A,EXCLUDED_BY_POLICY,game_event_creature positive eventEntry
138799,32820,Wild Turkey,57,26,EXCLUDED_EVENT,EXCLUDED_EVENT,EXCLUDED,,N/A,EXCLUDED_BY_POLICY,game_event_creature positive eventEntry
138800,32820,Wild Turkey,12,26,EXCLUDED_EVENT,EXCLUDED_EVENT,EXCLUDED,,N/A,EXCLUDED_BY_POLICY,game_event_creature positive eventEntry
138801,32820,Wild Turkey,12,26,EXCLUDED_EVENT,EXCLUDED_EVENT,EXCLUDED,,N/A,EXCLUDED_BY_POLICY,game_event_creature positive eventEntry
138802,32820,Wild Turkey,62,26,EXCLUDED_EVENT,EXCLUDED_EVENT,EXCLUDED,,N/A,EXCLUDED_BY_POLICY,game_event_creature positive eventEntry
138803,32820,Wild Turkey,12,26,EXCLUDED_EVENT,EXCLUDED_EVENT,EXCLUDED,,N/A,EXCLUDED_BY_POLICY,game_event_creature positive eventEntry
138804,32820,Wild Turkey,12,26,EXCLUDED_EVENT,EXCLUDED_EVENT,EXCLUDED,,N/A,EXCLUDED_BY_POLICY,game_event_creature positive eventEntry
138805,32820,Wild Turkey,12,26,EXCLUDED_EVENT,EXCLUDED_EVENT,EXCLUDED,,N/A,EXCLUDED_BY_POLICY,game_event_creature positive eventEntry
138806,32820,Wild Turkey,12,26,EXCLUDED_EVENT,EXCLUDED_EVENT,EXCLUDED,,N/A,EXCLUDED_BY_POLICY,game_event_creature positive eventEntry
138807,32820,Wild Turkey,12,26,EXCLUDED_EVENT,EXCLUDED_EVENT,EXCLUDED,,N/A,EXCLUDED_BY_POLICY,game_event_creature positive eventEntry
138808,32820,Wild Turkey,62,26,EXCLUDED_EVENT,EXCLUDED_EVENT,EXCLUDED,,N/A,EXCLUDED_BY_POLICY,game_event_creature positive eventEntry
138809,32820,Wild Turkey,62,26,EXCLUDED_EVENT,EXCLUDED_EVENT,EXCLUDED,,N/A,EXCLUDED_BY_POLICY,game_event_creature positive eventEntry
138810,32820,Wild Turkey,12,26,EXCLUDED_EVENT,EXCLUDED_EVENT,EXCLUDED,,N/A,EXCLUDED_BY_POLICY,game_event_creature positive eventEntry
138811,32820,Wild Turkey,12,26,EXCLUDED_EVENT,EXCLUDED_EVENT,EXCLUDED,,N/A,EXCLUDED_BY_POLICY,game_event_creature positive eventEntry
138812,32820,Wild Turkey,12,26,EXCLUDED_EVENT,EXCLUDED_EVENT,EXCLUDED,,N/A,EXCLUDED_BY_POLICY,game_event_creature positive eventEntry
138813,32820,Wild Turkey,62,26,EXCLUDED_EVENT,EXCLUDED_EVENT,EXCLUDED,,N/A,EXCLUDED_BY_POLICY,game_event_creature positive eventEntry
138814,32820,Wild Turkey,12,26,EXCLUDED_EVENT,EXCLUDED_EVENT,EXCLUDED,,N/A,EXCLUDED_BY_POLICY,game_event_creature positive eventEntry
138815,32820,Wild Turkey,62,26,EXCLUDED_EVENT,EXCLUDED_EVENT,EXCLUDED,,N/A,EXCLUDED_BY_POLICY,game_event_creature positive eventEntry
138816,32820,Wild Turkey,798,26,EXCLUDED_EVENT,EXCLUDED_EVENT,EXCLUDED,,N/A,EXCLUDED_BY_POLICY,game_event_creature positive eventEntry
138817,32820,Wild Turkey,12,26,EXCLUDED_EVENT,EXCLUDED_EVENT,EXCLUDED,,N/A,EXCLUDED_BY_POLICY,game_event_creature positive eventEntry
138818,32820,Wild Turkey,12,26,EXCLUDED_EVENT,EXCLUDED_EVENT,EXCLUDED,,N/A,EXCLUDED_BY_POLICY,game_event_creature positive eventEntry
138819,32820,Wild Turkey,798,26,EXCLUDED_EVENT,EXCLUDED_EVENT,EXCLUDED,,N/A,EXCLUDED_BY_POLICY,game_event_creature positive eventEntry
138820,32820,Wild Turkey,12,26,EXCLUDED_EVENT,EXCLUDED_EVENT,EXCLUDED,,N/A,EXCLUDED_BY_POLICY,game_event_creature positive eventEntry
138821,32820,Wild Turkey,12,26,EXCLUDED_EVENT,EXCLUDED_EVENT,EXCLUDED,,N/A,EXCLUDED_BY_POLICY,game_event_creature positive eventEntry
138822,32820,Wild Turkey,62,26,EXCLUDED_EVENT,EXCLUDED_EVENT,EXCLUDED,,N/A,EXCLUDED_BY_POLICY,game_event_creature positive eventEntry
138823,32820,Wild Turkey,62,26,EXCLUDED_EVENT,EXCLUDED_EVENT,EXCLUDED,,N/A,EXCLUDED_BY_POLICY,game_event_creature positive eventEntry
138824,32820,Wild Turkey,12,26,EXCLUDED_EVENT,EXCLUDED_EVENT,EXCLUDED,,N/A,EXCLUDED_BY_POLICY,game_event_creature positive eventEntry
138825,32820,Wild Turkey,12,26,EXCLUDED_EVENT,EXCLUDED_EVENT,EXCLUDED,,N/A,EXCLUDED_BY_POLICY,game_event_creature positive eventEntry
138826,32820,Wild Turkey,12,26,EXCLUDED_EVENT,EXCLUDED_EVENT,EXCLUDED,,N/A,EXCLUDED_BY_POLICY,game_event_creature positive eventEntry
138827,32820,Wild Turkey,57,26,EXCLUDED_EVENT,EXCLUDED_EVENT,EXCLUDED,,N/A,EXCLUDED_BY_POLICY,game_event_creature positive eventEntry
138828,32820,Wild Turkey,62,26,EXCLUDED_EVENT,EXCLUDED_EVENT,EXCLUDED,,N/A,EXCLUDED_BY_POLICY,game_event_creature positive eventEntry
138829,32820,Wild Turkey,12,26,EXCLUDED_EVENT,EXCLUDED_EVENT,EXCLUDED,,N/A,EXCLUDED_BY_POLICY,game_event_creature positive eventEntry
138830,32820,Wild Turkey,12,26,EXCLUDED_EVENT,EXCLUDED_EVENT,EXCLUDED,,N/A,EXCLUDED_BY_POLICY,game_event_creature positive eventEntry
138831,32820,Wild Turkey,798,26,EXCLUDED_EVENT,EXCLUDED_EVENT,EXCLUDED,,N/A,EXCLUDED_BY_POLICY,game_event_creature positive eventEntry
138832,32820,Wild Turkey,62,26,EXCLUDED_EVENT,EXCLUDED_EVENT,EXCLUDED,,N/A,EXCLUDED_BY_POLICY,game_event_creature positive eventEntry
138833,32820,Wild Turkey,12,26,EXCLUDED_EVENT,EXCLUDED_EVENT,EXCLUDED,,N/A,EXCLUDED_BY_POLICY,game_event_creature positive eventEntry
138834,32820,Wild Turkey,57,26,EXCLUDED_EVENT,EXCLUDED_EVENT,EXCLUDED,,N/A,EXCLUDED_BY_POLICY,game_event_creature positive eventEntry
138835,32820,Wild Turkey,57,26,EXCLUDED_EVENT,EXCLUDED_EVENT,EXCLUDED,,N/A,EXCLUDED_BY_POLICY,game_event_creature positive eventEntry
138836,32820,Wild Turkey,12,26,EXCLUDED_EVENT,EXCLUDED_EVENT,EXCLUDED,,N/A,EXCLUDED_BY_POLICY,game_event_creature positive eventEntry
138837,32820,Wild Turkey,12,26,EXCLUDED_EVENT,EXCLUDED_EVENT,EXCLUDED,,N/A,EXCLUDED_BY_POLICY,game_event_creature positive eventEntry
138838,32820,Wild Turkey,12,26,EXCLUDED_EVENT,EXCLUDED_EVENT,EXCLUDED,,N/A,EXCLUDED_BY_POLICY,game_event_creature positive eventEntry
138839,32820,Wild Turkey,62,26,EXCLUDED_EVENT,EXCLUDED_EVENT,EXCLUDED,,N/A,EXCLUDED_BY_POLICY,game_event_creature positive eventEntry
138840,32820,Wild Turkey,62,26,EXCLUDED_EVENT,EXCLUDED_EVENT,EXCLUDED,,N/A,EXCLUDED_BY_POLICY,game_event_creature positive eventEntry
138841,32820,Wild Turkey,62,26,EXCLUDED_EVENT,EXCLUDED_EVENT,EXCLUDED,,N/A,EXCLUDED_BY_POLICY,game_event_creature positive eventEntry
138842,32820,Wild Turkey,12,26,EXCLUDED_EVENT,EXCLUDED_EVENT,EXCLUDED,,N/A,EXCLUDED_BY_POLICY,game_event_creature positive eventEntry
138843,32820,Wild Turkey,57,26,EXCLUDED_EVENT,EXCLUDED_EVENT,EXCLUDED,,N/A,EXCLUDED_BY_POLICY,game_event_creature positive eventEntry
138844,32820,Wild Turkey,12,26,EXCLUDED_EVENT,EXCLUDED_EVENT,EXCLUDED,,N/A,EXCLUDED_BY_POLICY,game_event_creature positive eventEntry
138845,32820,Wild Turkey,12,26,EXCLUDED_EVENT,EXCLUDED_EVENT,EXCLUDED,,N/A,EXCLUDED_BY_POLICY,game_event_creature positive eventEntry
138847,32820,Wild Turkey,62,26,EXCLUDED_EVENT,EXCLUDED_EVENT,EXCLUDED,,N/A,EXCLUDED_BY_POLICY,game_event_creature positive eventEntry
138848,32820,Wild Turkey,12,26,EXCLUDED_EVENT,EXCLUDED_EVENT,EXCLUDED,,N/A,EXCLUDED_BY_POLICY,game_event_creature positive eventEntry
138849,32820,Wild Turkey,57,26,EXCLUDED_EVENT,EXCLUDED_EVENT,EXCLUDED,,N/A,EXCLUDED_BY_POLICY,game_event_creature positive eventEntry
138850,32820,Wild Turkey,57,26,EXCLUDED_EVENT,EXCLUDED_EVENT,EXCLUDED,,N/A,EXCLUDED_BY_POLICY,game_event_creature positive eventEntry
138851,32820,Wild Turkey,57,26,EXCLUDED_EVENT,EXCLUDED_EVENT,EXCLUDED,,N/A,EXCLUDED_BY_POLICY,game_event_creature positive eventEntry
138852,32820,Wild Turkey,12,26,EXCLUDED_EVENT,EXCLUDED_EVENT,EXCLUDED,,N/A,EXCLUDED_BY_POLICY,game_event_creature positive eventEntry
138853,32820,Wild Turkey,798,26,EXCLUDED_EVENT,EXCLUDED_EVENT,EXCLUDED,,N/A,EXCLUDED_BY_POLICY,game_event_creature positive eventEntry
138854,32820,Wild Turkey,12,26,EXCLUDED_EVENT,EXCLUDED_EVENT,EXCLUDED,,N/A,EXCLUDED_BY_POLICY,game_event_creature positive eventEntry
138855,32820,Wild Turkey,12,26,EXCLUDED_EVENT,EXCLUDED_EVENT,EXCLUDED,,N/A,EXCLUDED_BY_POLICY,game_event_creature positive eventEntry
138856,32820,Wild Turkey,12,26,EXCLUDED_EVENT,EXCLUDED_EVENT,EXCLUDED,,N/A,EXCLUDED_BY_POLICY,game_event_creature positive eventEntry
138857,32820,Wild Turkey,12,26,EXCLUDED_EVENT,EXCLUDED_EVENT,EXCLUDED,,N/A,EXCLUDED_BY_POLICY,game_event_creature positive eventEntry
138858,32820,Wild Turkey,798,26,EXCLUDED_EVENT,EXCLUDED_EVENT,EXCLUDED,,N/A,EXCLUDED_BY_POLICY,game_event_creature positive eventEntry
138859,32820,Wild Turkey,62,26,EXCLUDED_EVENT,EXCLUDED_EVENT,EXCLUDED,,N/A,EXCLUDED_BY_POLICY,game_event_creature positive eventEntry
138860,32820,Wild Turkey,12,26,EXCLUDED_EVENT,EXCLUDED_EVENT,EXCLUDED,,N/A,EXCLUDED_BY_POLICY,game_event_creature positive eventEntry
138861,32820,Wild Turkey,12,26,EXCLUDED_EVENT,EXCLUDED_EVENT,EXCLUDED,,N/A,EXCLUDED_BY_POLICY,game_event_creature positive eventEntry
138862,32820,Wild Turkey,12,26,EXCLUDED_EVENT,EXCLUDED_EVENT,EXCLUDED,,N/A,EXCLUDED_BY_POLICY,game_event_creature positive eventEntry
138863,32820,Wild Turkey,12,26,EXCLUDED_EVENT,EXCLUDED_EVENT,EXCLUDED,,N/A,EXCLUDED_BY_POLICY,game_event_creature positive eventEntry
138864,32820,Wild Turkey,120,26,EXCLUDED_EVENT,EXCLUDED_EVENT,EXCLUDED,,N/A,EXCLUDED_BY_POLICY,game_event_creature positive eventEntry
138865,32820,Wild Turkey,12,26,EXCLUDED_EVENT,EXCLUDED_EVENT,EXCLUDED,,N/A,EXCLUDED_BY_POLICY,game_event_creature positive eventEntry
138866,32820,Wild Turkey,120,26,EXCLUDED_EVENT,EXCLUDED_EVENT,EXCLUDED,,N/A,EXCLUDED_BY_POLICY,game_event_creature positive eventEntry
138867,32820,Wild Turkey,798,26,EXCLUDED_EVENT,EXCLUDED_EVENT,EXCLUDED,,N/A,EXCLUDED_BY_POLICY,game_event_creature positive eventEntry
138868,32820,Wild Turkey,12,26,EXCLUDED_EVENT,EXCLUDED_EVENT,EXCLUDED,,N/A,EXCLUDED_BY_POLICY,game_event_creature positive eventEntry
138869,32820,Wild Turkey,62,26,EXCLUDED_EVENT,EXCLUDED_EVENT,EXCLUDED,,N/A,EXCLUDED_BY_POLICY,game_event_creature positive eventEntry
138870,32820,Wild Turkey,12,26,EXCLUDED_EVENT,EXCLUDED_EVENT,EXCLUDED,,N/A,EXCLUDED_BY_POLICY,game_event_creature positive eventEntry
138871,32820,Wild Turkey,12,26,EXCLUDED_EVENT,EXCLUDED_EVENT,EXCLUDED,,N/A,EXCLUDED_BY_POLICY,game_event_creature positive eventEntry
138872,32820,Wild Turkey,12,26,EXCLUDED_EVENT,EXCLUDED_EVENT,EXCLUDED,,N/A,EXCLUDED_BY_POLICY,game_event_creature positive eventEntry
138873,32820,Wild Turkey,12,26,EXCLUDED_EVENT,EXCLUDED_EVENT,EXCLUDED,,N/A,EXCLUDED_BY_POLICY,game_event_creature positive eventEntry
138874,32820,Wild Turkey,12,26,EXCLUDED_EVENT,EXCLUDED_EVENT,EXCLUDED,,N/A,EXCLUDED_BY_POLICY,game_event_creature positive eventEntry
138875,32820,Wild Turkey,12,26,EXCLUDED_EVENT,EXCLUDED_EVENT,EXCLUDED,,N/A,EXCLUDED_BY_POLICY,game_event_creature positive eventEntry
138876,32820,Wild Turkey,60,26,EXCLUDED_EVENT,EXCLUDED_EVENT,EXCLUDED,,N/A,EXCLUDED_BY_POLICY,game_event_creature positive eventEntry
138877,32820,Wild Turkey,12,26,EXCLUDED_EVENT,EXCLUDED_EVENT,EXCLUDED,,N/A,EXCLUDED_BY_POLICY,game_event_creature positive eventEntry
138878,32820,Wild Turkey,12,26,EXCLUDED_EVENT,EXCLUDED_EVENT,EXCLUDED,,N/A,EXCLUDED_BY_POLICY,game_event_creature positive eventEntry
138879,32820,Wild Turkey,12,26,EXCLUDED_EVENT,EXCLUDED_EVENT,EXCLUDED,,N/A,EXCLUDED_BY_POLICY,game_event_creature positive eventEntry
138880,32820,Wild Turkey,12,26,EXCLUDED_EVENT,EXCLUDED_EVENT,EXCLUDED,,N/A,EXCLUDED_BY_POLICY,game_event_creature positive eventEntry
138881,32820,Wild Turkey,12,26,EXCLUDED_EVENT,EXCLUDED_EVENT,EXCLUDED,,N/A,EXCLUDED_BY_POLICY,game_event_creature positive eventEntry
138882,32820,Wild Turkey,798,26,EXCLUDED_EVENT,EXCLUDED_EVENT,EXCLUDED,,N/A,EXCLUDED_BY_POLICY,game_event_creature positive eventEntry
138883,32820,Wild Turkey,798,26,EXCLUDED_EVENT,EXCLUDED_EVENT,EXCLUDED,,N/A,EXCLUDED_BY_POLICY,game_event_creature positive eventEntry
138884,32820,Wild Turkey,60,26,EXCLUDED_EVENT,EXCLUDED_EVENT,EXCLUDED,,N/A,EXCLUDED_BY_POLICY,game_event_creature positive eventEntry
138885,32820,Wild Turkey,12,26,EXCLUDED_EVENT,EXCLUDED_EVENT,EXCLUDED,,N/A,EXCLUDED_BY_POLICY,game_event_creature positive eventEntry
138886,32820,Wild Turkey,62,26,EXCLUDED_EVENT,EXCLUDED_EVENT,EXCLUDED,,N/A,EXCLUDED_BY_POLICY,game_event_creature positive eventEntry
138887,32820,Wild Turkey,798,26,EXCLUDED_EVENT,EXCLUDED_EVENT,EXCLUDED,,N/A,EXCLUDED_BY_POLICY,game_event_creature positive eventEntry
138888,32820,Wild Turkey,62,26,EXCLUDED_EVENT,EXCLUDED_EVENT,EXCLUDED,,N/A,EXCLUDED_BY_POLICY,game_event_creature positive eventEntry
138889,32820,Wild Turkey,12,26,EXCLUDED_EVENT,EXCLUDED_EVENT,EXCLUDED,,N/A,EXCLUDED_BY_POLICY,game_event_creature positive eventEntry
138890,32820,Wild Turkey,12,26,EXCLUDED_EVENT,EXCLUDED_EVENT,EXCLUDED,,N/A,EXCLUDED_BY_POLICY,game_event_creature positive eventEntry
138891,32820,Wild Turkey,12,26,EXCLUDED_EVENT,EXCLUDED_EVENT,EXCLUDED,,N/A,EXCLUDED_BY_POLICY,game_event_creature positive eventEntry
138892,32820,Wild Turkey,12,26,EXCLUDED_EVENT,EXCLUDED_EVENT,EXCLUDED,,N/A,EXCLUDED_BY_POLICY,game_event_creature positive eventEntry
138893,32820,Wild Turkey,12,26,EXCLUDED_EVENT,EXCLUDED_EVENT,EXCLUDED,,N/A,EXCLUDED_BY_POLICY,game_event_creature positive eventEntry
138894,32820,Wild Turkey,12,26,EXCLUDED_EVENT,EXCLUDED_EVENT,EXCLUDED,,N/A,EXCLUDED_BY_POLICY,game_event_creature positive eventEntry
138895,32820,Wild Turkey,12,26,EXCLUDED_EVENT,EXCLUDED_EVENT,EXCLUDED,,N/A,EXCLUDED_BY_POLICY,game_event_creature positive eventEntry
138896,32820,Wild Turkey,60,26,EXCLUDED_EVENT,EXCLUDED_EVENT,EXCLUDED,,N/A,EXCLUDED_BY_POLICY,game_event_creature positive eventEntry
138897,32820,Wild Turkey,798,26,EXCLUDED_EVENT,EXCLUDED_EVENT,EXCLUDED,,N/A,EXCLUDED_BY_POLICY,game_event_creature positive eventEntry
138898,32820,Wild Turkey,12,26,EXCLUDED_EVENT,EXCLUDED_EVENT,EXCLUDED,,N/A,EXCLUDED_BY_POLICY,game_event_creature positive eventEntry
138899,32820,Wild Turkey,12,26,EXCLUDED_EVENT,EXCLUDED_EVENT,EXCLUDED,,N/A,EXCLUDED_BY_POLICY,game_event_creature positive eventEntry
138900,32820,Wild Turkey,12,26,EXCLUDED_EVENT,EXCLUDED_EVENT,EXCLUDED,,N/A,EXCLUDED_BY_POLICY,game_event_creature positive eventEntry
138901,32820,Wild Turkey,120,26,EXCLUDED_EVENT,EXCLUDED_EVENT,EXCLUDED,,N/A,EXCLUDED_BY_POLICY,game_event_creature positive eventEntry
138902,32820,Wild Turkey,12,26,EXCLUDED_EVENT,EXCLUDED_EVENT,EXCLUDED,,N/A,EXCLUDED_BY_POLICY,game_event_creature positive eventEntry
138903,32820,Wild Turkey,12,26,EXCLUDED_EVENT,EXCLUDED_EVENT,EXCLUDED,,N/A,EXCLUDED_BY_POLICY,game_event_creature positive eventEntry
138904,32820,Wild Turkey,12,26,EXCLUDED_EVENT,EXCLUDED_EVENT,EXCLUDED,,N/A,EXCLUDED_BY_POLICY,game_event_creature positive eventEntry
138905,32820,Wild Turkey,62,26,EXCLUDED_EVENT,EXCLUDED_EVENT,EXCLUDED,,N/A,EXCLUDED_BY_POLICY,game_event_creature positive eventEntry
138906,32820,Wild Turkey,60,26,EXCLUDED_EVENT,EXCLUDED_EVENT,EXCLUDED,,N/A,EXCLUDED_BY_POLICY,game_event_creature positive eventEntry
138907,32820,Wild Turkey,12,26,EXCLUDED_EVENT,EXCLUDED_EVENT,EXCLUDED,,N/A,EXCLUDED_BY_POLICY,game_event_creature positive eventEntry
138908,32820,Wild Turkey,12,26,EXCLUDED_EVENT,EXCLUDED_EVENT,EXCLUDED,,N/A,EXCLUDED_BY_POLICY,game_event_creature positive eventEntry
138909,32820,Wild Turkey,12,26,EXCLUDED_EVENT,EXCLUDED_EVENT,EXCLUDED,,N/A,EXCLUDED_BY_POLICY,game_event_creature positive eventEntry
138910,32820,Wild Turkey,120,26,EXCLUDED_EVENT,EXCLUDED_EVENT,EXCLUDED,,N/A,EXCLUDED_BY_POLICY,game_event_creature positive eventEntry
138911,32820,Wild Turkey,12,26,EXCLUDED_EVENT,EXCLUDED_EVENT,EXCLUDED,,N/A,EXCLUDED_BY_POLICY,game_event_creature positive eventEntry
138912,32820,Wild Turkey,12,26,EXCLUDED_EVENT,EXCLUDED_EVENT,EXCLUDED,,N/A,EXCLUDED_BY_POLICY,game_event_creature positive eventEntry
138913,32820,Wild Turkey,12,26,EXCLUDED_EVENT,EXCLUDED_EVENT,EXCLUDED,,N/A,EXCLUDED_BY_POLICY,game_event_creature positive eventEntry
138914,32820,Wild Turkey,12,26,EXCLUDED_EVENT,EXCLUDED_EVENT,EXCLUDED,,N/A,EXCLUDED_BY_POLICY,game_event_creature positive eventEntry
138915,32820,Wild Turkey,12,26,EXCLUDED_EVENT,EXCLUDED_EVENT,EXCLUDED,,N/A,EXCLUDED_BY_POLICY,game_event_creature positive eventEntry
138916,32820,Wild Turkey,12,26,EXCLUDED_EVENT,EXCLUDED_EVENT,EXCLUDED,,N/A,EXCLUDED_BY_POLICY,game_event_creature positive eventEntry
138917,32820,Wild Turkey,12,26,EXCLUDED_EVENT,EXCLUDED_EVENT,EXCLUDED,,N/A,EXCLUDED_BY_POLICY,game_event_creature positive eventEntry
138918,32820,Wild Turkey,120,26,EXCLUDED_EVENT,EXCLUDED_EVENT,EXCLUDED,,N/A,EXCLUDED_BY_POLICY,game_event_creature positive eventEntry
138919,32820,Wild Turkey,12,26,EXCLUDED_EVENT,EXCLUDED_EVENT,EXCLUDED,,N/A,EXCLUDED_BY_POLICY,game_event_creature positive eventEntry
138920,32820,Wild Turkey,12,26,EXCLUDED_EVENT,EXCLUDED_EVENT,EXCLUDED,,N/A,EXCLUDED_BY_POLICY,game_event_creature positive eventEntry
138921,32820,Wild Turkey,12,26,EXCLUDED_EVENT,EXCLUDED_EVENT,EXCLUDED,,N/A,EXCLUDED_BY_POLICY,game_event_creature positive eventEntry
138922,32820,Wild Turkey,62,26,EXCLUDED_EVENT,EXCLUDED_EVENT,EXCLUDED,,N/A,EXCLUDED_BY_POLICY,game_event_creature positive eventEntry
138923,32820,Wild Turkey,12,26,EXCLUDED_EVENT,EXCLUDED_EVENT,EXCLUDED,,N/A,EXCLUDED_BY_POLICY,game_event_creature positive eventEntry
138924,32820,Wild Turkey,12,26,EXCLUDED_EVENT,EXCLUDED_EVENT,EXCLUDED,,N/A,EXCLUDED_BY_POLICY,game_event_creature positive eventEntry
138925,32820,Wild Turkey,12,26,EXCLUDED_EVENT,EXCLUDED_EVENT,EXCLUDED,,N/A,EXCLUDED_BY_POLICY,game_event_creature positive eventEntry
138926,32820,Wild Turkey,120,26,EXCLUDED_EVENT,EXCLUDED_EVENT,EXCLUDED,,N/A,EXCLUDED_BY_POLICY,game_event_creature positive eventEntry
138927,32820,Wild Turkey,12,26,EXCLUDED_EVENT,EXCLUDED_EVENT,EXCLUDED,,N/A,EXCLUDED_BY_POLICY,game_event_creature positive eventEntry
138928,32820,Wild Turkey,12,26,EXCLUDED_EVENT,EXCLUDED_EVENT,EXCLUDED,,N/A,EXCLUDED_BY_POLICY,game_event_creature positive eventEntry
138929,32820,Wild Turkey,12,26,EXCLUDED_EVENT,EXCLUDED_EVENT,EXCLUDED,,N/A,EXCLUDED_BY_POLICY,game_event_creature positive eventEntry
138930,32820,Wild Turkey,12,26,EXCLUDED_EVENT,EXCLUDED_EVENT,EXCLUDED,,N/A,EXCLUDED_BY_POLICY,game_event_creature positive eventEntry
138931,32820,Wild Turkey,12,26,EXCLUDED_EVENT,EXCLUDED_EVENT,EXCLUDED,,N/A,EXCLUDED_BY_POLICY,game_event_creature positive eventEntry
138932,32820,Wild Turkey,12,26,EXCLUDED_EVENT,EXCLUDED_EVENT,EXCLUDED,,N/A,EXCLUDED_BY_POLICY,game_event_creature positive eventEntry
138933,32820,Wild Turkey,12,26,EXCLUDED_EVENT,EXCLUDED_EVENT,EXCLUDED,,N/A,EXCLUDED_BY_POLICY,game_event_creature positive eventEntry
138934,32820,Wild Turkey,12,26,EXCLUDED_EVENT,EXCLUDED_EVENT,EXCLUDED,,N/A,EXCLUDED_BY_POLICY,game_event_creature positive eventEntry
138935,32820,Wild Turkey,12,26,EXCLUDED_EVENT,EXCLUDED_EVENT,EXCLUDED,,N/A,EXCLUDED_BY_POLICY,game_event_creature positive eventEntry
138936,32820,Wild Turkey,12,26,EXCLUDED_EVENT,EXCLUDED_EVENT,EXCLUDED,,N/A,EXCLUDED_BY_POLICY,game_event_creature positive eventEntry
138937,32820,Wild Turkey,60,26,EXCLUDED_EVENT,EXCLUDED_EVENT,EXCLUDED,,N/A,EXCLUDED_BY_POLICY,game_event_creature positive eventEntry
138938,32820,Wild Turkey,62,26,EXCLUDED_EVENT,EXCLUDED_EVENT,EXCLUDED,,N/A,EXCLUDED_BY_POLICY,game_event_creature positive eventEntry
138939,32820,Wild Turkey,12,26,EXCLUDED_EVENT,EXCLUDED_EVENT,EXCLUDED,,N/A,EXCLUDED_BY_POLICY,game_event_creature positive eventEntry
138940,32820,Wild Turkey,12,26,EXCLUDED_EVENT,EXCLUDED_EVENT,EXCLUDED,,N/A,EXCLUDED_BY_POLICY,game_event_creature positive eventEntry
138941,32820,Wild Turkey,12,26,EXCLUDED_EVENT,EXCLUDED_EVENT,EXCLUDED,,N/A,EXCLUDED_BY_POLICY,game_event_creature positive eventEntry
138942,32820,Wild Turkey,12,26,EXCLUDED_EVENT,EXCLUDED_EVENT,EXCLUDED,,N/A,EXCLUDED_BY_POLICY,game_event_creature positive eventEntry
138943,32820,Wild Turkey,12,26,EXCLUDED_EVENT,EXCLUDED_EVENT,EXCLUDED,,N/A,EXCLUDED_BY_POLICY,game_event_creature positive eventEntry
138944,32820,Wild Turkey,12,26,EXCLUDED_EVENT,EXCLUDED_EVENT,EXCLUDED,,N/A,EXCLUDED_BY_POLICY,game_event_creature positive eventEntry
138945,32820,Wild Turkey,12,26,EXCLUDED_EVENT,EXCLUDED_EVENT,EXCLUDED,,N/A,EXCLUDED_BY_POLICY,game_event_creature positive eventEntry
138946,32820,Wild Turkey,62,26,EXCLUDED_EVENT,EXCLUDED_EVENT,EXCLUDED,,N/A,EXCLUDED_BY_POLICY,game_event_creature positive eventEntry
138947,32820,Wild Turkey,12,26,EXCLUDED_EVENT,EXCLUDED_EVENT,EXCLUDED,,N/A,EXCLUDED_BY_POLICY,game_event_creature positive eventEntry
138948,32820,Wild Turkey,12,26,EXCLUDED_EVENT,EXCLUDED_EVENT,EXCLUDED,,N/A,EXCLUDED_BY_POLICY,game_event_creature positive eventEntry
138949,32820,Wild Turkey,12,26,EXCLUDED_EVENT,EXCLUDED_EVENT,EXCLUDED,,N/A,EXCLUDED_BY_POLICY,game_event_creature positive eventEntry
138950,32820,Wild Turkey,12,26,EXCLUDED_EVENT,EXCLUDED_EVENT,EXCLUDED,,N/A,EXCLUDED_BY_POLICY,game_event_creature positive eventEntry
138951,32820,Wild Turkey,12,26,EXCLUDED_EVENT,EXCLUDED_EVENT,EXCLUDED,,N/A,EXCLUDED_BY_POLICY,game_event_creature positive eventEntry
138952,32820,Wild Turkey,12,26,EXCLUDED_EVENT,EXCLUDED_EVENT,EXCLUDED,,N/A,EXCLUDED_BY_POLICY,game_event_creature positive eventEntry
138953,32820,Wild Turkey,12,26,EXCLUDED_EVENT,EXCLUDED_EVENT,EXCLUDED,,N/A,EXCLUDED_BY_POLICY,game_event_creature positive eventEntry
138954,32820,Wild Turkey,12,26,EXCLUDED_EVENT,EXCLUDED_EVENT,EXCLUDED,,N/A,EXCLUDED_BY_POLICY,game_event_creature positive eventEntry
138955,32820,Wild Turkey,120,26,EXCLUDED_EVENT,EXCLUDED_EVENT,EXCLUDED,,N/A,EXCLUDED_BY_POLICY,game_event_creature positive eventEntry
138956,32820,Wild Turkey,12,26,EXCLUDED_EVENT,EXCLUDED_EVENT,EXCLUDED,,N/A,EXCLUDED_BY_POLICY,game_event_creature positive eventEntry
138957,32820,Wild Turkey,12,26,EXCLUDED_EVENT,EXCLUDED_EVENT,EXCLUDED,,N/A,EXCLUDED_BY_POLICY,game_event_creature positive eventEntry
138958,32820,Wild Turkey,60,26,EXCLUDED_EVENT,EXCLUDED_EVENT,EXCLUDED,,N/A,EXCLUDED_BY_POLICY,game_event_creature positive eventEntry
138959,32820,Wild Turkey,12,26,EXCLUDED_EVENT,EXCLUDED_EVENT,EXCLUDED,,N/A,EXCLUDED_BY_POLICY,game_event_creature positive eventEntry
138960,32820,Wild Turkey,12,26,EXCLUDED_EVENT,EXCLUDED_EVENT,EXCLUDED,,N/A,EXCLUDED_BY_POLICY,game_event_creature positive eventEntry
138961,32820,Wild Turkey,12,26,EXCLUDED_EVENT,EXCLUDED_EVENT,EXCLUDED,,N/A,EXCLUDED_BY_POLICY,game_event_creature positive eventEntry
138962,32820,Wild Turkey,12,26,EXCLUDED_EVENT,EXCLUDED_EVENT,EXCLUDED,,N/A,EXCLUDED_BY_POLICY,game_event_creature positive eventEntry
138963,32820,Wild Turkey,12,26,EXCLUDED_EVENT,EXCLUDED_EVENT,EXCLUDED,,N/A,EXCLUDED_BY_POLICY,game_event_creature positive eventEntry
138964,32820,Wild Turkey,62,26,EXCLUDED_EVENT,EXCLUDED_EVENT,EXCLUDED,,N/A,EXCLUDED_BY_POLICY,game_event_creature positive eventEntry
138965,32820,Wild Turkey,12,26,EXCLUDED_EVENT,EXCLUDED_EVENT,EXCLUDED,,N/A,EXCLUDED_BY_POLICY,game_event_creature positive eventEntry
138966,32820,Wild Turkey,62,26,EXCLUDED_EVENT,EXCLUDED_EVENT,EXCLUDED,,N/A,EXCLUDED_BY_POLICY,game_event_creature positive eventEntry
138967,32820,Wild Turkey,12,26,EXCLUDED_EVENT,EXCLUDED_EVENT,EXCLUDED,,N/A,EXCLUDED_BY_POLICY,game_event_creature positive eventEntry
138968,32820,Wild Turkey,12,26,EXCLUDED_EVENT,EXCLUDED_EVENT,EXCLUDED,,N/A,EXCLUDED_BY_POLICY,game_event_creature positive eventEntry
138969,32820,Wild Turkey,12,26,EXCLUDED_EVENT,EXCLUDED_EVENT,EXCLUDED,,N/A,EXCLUDED_BY_POLICY,game_event_creature positive eventEntry
138970,32820,Wild Turkey,12,26,EXCLUDED_EVENT,EXCLUDED_EVENT,EXCLUDED,,N/A,EXCLUDED_BY_POLICY,game_event_creature positive eventEntry
138971,32820,Wild Turkey,12,26,EXCLUDED_EVENT,EXCLUDED_EVENT,EXCLUDED,,N/A,EXCLUDED_BY_POLICY,game_event_creature positive eventEntry
138972,32820,Wild Turkey,12,26,EXCLUDED_EVENT,EXCLUDED_EVENT,EXCLUDED,,N/A,EXCLUDED_BY_POLICY,game_event_creature positive eventEntry
138973,32820,Wild Turkey,12,26,EXCLUDED_EVENT,EXCLUDED_EVENT,EXCLUDED,,N/A,EXCLUDED_BY_POLICY,game_event_creature positive eventEntry
138974,32820,Wild Turkey,60,26,EXCLUDED_EVENT,EXCLUDED_EVENT,EXCLUDED,,N/A,EXCLUDED_BY_POLICY,game_event_creature positive eventEntry
138975,32820,Wild Turkey,120,26,EXCLUDED_EVENT,EXCLUDED_EVENT,EXCLUDED,,N/A,EXCLUDED_BY_POLICY,game_event_creature positive eventEntry
138976,32820,Wild Turkey,12,26,EXCLUDED_EVENT,EXCLUDED_EVENT,EXCLUDED,,N/A,EXCLUDED_BY_POLICY,game_event_creature positive eventEntry
138977,32820,Wild Turkey,12,26,EXCLUDED_EVENT,EXCLUDED_EVENT,EXCLUDED,,N/A,EXCLUDED_BY_POLICY,game_event_creature positive eventEntry
138978,32820,Wild Turkey,120,26,EXCLUDED_EVENT,EXCLUDED_EVENT,EXCLUDED,,N/A,EXCLUDED_BY_POLICY,game_event_creature positive eventEntry
138979,32820,Wild Turkey,12,26,EXCLUDED_EVENT,EXCLUDED_EVENT,EXCLUDED,,N/A,EXCLUDED_BY_POLICY,game_event_creature positive eventEntry
138980,32820,Wild Turkey,12,26,EXCLUDED_EVENT,EXCLUDED_EVENT,EXCLUDED,,N/A,EXCLUDED_BY_POLICY,game_event_creature positive eventEntry
138981,32820,Wild Turkey,12,26,EXCLUDED_EVENT,EXCLUDED_EVENT,EXCLUDED,,N/A,EXCLUDED_BY_POLICY,game_event_creature positive eventEntry
138982,32820,Wild Turkey,12,26,EXCLUDED_EVENT,EXCLUDED_EVENT,EXCLUDED,,N/A,EXCLUDED_BY_POLICY,game_event_creature positive eventEntry
138983,32820,Wild Turkey,12,26,EXCLUDED_EVENT,EXCLUDED_EVENT,EXCLUDED,,N/A,EXCLUDED_BY_POLICY,game_event_creature positive eventEntry
138984,32820,Wild Turkey,12,26,EXCLUDED_EVENT,EXCLUDED_EVENT,EXCLUDED,,N/A,EXCLUDED_BY_POLICY,game_event_creature positive eventEntry
138985,32820,Wild Turkey,12,26,EXCLUDED_EVENT,EXCLUDED_EVENT,EXCLUDED,,N/A,EXCLUDED_BY_POLICY,game_event_creature positive eventEntry
138986,32820,Wild Turkey,12,26,EXCLUDED_EVENT,EXCLUDED_EVENT,EXCLUDED,,N/A,EXCLUDED_BY_POLICY,game_event_creature positive eventEntry
138987,32820,Wild Turkey,12,26,EXCLUDED_EVENT,EXCLUDED_EVENT,EXCLUDED,,N/A,EXCLUDED_BY_POLICY,game_event_creature positive eventEntry
138988,32820,Wild Turkey,12,26,EXCLUDED_EVENT,EXCLUDED_EVENT,EXCLUDED,,N/A,EXCLUDED_BY_POLICY,game_event_creature positive eventEntry
138989,32820,Wild Turkey,12,26,EXCLUDED_EVENT,EXCLUDED_EVENT,EXCLUDED,,N/A,EXCLUDED_BY_POLICY,game_event_creature positive eventEntry
138990,32820,Wild Turkey,60,26,EXCLUDED_EVENT,EXCLUDED_EVENT,EXCLUDED,,N/A,EXCLUDED_BY_POLICY,game_event_creature positive eventEntry
138991,32820,Wild Turkey,120,26,EXCLUDED_EVENT,EXCLUDED_EVENT,EXCLUDED,,N/A,EXCLUDED_BY_POLICY,game_event_creature positive eventEntry
138992,32820,Wild Turkey,12,26,EXCLUDED_EVENT,EXCLUDED_EVENT,EXCLUDED,,N/A,EXCLUDED_BY_POLICY,game_event_creature positive eventEntry
138993,32820,Wild Turkey,120,26,EXCLUDED_EVENT,EXCLUDED_EVENT,EXCLUDED,,N/A,EXCLUDED_BY_POLICY,game_event_creature positive eventEntry
138994,32820,Wild Turkey,120,26,EXCLUDED_EVENT,EXCLUDED_EVENT,EXCLUDED,,N/A,EXCLUDED_BY_POLICY,game_event_creature positive eventEntry
138995,32820,Wild Turkey,62,26,EXCLUDED_EVENT,EXCLUDED_EVENT,EXCLUDED,,N/A,EXCLUDED_BY_POLICY,game_event_creature positive eventEntry
138996,32820,Wild Turkey,12,26,EXCLUDED_EVENT,EXCLUDED_EVENT,EXCLUDED,,N/A,EXCLUDED_BY_POLICY,game_event_creature positive eventEntry
138997,32820,Wild Turkey,12,26,EXCLUDED_EVENT,EXCLUDED_EVENT,EXCLUDED,,N/A,EXCLUDED_BY_POLICY,game_event_creature positive eventEntry
138998,32820,Wild Turkey,60,26,EXCLUDED_EVENT,EXCLUDED_EVENT,EXCLUDED,,N/A,EXCLUDED_BY_POLICY,game_event_creature positive eventEntry
138999,32820,Wild Turkey,120,26,EXCLUDED_EVENT,EXCLUDED_EVENT,EXCLUDED,,N/A,EXCLUDED_BY_POLICY,game_event_creature positive eventEntry
139000,32820,Wild Turkey,12,26,EXCLUDED_EVENT,EXCLUDED_EVENT,EXCLUDED,,N/A,EXCLUDED_BY_POLICY,game_event_creature positive eventEntry
139001,32820,Wild Turkey,120,26,EXCLUDED_EVENT,EXCLUDED_EVENT,EXCLUDED,,N/A,EXCLUDED_BY_POLICY,game_event_creature positive eventEntry
139002,32820,Wild Turkey,12,26,EXCLUDED_EVENT,EXCLUDED_EVENT,EXCLUDED,,N/A,EXCLUDED_BY_POLICY,game_event_creature positive eventEntry
139003,32820,Wild Turkey,12,26,EXCLUDED_EVENT,EXCLUDED_EVENT,EXCLUDED,,N/A,EXCLUDED_BY_POLICY,game_event_creature positive eventEntry
139004,32820,Wild Turkey,12,26,EXCLUDED_EVENT,EXCLUDED_EVENT,EXCLUDED,,N/A,EXCLUDED_BY_POLICY,game_event_creature positive eventEntry
139005,32820,Wild Turkey,12,26,EXCLUDED_EVENT,EXCLUDED_EVENT,EXCLUDED,,N/A,EXCLUDED_BY_POLICY,game_event_creature positive eventEntry
139006,32820,Wild Turkey,12,26,EXCLUDED_EVENT,EXCLUDED_EVENT,EXCLUDED,,N/A,EXCLUDED_BY_POLICY,game_event_creature positive eventEntry
139007,32820,Wild Turkey,12,26,EXCLUDED_EVENT,EXCLUDED_EVENT,EXCLUDED,,N/A,EXCLUDED_BY_POLICY,game_event_creature positive eventEntry
139008,32820,Wild Turkey,12,26,EXCLUDED_EVENT,EXCLUDED_EVENT,EXCLUDED,,N/A,EXCLUDED_BY_POLICY,game_event_creature positive eventEntry
139009,32820,Wild Turkey,12,26,EXCLUDED_EVENT,EXCLUDED_EVENT,EXCLUDED,,N/A,EXCLUDED_BY_POLICY,game_event_creature positive eventEntry
139010,32820,Wild Turkey,120,26,EXCLUDED_EVENT,EXCLUDED_EVENT,EXCLUDED,,N/A,EXCLUDED_BY_POLICY,game_event_creature positive eventEntry
139011,32820,Wild Turkey,12,26,EXCLUDED_EVENT,EXCLUDED_EVENT,EXCLUDED,,N/A,EXCLUDED_BY_POLICY,game_event_creature positive eventEntry
139012,32820,Wild Turkey,12,26,EXCLUDED_EVENT,EXCLUDED_EVENT,EXCLUDED,,N/A,EXCLUDED_BY_POLICY,game_event_creature positive eventEntry
139013,32820,Wild Turkey,88,26,EXCLUDED_EVENT,EXCLUDED_EVENT,EXCLUDED,,N/A,EXCLUDED_BY_POLICY,game_event_creature positive eventEntry
139014,32820,Wild Turkey,12,26,EXCLUDED_EVENT,EXCLUDED_EVENT,EXCLUDED,,N/A,EXCLUDED_BY_POLICY,game_event_creature positive eventEntry
139015,32820,Wild Turkey,12,26,EXCLUDED_EVENT,EXCLUDED_EVENT,EXCLUDED,,N/A,EXCLUDED_BY_POLICY,game_event_creature positive eventEntry
139016,32820,Wild Turkey,12,26,EXCLUDED_EVENT,EXCLUDED_EVENT,EXCLUDED,,N/A,EXCLUDED_BY_POLICY,game_event_creature positive eventEntry
139017,32820,Wild Turkey,12,26,EXCLUDED_EVENT,EXCLUDED_EVENT,EXCLUDED,,N/A,EXCLUDED_BY_POLICY,game_event_creature positive eventEntry
139018,32820,Wild Turkey,12,26,EXCLUDED_EVENT,EXCLUDED_EVENT,EXCLUDED,,N/A,EXCLUDED_BY_POLICY,game_event_creature positive eventEntry
139019,32820,Wild Turkey,12,26,EXCLUDED_EVENT,EXCLUDED_EVENT,EXCLUDED,,N/A,EXCLUDED_BY_POLICY,game_event_creature positive eventEntry
139020,32820,Wild Turkey,12,26,EXCLUDED_EVENT,EXCLUDED_EVENT,EXCLUDED,,N/A,EXCLUDED_BY_POLICY,game_event_creature positive eventEntry
139021,32820,Wild Turkey,12,26,EXCLUDED_EVENT,EXCLUDED_EVENT,EXCLUDED,,N/A,EXCLUDED_BY_POLICY,game_event_creature positive eventEntry
139022,32820,Wild Turkey,12,26,EXCLUDED_EVENT,EXCLUDED_EVENT,EXCLUDED,,N/A,EXCLUDED_BY_POLICY,game_event_creature positive eventEntry
139023,32820,Wild Turkey,12,26,EXCLUDED_EVENT,EXCLUDED_EVENT,EXCLUDED,,N/A,EXCLUDED_BY_POLICY,game_event_creature positive eventEntry
139024,32820,Wild Turkey,12,26,EXCLUDED_EVENT,EXCLUDED_EVENT,EXCLUDED,,N/A,EXCLUDED_BY_POLICY,game_event_creature positive eventEntry
139025,32820,Wild Turkey,12,26,EXCLUDED_EVENT,EXCLUDED_EVENT,EXCLUDED,,N/A,EXCLUDED_BY_POLICY,game_event_creature positive eventEntry
139026,32820,Wild Turkey,12,26,EXCLUDED_EVENT,EXCLUDED_EVENT,EXCLUDED,,N/A,EXCLUDED_BY_POLICY,game_event_creature positive eventEntry
139027,32820,Wild Turkey,12,26,EXCLUDED_EVENT,EXCLUDED_EVENT,EXCLUDED,,N/A,EXCLUDED_BY_POLICY,game_event_creature positive eventEntry
139028,32820,Wild Turkey,12,26,EXCLUDED_EVENT,EXCLUDED_EVENT,EXCLUDED,,N/A,EXCLUDED_BY_POLICY,game_event_creature positive eventEntry
139029,32820,Wild Turkey,120,26,EXCLUDED_EVENT,EXCLUDED_EVENT,EXCLUDED,,N/A,EXCLUDED_BY_POLICY,game_event_creature positive eventEntry
139030,32820,Wild Turkey,12,26,EXCLUDED_EVENT,EXCLUDED_EVENT,EXCLUDED,,N/A,EXCLUDED_BY_POLICY,game_event_creature positive eventEntry
139031,32820,Wild Turkey,88,26,EXCLUDED_EVENT,EXCLUDED_EVENT,EXCLUDED,,N/A,EXCLUDED_BY_POLICY,game_event_creature positive eventEntry
139032,32820,Wild Turkey,12,26,EXCLUDED_EVENT,EXCLUDED_EVENT,EXCLUDED,,N/A,EXCLUDED_BY_POLICY,game_event_creature positive eventEntry
139033,32820,Wild Turkey,120,26,EXCLUDED_EVENT,EXCLUDED_EVENT,EXCLUDED,,N/A,EXCLUDED_BY_POLICY,game_event_creature positive eventEntry
139034,32820,Wild Turkey,12,26,EXCLUDED_EVENT,EXCLUDED_EVENT,EXCLUDED,,N/A,EXCLUDED_BY_POLICY,game_event_creature positive eventEntry
139035,32820,Wild Turkey,12,26,EXCLUDED_EVENT,EXCLUDED_EVENT,EXCLUDED,,N/A,EXCLUDED_BY_POLICY,game_event_creature positive eventEntry
139036,32820,Wild Turkey,91,26,EXCLUDED_EVENT,EXCLUDED_EVENT,EXCLUDED,,N/A,EXCLUDED_BY_POLICY,game_event_creature positive eventEntry
139037,32820,Wild Turkey,91,26,EXCLUDED_EVENT,EXCLUDED_EVENT,EXCLUDED,,N/A,EXCLUDED_BY_POLICY,game_event_creature positive eventEntry
139038,32820,Wild Turkey,91,26,EXCLUDED_EVENT,EXCLUDED_EVENT,EXCLUDED,,N/A,EXCLUDED_BY_POLICY,game_event_creature positive eventEntry
139039,32820,Wild Turkey,12,26,EXCLUDED_EVENT,EXCLUDED_EVENT,EXCLUDED,,N/A,EXCLUDED_BY_POLICY,game_event_creature positive eventEntry
139040,32820,Wild Turkey,12,26,EXCLUDED_EVENT,EXCLUDED_EVENT,EXCLUDED,,N/A,EXCLUDED_BY_POLICY,game_event_creature positive eventEntry
139041,32820,Wild Turkey,88,26,EXCLUDED_EVENT,EXCLUDED_EVENT,EXCLUDED,,N/A,EXCLUDED_BY_POLICY,game_event_creature positive eventEntry
139042,32820,Wild Turkey,88,26,EXCLUDED_EVENT,EXCLUDED_EVENT,EXCLUDED,,N/A,EXCLUDED_BY_POLICY,game_event_creature positive eventEntry
139043,32820,Wild Turkey,12,26,EXCLUDED_EVENT,EXCLUDED_EVENT,EXCLUDED,,N/A,EXCLUDED_BY_POLICY,game_event_creature positive eventEntry
139044,32820,Wild Turkey,12,26,EXCLUDED_EVENT,EXCLUDED_EVENT,EXCLUDED,,N/A,EXCLUDED_BY_POLICY,game_event_creature positive eventEntry
139045,32820,Wild Turkey,12,26,EXCLUDED_EVENT,EXCLUDED_EVENT,EXCLUDED,,N/A,EXCLUDED_BY_POLICY,game_event_creature positive eventEntry
139046,32820,Wild Turkey,18,26,EXCLUDED_EVENT,EXCLUDED_EVENT,EXCLUDED,,N/A,EXCLUDED_BY_POLICY,game_event_creature positive eventEntry
139047,32820,Wild Turkey,120,26,EXCLUDED_EVENT,EXCLUDED_EVENT,EXCLUDED,,N/A,EXCLUDED_BY_POLICY,game_event_creature positive eventEntry
139048,32820,Wild Turkey,60,26,EXCLUDED_EVENT,EXCLUDED_EVENT,EXCLUDED,,N/A,EXCLUDED_BY_POLICY,game_event_creature positive eventEntry
139049,32820,Wild Turkey,91,26,EXCLUDED_EVENT,EXCLUDED_EVENT,EXCLUDED,,N/A,EXCLUDED_BY_POLICY,game_event_creature positive eventEntry
139050,32820,Wild Turkey,12,26,EXCLUDED_EVENT,EXCLUDED_EVENT,EXCLUDED,,N/A,EXCLUDED_BY_POLICY,game_event_creature positive eventEntry
139051,32820,Wild Turkey,18,26,EXCLUDED_EVENT,EXCLUDED_EVENT,EXCLUDED,,N/A,EXCLUDED_BY_POLICY,game_event_creature positive eventEntry
139052,32820,Wild Turkey,18,26,EXCLUDED_EVENT,EXCLUDED_EVENT,EXCLUDED,,N/A,EXCLUDED_BY_POLICY,game_event_creature positive eventEntry
139053,32820,Wild Turkey,12,26,EXCLUDED_EVENT,EXCLUDED_EVENT,EXCLUDED,,N/A,EXCLUDED_BY_POLICY,game_event_creature positive eventEntry
139054,32820,Wild Turkey,18,26,EXCLUDED_EVENT,EXCLUDED_EVENT,EXCLUDED,,N/A,EXCLUDED_BY_POLICY,game_event_creature positive eventEntry
139055,32820,Wild Turkey,88,26,EXCLUDED_EVENT,EXCLUDED_EVENT,EXCLUDED,,N/A,EXCLUDED_BY_POLICY,game_event_creature positive eventEntry
139056,32820,Wild Turkey,12,26,EXCLUDED_EVENT,EXCLUDED_EVENT,EXCLUDED,,N/A,EXCLUDED_BY_POLICY,game_event_creature positive eventEntry
139057,32820,Wild Turkey,88,26,EXCLUDED_EVENT,EXCLUDED_EVENT,EXCLUDED,,N/A,EXCLUDED_BY_POLICY,game_event_creature positive eventEntry
139058,32820,Wild Turkey,88,26,EXCLUDED_EVENT,EXCLUDED_EVENT,EXCLUDED,,N/A,EXCLUDED_BY_POLICY,game_event_creature positive eventEntry
139059,32820,Wild Turkey,88,26,EXCLUDED_EVENT,EXCLUDED_EVENT,EXCLUDED,,N/A,EXCLUDED_BY_POLICY,game_event_creature positive eventEntry
139060,32820,Wild Turkey,12,26,EXCLUDED_EVENT,EXCLUDED_EVENT,EXCLUDED,,N/A,EXCLUDED_BY_POLICY,game_event_creature positive eventEntry
139061,32820,Wild Turkey,12,26,EXCLUDED_EVENT,EXCLUDED_EVENT,EXCLUDED,,N/A,EXCLUDED_BY_POLICY,game_event_creature positive eventEntry
139062,32820,Wild Turkey,12,26,EXCLUDED_EVENT,EXCLUDED_EVENT,EXCLUDED,,N/A,EXCLUDED_BY_POLICY,game_event_creature positive eventEntry
139063,32820,Wild Turkey,12,26,EXCLUDED_EVENT,EXCLUDED_EVENT,EXCLUDED,,N/A,EXCLUDED_BY_POLICY,game_event_creature positive eventEntry
139064,32820,Wild Turkey,12,26,EXCLUDED_EVENT,EXCLUDED_EVENT,EXCLUDED,,N/A,EXCLUDED_BY_POLICY,game_event_creature positive eventEntry
139065,32820,Wild Turkey,88,26,EXCLUDED_EVENT,EXCLUDED_EVENT,EXCLUDED,,N/A,EXCLUDED_BY_POLICY,game_event_creature positive eventEntry
139066,32820,Wild Turkey,18,26,EXCLUDED_EVENT,EXCLUDED_EVENT,EXCLUDED,,N/A,EXCLUDED_BY_POLICY,game_event_creature positive eventEntry
139067,32820,Wild Turkey,87,26,EXCLUDED_EVENT,EXCLUDED_EVENT,EXCLUDED,,N/A,EXCLUDED_BY_POLICY,game_event_creature positive eventEntry
139068,32820,Wild Turkey,87,26,EXCLUDED_EVENT,EXCLUDED_EVENT,EXCLUDED,,N/A,EXCLUDED_BY_POLICY,game_event_creature positive eventEntry
139069,32820,Wild Turkey,87,26,EXCLUDED_EVENT,EXCLUDED_EVENT,EXCLUDED,,N/A,EXCLUDED_BY_POLICY,game_event_creature positive eventEntry
139070,32820,Wild Turkey,87,26,EXCLUDED_EVENT,EXCLUDED_EVENT,EXCLUDED,,N/A,EXCLUDED_BY_POLICY,game_event_creature positive eventEntry
139071,32820,Wild Turkey,87,26,EXCLUDED_EVENT,EXCLUDED_EVENT,EXCLUDED,,N/A,EXCLUDED_BY_POLICY,game_event_creature positive eventEntry
139072,32820,Wild Turkey,87,26,EXCLUDED_EVENT,EXCLUDED_EVENT,EXCLUDED,,N/A,EXCLUDED_BY_POLICY,game_event_creature positive eventEntry
139073,32820,Wild Turkey,18,26,EXCLUDED_EVENT,EXCLUDED_EVENT,EXCLUDED,,N/A,EXCLUDED_BY_POLICY,game_event_creature positive eventEntry
139074,32820,Wild Turkey,12,26,EXCLUDED_EVENT,EXCLUDED_EVENT,EXCLUDED,,N/A,EXCLUDED_BY_POLICY,game_event_creature positive eventEntry
139075,32820,Wild Turkey,18,26,EXCLUDED_EVENT,EXCLUDED_EVENT,EXCLUDED,,N/A,EXCLUDED_BY_POLICY,game_event_creature positive eventEntry
139076,32820,Wild Turkey,18,26,EXCLUDED_EVENT,EXCLUDED_EVENT,EXCLUDED,,N/A,EXCLUDED_BY_POLICY,game_event_creature positive eventEntry
139077,32820,Wild Turkey,88,26,EXCLUDED_EVENT,EXCLUDED_EVENT,EXCLUDED,,N/A,EXCLUDED_BY_POLICY,game_event_creature positive eventEntry
139078,32820,Wild Turkey,91,26,EXCLUDED_EVENT,EXCLUDED_EVENT,EXCLUDED,,N/A,EXCLUDED_BY_POLICY,game_event_creature positive eventEntry
139079,32820,Wild Turkey,18,26,EXCLUDED_EVENT,EXCLUDED_EVENT,EXCLUDED,,N/A,EXCLUDED_BY_POLICY,game_event_creature positive eventEntry
139080,32820,Wild Turkey,87,26,EXCLUDED_EVENT,EXCLUDED_EVENT,EXCLUDED,,N/A,EXCLUDED_BY_POLICY,game_event_creature positive eventEntry
139081,32820,Wild Turkey,12,26,EXCLUDED_EVENT,EXCLUDED_EVENT,EXCLUDED,,N/A,EXCLUDED_BY_POLICY,game_event_creature positive eventEntry
139082,32820,Wild Turkey,91,26,EXCLUDED_EVENT,EXCLUDED_EVENT,EXCLUDED,,N/A,EXCLUDED_BY_POLICY,game_event_creature positive eventEntry
139083,32820,Wild Turkey,12,26,EXCLUDED_EVENT,EXCLUDED_EVENT,EXCLUDED,,N/A,EXCLUDED_BY_POLICY,game_event_creature positive eventEntry
139084,32820,Wild Turkey,18,26,EXCLUDED_EVENT,EXCLUDED_EVENT,EXCLUDED,,N/A,EXCLUDED_BY_POLICY,game_event_creature positive eventEntry
139085,32820,Wild Turkey,18,26,EXCLUDED_EVENT,EXCLUDED_EVENT,EXCLUDED,,N/A,EXCLUDED_BY_POLICY,game_event_creature positive eventEntry
139086,32820,Wild Turkey,91,26,EXCLUDED_EVENT,EXCLUDED_EVENT,EXCLUDED,,N/A,EXCLUDED_BY_POLICY,game_event_creature positive eventEntry
139087,32820,Wild Turkey,18,26,EXCLUDED_EVENT,EXCLUDED_EVENT,EXCLUDED,,N/A,EXCLUDED_BY_POLICY,game_event_creature positive eventEntry
139088,32820,Wild Turkey,87,26,EXCLUDED_EVENT,EXCLUDED_EVENT,EXCLUDED,,N/A,EXCLUDED_BY_POLICY,game_event_creature positive eventEntry
139089,32820,Wild Turkey,12,26,EXCLUDED_EVENT,EXCLUDED_EVENT,EXCLUDED,,N/A,EXCLUDED_BY_POLICY,game_event_creature positive eventEntry
139090,32820,Wild Turkey,18,26,EXCLUDED_EVENT,EXCLUDED_EVENT,EXCLUDED,,N/A,EXCLUDED_BY_POLICY,game_event_creature positive eventEntry
139091,32820,Wild Turkey,18,26,EXCLUDED_EVENT,EXCLUDED_EVENT,EXCLUDED,,N/A,EXCLUDED_BY_POLICY,game_event_creature positive eventEntry
139092,32820,Wild Turkey,88,26,EXCLUDED_EVENT,EXCLUDED_EVENT,EXCLUDED,,N/A,EXCLUDED_BY_POLICY,game_event_creature positive eventEntry
139093,32820,Wild Turkey,88,26,EXCLUDED_EVENT,EXCLUDED_EVENT,EXCLUDED,,N/A,EXCLUDED_BY_POLICY,game_event_creature positive eventEntry
139094,32820,Wild Turkey,87,26,EXCLUDED_EVENT,EXCLUDED_EVENT,EXCLUDED,,N/A,EXCLUDED_BY_POLICY,game_event_creature positive eventEntry
139095,32820,Wild Turkey,87,26,EXCLUDED_EVENT,EXCLUDED_EVENT,EXCLUDED,,N/A,EXCLUDED_BY_POLICY,game_event_creature positive eventEntry
139096,32820,Wild Turkey,88,26,EXCLUDED_EVENT,EXCLUDED_EVENT,EXCLUDED,,N/A,EXCLUDED_BY_POLICY,game_event_creature positive eventEntry
139097,32820,Wild Turkey,12,26,EXCLUDED_EVENT,EXCLUDED_EVENT,EXCLUDED,,N/A,EXCLUDED_BY_POLICY,game_event_creature positive eventEntry
139098,32820,Wild Turkey,12,26,EXCLUDED_EVENT,EXCLUDED_EVENT,EXCLUDED,,N/A,EXCLUDED_BY_POLICY,game_event_creature positive eventEntry
139099,32820,Wild Turkey,18,26,EXCLUDED_EVENT,EXCLUDED_EVENT,EXCLUDED,,N/A,EXCLUDED_BY_POLICY,game_event_creature positive eventEntry
139100,32820,Wild Turkey,12,26,EXCLUDED_EVENT,EXCLUDED_EVENT,EXCLUDED,,N/A,EXCLUDED_BY_POLICY,game_event_creature positive eventEntry
139101,32820,Wild Turkey,91,26,EXCLUDED_EVENT,EXCLUDED_EVENT,EXCLUDED,,N/A,EXCLUDED_BY_POLICY,game_event_creature positive eventEntry
139102,32820,Wild Turkey,88,26,EXCLUDED_EVENT,EXCLUDED_EVENT,EXCLUDED,,N/A,EXCLUDED_BY_POLICY,game_event_creature positive eventEntry
139103,32820,Wild Turkey,12,26,EXCLUDED_EVENT,EXCLUDED_EVENT,EXCLUDED,,N/A,EXCLUDED_BY_POLICY,game_event_creature positive eventEntry
139104,32820,Wild Turkey,18,26,EXCLUDED_EVENT,EXCLUDED_EVENT,EXCLUDED,,N/A,EXCLUDED_BY_POLICY,game_event_creature positive eventEntry
139105,32820,Wild Turkey,87,26,EXCLUDED_EVENT,EXCLUDED_EVENT,EXCLUDED,,N/A,EXCLUDED_BY_POLICY,game_event_creature positive eventEntry
139106,32820,Wild Turkey,12,26,EXCLUDED_EVENT,EXCLUDED_EVENT,EXCLUDED,,N/A,EXCLUDED_BY_POLICY,game_event_creature positive eventEntry
139107,32820,Wild Turkey,87,26,EXCLUDED_EVENT,EXCLUDED_EVENT,EXCLUDED,,N/A,EXCLUDED_BY_POLICY,game_event_creature positive eventEntry
139108,32820,Wild Turkey,87,26,EXCLUDED_EVENT,EXCLUDED_EVENT,EXCLUDED,,N/A,EXCLUDED_BY_POLICY,game_event_creature positive eventEntry
139109,32820,Wild Turkey,88,26,EXCLUDED_EVENT,EXCLUDED_EVENT,EXCLUDED,,N/A,EXCLUDED_BY_POLICY,game_event_creature positive eventEntry
139110,32820,Wild Turkey,12,26,EXCLUDED_EVENT,EXCLUDED_EVENT,EXCLUDED,,N/A,EXCLUDED_BY_POLICY,game_event_creature positive eventEntry
139111,32820,Wild Turkey,88,26,EXCLUDED_EVENT,EXCLUDED_EVENT,EXCLUDED,,N/A,EXCLUDED_BY_POLICY,game_event_creature positive eventEntry
139112,32820,Wild Turkey,12,26,EXCLUDED_EVENT,EXCLUDED_EVENT,EXCLUDED,,N/A,EXCLUDED_BY_POLICY,game_event_creature positive eventEntry
139113,32820,Wild Turkey,18,26,EXCLUDED_EVENT,EXCLUDED_EVENT,EXCLUDED,,N/A,EXCLUDED_BY_POLICY,game_event_creature positive eventEntry
139114,32820,Wild Turkey,87,26,EXCLUDED_EVENT,EXCLUDED_EVENT,EXCLUDED,,N/A,EXCLUDED_BY_POLICY,game_event_creature positive eventEntry
139115,32820,Wild Turkey,12,26,EXCLUDED_EVENT,EXCLUDED_EVENT,EXCLUDED,,N/A,EXCLUDED_BY_POLICY,game_event_creature positive eventEntry
139116,32820,Wild Turkey,88,26,EXCLUDED_EVENT,EXCLUDED_EVENT,EXCLUDED,,N/A,EXCLUDED_BY_POLICY,game_event_creature positive eventEntry
139117,32820,Wild Turkey,18,26,EXCLUDED_EVENT,EXCLUDED_EVENT,EXCLUDED,,N/A,EXCLUDED_BY_POLICY,game_event_creature positive eventEntry
139118,32820,Wild Turkey,18,26,EXCLUDED_EVENT,EXCLUDED_EVENT,EXCLUDED,,N/A,EXCLUDED_BY_POLICY,game_event_creature positive eventEntry
139119,32820,Wild Turkey,87,26,EXCLUDED_EVENT,EXCLUDED_EVENT,EXCLUDED,,N/A,EXCLUDED_BY_POLICY,game_event_creature positive eventEntry
139120,32820,Wild Turkey,87,26,EXCLUDED_EVENT,EXCLUDED_EVENT,EXCLUDED,,N/A,EXCLUDED_BY_POLICY,game_event_creature positive eventEntry
139121,32820,Wild Turkey,91,26,EXCLUDED_EVENT,EXCLUDED_EVENT,EXCLUDED,,N/A,EXCLUDED_BY_POLICY,game_event_creature positive eventEntry
139122,32820,Wild Turkey,88,26,EXCLUDED_EVENT,EXCLUDED_EVENT,EXCLUDED,,N/A,EXCLUDED_BY_POLICY,game_event_creature positive eventEntry
139123,32820,Wild Turkey,18,26,EXCLUDED_EVENT,EXCLUDED_EVENT,EXCLUDED,,N/A,EXCLUDED_BY_POLICY,game_event_creature positive eventEntry
139124,32820,Wild Turkey,18,26,EXCLUDED_EVENT,EXCLUDED_EVENT,EXCLUDED,,N/A,EXCLUDED_BY_POLICY,game_event_creature positive eventEntry
139125,32820,Wild Turkey,87,26,EXCLUDED_EVENT,EXCLUDED_EVENT,EXCLUDED,,N/A,EXCLUDED_BY_POLICY,game_event_creature positive eventEntry
139126,32820,Wild Turkey,87,26,EXCLUDED_EVENT,EXCLUDED_EVENT,EXCLUDED,,N/A,EXCLUDED_BY_POLICY,game_event_creature positive eventEntry
139127,32820,Wild Turkey,12,26,EXCLUDED_EVENT,EXCLUDED_EVENT,EXCLUDED,,N/A,EXCLUDED_BY_POLICY,game_event_creature positive eventEntry
139128,32820,Wild Turkey,12,26,EXCLUDED_EVENT,EXCLUDED_EVENT,EXCLUDED,,N/A,EXCLUDED_BY_POLICY,game_event_creature positive eventEntry
139129,32820,Wild Turkey,91,26,EXCLUDED_EVENT,EXCLUDED_EVENT,EXCLUDED,,N/A,EXCLUDED_BY_POLICY,game_event_creature positive eventEntry
139130,32820,Wild Turkey,12,26,EXCLUDED_EVENT,EXCLUDED_EVENT,EXCLUDED,,N/A,EXCLUDED_BY_POLICY,game_event_creature positive eventEntry
139131,32820,Wild Turkey,12,26,EXCLUDED_EVENT,EXCLUDED_EVENT,EXCLUDED,,N/A,EXCLUDED_BY_POLICY,game_event_creature positive eventEntry
139132,32820,Wild Turkey,12,26,EXCLUDED_EVENT,EXCLUDED_EVENT,EXCLUDED,,N/A,EXCLUDED_BY_POLICY,game_event_creature positive eventEntry
139133,32820,Wild Turkey,18,26,EXCLUDED_EVENT,EXCLUDED_EVENT,EXCLUDED,,N/A,EXCLUDED_BY_POLICY,game_event_creature positive eventEntry
139134,32820,Wild Turkey,88,26,EXCLUDED_EVENT,EXCLUDED_EVENT,EXCLUDED,,N/A,EXCLUDED_BY_POLICY,game_event_creature positive eventEntry
139135,32820,Wild Turkey,12,26,EXCLUDED_EVENT,EXCLUDED_EVENT,EXCLUDED,,N/A,EXCLUDED_BY_POLICY,game_event_creature positive eventEntry
139136,32820,Wild Turkey,89,26,EXCLUDED_EVENT,EXCLUDED_EVENT,EXCLUDED,,N/A,EXCLUDED_BY_POLICY,game_event_creature positive eventEntry
139137,32820,Wild Turkey,18,26,EXCLUDED_EVENT,EXCLUDED_EVENT,EXCLUDED,,N/A,EXCLUDED_BY_POLICY,game_event_creature positive eventEntry
139138,32820,Wild Turkey,89,26,EXCLUDED_EVENT,EXCLUDED_EVENT,EXCLUDED,,N/A,EXCLUDED_BY_POLICY,game_event_creature positive eventEntry
139139,32820,Wild Turkey,18,26,EXCLUDED_EVENT,EXCLUDED_EVENT,EXCLUDED,,N/A,EXCLUDED_BY_POLICY,game_event_creature positive eventEntry
139140,32820,Wild Turkey,89,26,EXCLUDED_EVENT,EXCLUDED_EVENT,EXCLUDED,,N/A,EXCLUDED_BY_POLICY,game_event_creature positive eventEntry
139141,32820,Wild Turkey,87,26,EXCLUDED_EVENT,EXCLUDED_EVENT,EXCLUDED,,N/A,EXCLUDED_BY_POLICY,game_event_creature positive eventEntry
139142,32820,Wild Turkey,87,26,EXCLUDED_EVENT,EXCLUDED_EVENT,EXCLUDED,,N/A,EXCLUDED_BY_POLICY,game_event_creature positive eventEntry
139143,32820,Wild Turkey,89,26,EXCLUDED_EVENT,EXCLUDED_EVENT,EXCLUDED,,N/A,EXCLUDED_BY_POLICY,game_event_creature positive eventEntry
139144,32820,Wild Turkey,89,26,EXCLUDED_EVENT,EXCLUDED_EVENT,EXCLUDED,,N/A,EXCLUDED_BY_POLICY,game_event_creature positive eventEntry
139145,32820,Wild Turkey,12,26,EXCLUDED_EVENT,EXCLUDED_EVENT,EXCLUDED,,N/A,EXCLUDED_BY_POLICY,game_event_creature positive eventEntry
139146,32820,Wild Turkey,88,26,EXCLUDED_EVENT,EXCLUDED_EVENT,EXCLUDED,,N/A,EXCLUDED_BY_POLICY,game_event_creature positive eventEntry
139147,32820,Wild Turkey,18,26,EXCLUDED_EVENT,EXCLUDED_EVENT,EXCLUDED,,N/A,EXCLUDED_BY_POLICY,game_event_creature positive eventEntry
139148,32820,Wild Turkey,18,26,EXCLUDED_EVENT,EXCLUDED_EVENT,EXCLUDED,,N/A,EXCLUDED_BY_POLICY,game_event_creature positive eventEntry
139149,32820,Wild Turkey,88,26,EXCLUDED_EVENT,EXCLUDED_EVENT,EXCLUDED,,N/A,EXCLUDED_BY_POLICY,game_event_creature positive eventEntry
139150,32820,Wild Turkey,12,26,EXCLUDED_EVENT,EXCLUDED_EVENT,EXCLUDED,,N/A,EXCLUDED_BY_POLICY,game_event_creature positive eventEntry
139151,32820,Wild Turkey,91,26,EXCLUDED_EVENT,EXCLUDED_EVENT,EXCLUDED,,N/A,EXCLUDED_BY_POLICY,game_event_creature positive eventEntry
139152,32820,Wild Turkey,89,26,EXCLUDED_EVENT,EXCLUDED_EVENT,EXCLUDED,,N/A,EXCLUDED_BY_POLICY,game_event_creature positive eventEntry
139153,32820,Wild Turkey,12,26,EXCLUDED_EVENT,EXCLUDED_EVENT,EXCLUDED,,N/A,EXCLUDED_BY_POLICY,game_event_creature positive eventEntry
139154,32820,Wild Turkey,12,26,EXCLUDED_EVENT,EXCLUDED_EVENT,EXCLUDED,,N/A,EXCLUDED_BY_POLICY,game_event_creature positive eventEntry
139155,32820,Wild Turkey,12,26,EXCLUDED_EVENT,EXCLUDED_EVENT,EXCLUDED,,N/A,EXCLUDED_BY_POLICY,game_event_creature positive eventEntry
139156,32820,Wild Turkey,12,26,EXCLUDED_EVENT,EXCLUDED_EVENT,EXCLUDED,,N/A,EXCLUDED_BY_POLICY,game_event_creature positive eventEntry
139157,32820,Wild Turkey,89,26,EXCLUDED_EVENT,EXCLUDED_EVENT,EXCLUDED,,N/A,EXCLUDED_BY_POLICY,game_event_creature positive eventEntry
139158,32820,Wild Turkey,18,26,EXCLUDED_EVENT,EXCLUDED_EVENT,EXCLUDED,,N/A,EXCLUDED_BY_POLICY,game_event_creature positive eventEntry
139159,32820,Wild Turkey,88,26,EXCLUDED_EVENT,EXCLUDED_EVENT,EXCLUDED,,N/A,EXCLUDED_BY_POLICY,game_event_creature positive eventEntry
139160,32820,Wild Turkey,89,26,EXCLUDED_EVENT,EXCLUDED_EVENT,EXCLUDED,,N/A,EXCLUDED_BY_POLICY,game_event_creature positive eventEntry
139161,32820,Wild Turkey,88,26,EXCLUDED_EVENT,EXCLUDED_EVENT,EXCLUDED,,N/A,EXCLUDED_BY_POLICY,game_event_creature positive eventEntry
139162,32820,Wild Turkey,12,26,EXCLUDED_EVENT,EXCLUDED_EVENT,EXCLUDED,,N/A,EXCLUDED_BY_POLICY,game_event_creature positive eventEntry
139163,32820,Wild Turkey,87,26,EXCLUDED_EVENT,EXCLUDED_EVENT,EXCLUDED,,N/A,EXCLUDED_BY_POLICY,game_event_creature positive eventEntry
139164,32820,Wild Turkey,87,26,EXCLUDED_EVENT,EXCLUDED_EVENT,EXCLUDED,,N/A,EXCLUDED_BY_POLICY,game_event_creature positive eventEntry
139165,32820,Wild Turkey,88,26,EXCLUDED_EVENT,EXCLUDED_EVENT,EXCLUDED,,N/A,EXCLUDED_BY_POLICY,game_event_creature positive eventEntry
139166,32820,Wild Turkey,12,26,EXCLUDED_EVENT,EXCLUDED_EVENT,EXCLUDED,,N/A,EXCLUDED_BY_POLICY,game_event_creature positive eventEntry
139167,32820,Wild Turkey,87,26,EXCLUDED_EVENT,EXCLUDED_EVENT,EXCLUDED,,N/A,EXCLUDED_BY_POLICY,game_event_creature positive eventEntry
139168,32820,Wild Turkey,12,26,EXCLUDED_EVENT,EXCLUDED_EVENT,EXCLUDED,,N/A,EXCLUDED_BY_POLICY,game_event_creature positive eventEntry
139169,32820,Wild Turkey,87,26,EXCLUDED_EVENT,EXCLUDED_EVENT,EXCLUDED,,N/A,EXCLUDED_BY_POLICY,game_event_creature positive eventEntry
139170,32820,Wild Turkey,12,26,EXCLUDED_EVENT,EXCLUDED_EVENT,EXCLUDED,,N/A,EXCLUDED_BY_POLICY,game_event_creature positive eventEntry
139171,32820,Wild Turkey,18,26,EXCLUDED_EVENT,EXCLUDED_EVENT,EXCLUDED,,N/A,EXCLUDED_BY_POLICY,game_event_creature positive eventEntry
139172,32820,Wild Turkey,18,26,EXCLUDED_EVENT,EXCLUDED_EVENT,EXCLUDED,,N/A,EXCLUDED_BY_POLICY,game_event_creature positive eventEntry
139173,32820,Wild Turkey,88,26,EXCLUDED_EVENT,EXCLUDED_EVENT,EXCLUDED,,N/A,EXCLUDED_BY_POLICY,game_event_creature positive eventEntry
139174,32820,Wild Turkey,87,26,EXCLUDED_EVENT,EXCLUDED_EVENT,EXCLUDED,,N/A,EXCLUDED_BY_POLICY,game_event_creature positive eventEntry
139175,32820,Wild Turkey,87,26,EXCLUDED_EVENT,EXCLUDED_EVENT,EXCLUDED,,N/A,EXCLUDED_BY_POLICY,game_event_creature positive eventEntry
139176,32820,Wild Turkey,12,26,EXCLUDED_EVENT,EXCLUDED_EVENT,EXCLUDED,,N/A,EXCLUDED_BY_POLICY,game_event_creature positive eventEntry
139177,32820,Wild Turkey,87,26,EXCLUDED_EVENT,EXCLUDED_EVENT,EXCLUDED,,N/A,EXCLUDED_BY_POLICY,game_event_creature positive eventEntry
139178,32820,Wild Turkey,87,26,EXCLUDED_EVENT,EXCLUDED_EVENT,EXCLUDED,,N/A,EXCLUDED_BY_POLICY,game_event_creature positive eventEntry
139179,32820,Wild Turkey,89,26,EXCLUDED_EVENT,EXCLUDED_EVENT,EXCLUDED,,N/A,EXCLUDED_BY_POLICY,game_event_creature positive eventEntry
139180,32820,Wild Turkey,89,26,EXCLUDED_EVENT,EXCLUDED_EVENT,EXCLUDED,,N/A,EXCLUDED_BY_POLICY,game_event_creature positive eventEntry
139181,32820,Wild Turkey,91,26,EXCLUDED_EVENT,EXCLUDED_EVENT,EXCLUDED,,N/A,EXCLUDED_BY_POLICY,game_event_creature positive eventEntry
139182,32820,Wild Turkey,88,26,EXCLUDED_EVENT,EXCLUDED_EVENT,EXCLUDED,,N/A,EXCLUDED_BY_POLICY,game_event_creature positive eventEntry
139183,32820,Wild Turkey,12,26,EXCLUDED_EVENT,EXCLUDED_EVENT,EXCLUDED,,N/A,EXCLUDED_BY_POLICY,game_event_creature positive eventEntry
139184,32820,Wild Turkey,12,26,EXCLUDED_EVENT,EXCLUDED_EVENT,EXCLUDED,,N/A,EXCLUDED_BY_POLICY,game_event_creature positive eventEntry
139185,32820,Wild Turkey,12,26,EXCLUDED_EVENT,EXCLUDED_EVENT,EXCLUDED,,N/A,EXCLUDED_BY_POLICY,game_event_creature positive eventEntry
139186,32820,Wild Turkey,18,26,EXCLUDED_EVENT,EXCLUDED_EVENT,EXCLUDED,,N/A,EXCLUDED_BY_POLICY,game_event_creature positive eventEntry
139187,32820,Wild Turkey,18,26,EXCLUDED_EVENT,EXCLUDED_EVENT,EXCLUDED,,N/A,EXCLUDED_BY_POLICY,game_event_creature positive eventEntry
139188,32820,Wild Turkey,88,26,EXCLUDED_EVENT,EXCLUDED_EVENT,EXCLUDED,,N/A,EXCLUDED_BY_POLICY,game_event_creature positive eventEntry
139189,32820,Wild Turkey,12,26,EXCLUDED_EVENT,EXCLUDED_EVENT,EXCLUDED,,N/A,EXCLUDED_BY_POLICY,game_event_creature positive eventEntry
139190,32820,Wild Turkey,89,26,EXCLUDED_EVENT,EXCLUDED_EVENT,EXCLUDED,,N/A,EXCLUDED_BY_POLICY,game_event_creature positive eventEntry
139191,32820,Wild Turkey,91,26,EXCLUDED_EVENT,EXCLUDED_EVENT,EXCLUDED,,N/A,EXCLUDED_BY_POLICY,game_event_creature positive eventEntry
139192,32820,Wild Turkey,18,26,EXCLUDED_EVENT,EXCLUDED_EVENT,EXCLUDED,,N/A,EXCLUDED_BY_POLICY,game_event_creature positive eventEntry
139193,32820,Wild Turkey,12,26,EXCLUDED_EVENT,EXCLUDED_EVENT,EXCLUDED,,N/A,EXCLUDED_BY_POLICY,game_event_creature positive eventEntry
139194,32820,Wild Turkey,88,26,EXCLUDED_EVENT,EXCLUDED_EVENT,EXCLUDED,,N/A,EXCLUDED_BY_POLICY,game_event_creature positive eventEntry
139195,32820,Wild Turkey,12,26,EXCLUDED_EVENT,EXCLUDED_EVENT,EXCLUDED,,N/A,EXCLUDED_BY_POLICY,game_event_creature positive eventEntry
139196,32820,Wild Turkey,89,26,EXCLUDED_EVENT,EXCLUDED_EVENT,EXCLUDED,,N/A,EXCLUDED_BY_POLICY,game_event_creature positive eventEntry
139197,32820,Wild Turkey,87,26,EXCLUDED_EVENT,EXCLUDED_EVENT,EXCLUDED,,N/A,EXCLUDED_BY_POLICY,game_event_creature positive eventEntry
139198,32820,Wild Turkey,87,26,EXCLUDED_EVENT,EXCLUDED_EVENT,EXCLUDED,,N/A,EXCLUDED_BY_POLICY,game_event_creature positive eventEntry
139199,32820,Wild Turkey,87,26,EXCLUDED_EVENT,EXCLUDED_EVENT,EXCLUDED,,N/A,EXCLUDED_BY_POLICY,game_event_creature positive eventEntry
139200,32820,Wild Turkey,91,26,EXCLUDED_EVENT,EXCLUDED_EVENT,EXCLUDED,,N/A,EXCLUDED_BY_POLICY,game_event_creature positive eventEntry
139201,32820,Wild Turkey,18,26,EXCLUDED_EVENT,EXCLUDED_EVENT,EXCLUDED,,N/A,EXCLUDED_BY_POLICY,game_event_creature positive eventEntry
139202,32820,Wild Turkey,87,26,EXCLUDED_EVENT,EXCLUDED_EVENT,EXCLUDED,,N/A,EXCLUDED_BY_POLICY,game_event_creature positive eventEntry
139203,32820,Wild Turkey,87,26,EXCLUDED_EVENT,EXCLUDED_EVENT,EXCLUDED,,N/A,EXCLUDED_BY_POLICY,game_event_creature positive eventEntry
139204,32820,Wild Turkey,18,26,EXCLUDED_EVENT,EXCLUDED_EVENT,EXCLUDED,,N/A,EXCLUDED_BY_POLICY,game_event_creature positive eventEntry
139205,32820,Wild Turkey,87,26,EXCLUDED_EVENT,EXCLUDED_EVENT,EXCLUDED,,N/A,EXCLUDED_BY_POLICY,game_event_creature positive eventEntry
139206,32820,Wild Turkey,87,26,EXCLUDED_EVENT,EXCLUDED_EVENT,EXCLUDED,,N/A,EXCLUDED_BY_POLICY,game_event_creature positive eventEntry
139207,32820,Wild Turkey,89,26,EXCLUDED_EVENT,EXCLUDED_EVENT,EXCLUDED,,N/A,EXCLUDED_BY_POLICY,game_event_creature positive eventEntry
139208,32820,Wild Turkey,88,26,EXCLUDED_EVENT,EXCLUDED_EVENT,EXCLUDED,,N/A,EXCLUDED_BY_POLICY,game_event_creature positive eventEntry
139209,32820,Wild Turkey,18,26,EXCLUDED_EVENT,EXCLUDED_EVENT,EXCLUDED,,N/A,EXCLUDED_BY_POLICY,game_event_creature positive eventEntry
139210,32820,Wild Turkey,88,26,EXCLUDED_EVENT,EXCLUDED_EVENT,EXCLUDED,,N/A,EXCLUDED_BY_POLICY,game_event_creature positive eventEntry
139211,32820,Wild Turkey,87,26,EXCLUDED_EVENT,EXCLUDED_EVENT,EXCLUDED,,N/A,EXCLUDED_BY_POLICY,game_event_creature positive eventEntry
139212,32820,Wild Turkey,12,26,EXCLUDED_EVENT,EXCLUDED_EVENT,EXCLUDED,,N/A,EXCLUDED_BY_POLICY,game_event_creature positive eventEntry
139213,32820,Wild Turkey,12,26,EXCLUDED_EVENT,EXCLUDED_EVENT,EXCLUDED,,N/A,EXCLUDED_BY_POLICY,game_event_creature positive eventEntry
139214,32820,Wild Turkey,87,26,EXCLUDED_EVENT,EXCLUDED_EVENT,EXCLUDED,,N/A,EXCLUDED_BY_POLICY,game_event_creature positive eventEntry
139215,32820,Wild Turkey,87,26,EXCLUDED_EVENT,EXCLUDED_EVENT,EXCLUDED,,N/A,EXCLUDED_BY_POLICY,game_event_creature positive eventEntry
139216,32820,Wild Turkey,12,26,EXCLUDED_EVENT,EXCLUDED_EVENT,EXCLUDED,,N/A,EXCLUDED_BY_POLICY,game_event_creature positive eventEntry
139217,32820,Wild Turkey,87,26,EXCLUDED_EVENT,EXCLUDED_EVENT,EXCLUDED,,N/A,EXCLUDED_BY_POLICY,game_event_creature positive eventEntry
139218,32820,Wild Turkey,87,26,EXCLUDED_EVENT,EXCLUDED_EVENT,EXCLUDED,,N/A,EXCLUDED_BY_POLICY,game_event_creature positive eventEntry
139219,32820,Wild Turkey,87,26,EXCLUDED_EVENT,EXCLUDED_EVENT,EXCLUDED,,N/A,EXCLUDED_BY_POLICY,game_event_creature positive eventEntry
139220,32820,Wild Turkey,87,26,EXCLUDED_EVENT,EXCLUDED_EVENT,EXCLUDED,,N/A,EXCLUDED_BY_POLICY,game_event_creature positive eventEntry
139221,32820,Wild Turkey,87,26,EXCLUDED_EVENT,EXCLUDED_EVENT,EXCLUDED,,N/A,EXCLUDED_BY_POLICY,game_event_creature positive eventEntry
139222,32820,Wild Turkey,87,26,EXCLUDED_EVENT,EXCLUDED_EVENT,EXCLUDED,,N/A,EXCLUDED_BY_POLICY,game_event_creature positive eventEntry
139223,32820,Wild Turkey,87,26,EXCLUDED_EVENT,EXCLUDED_EVENT,EXCLUDED,,N/A,EXCLUDED_BY_POLICY,game_event_creature positive eventEntry
139224,32820,Wild Turkey,91,26,EXCLUDED_EVENT,EXCLUDED_EVENT,EXCLUDED,,N/A,EXCLUDED_BY_POLICY,game_event_creature positive eventEntry
139225,32820,Wild Turkey,18,26,EXCLUDED_EVENT,EXCLUDED_EVENT,EXCLUDED,,N/A,EXCLUDED_BY_POLICY,game_event_creature positive eventEntry
139226,32820,Wild Turkey,18,26,EXCLUDED_EVENT,EXCLUDED_EVENT,EXCLUDED,,N/A,EXCLUDED_BY_POLICY,game_event_creature positive eventEntry
139227,32820,Wild Turkey,87,26,EXCLUDED_EVENT,EXCLUDED_EVENT,EXCLUDED,,N/A,EXCLUDED_BY_POLICY,game_event_creature positive eventEntry
139228,32820,Wild Turkey,87,26,EXCLUDED_EVENT,EXCLUDED_EVENT,EXCLUDED,,N/A,EXCLUDED_BY_POLICY,game_event_creature positive eventEntry
139229,32820,Wild Turkey,18,26,EXCLUDED_EVENT,EXCLUDED_EVENT,EXCLUDED,,N/A,EXCLUDED_BY_POLICY,game_event_creature positive eventEntry
139230,32820,Wild Turkey,87,26,EXCLUDED_EVENT,EXCLUDED_EVENT,EXCLUDED,,N/A,EXCLUDED_BY_POLICY,game_event_creature positive eventEntry
139231,32820,Wild Turkey,88,26,EXCLUDED_EVENT,EXCLUDED_EVENT,EXCLUDED,,N/A,EXCLUDED_BY_POLICY,game_event_creature positive eventEntry
139232,32820,Wild Turkey,87,26,EXCLUDED_EVENT,EXCLUDED_EVENT,EXCLUDED,,N/A,EXCLUDED_BY_POLICY,game_event_creature positive eventEntry
139233,32820,Wild Turkey,87,26,EXCLUDED_EVENT,EXCLUDED_EVENT,EXCLUDED,,N/A,EXCLUDED_BY_POLICY,game_event_creature positive eventEntry
139234,32820,Wild Turkey,12,26,EXCLUDED_EVENT,EXCLUDED_EVENT,EXCLUDED,,N/A,EXCLUDED_BY_POLICY,game_event_creature positive eventEntry
139235,32820,Wild Turkey,12,26,EXCLUDED_EVENT,EXCLUDED_EVENT,EXCLUDED,,N/A,EXCLUDED_BY_POLICY,game_event_creature positive eventEntry
139236,32820,Wild Turkey,87,26,EXCLUDED_EVENT,EXCLUDED_EVENT,EXCLUDED,,N/A,EXCLUDED_BY_POLICY,game_event_creature positive eventEntry
139237,32820,Wild Turkey,87,26,EXCLUDED_EVENT,EXCLUDED_EVENT,EXCLUDED,,N/A,EXCLUDED_BY_POLICY,game_event_creature positive eventEntry
139238,32820,Wild Turkey,88,26,EXCLUDED_EVENT,EXCLUDED_EVENT,EXCLUDED,,N/A,EXCLUDED_BY_POLICY,game_event_creature positive eventEntry
139239,32820,Wild Turkey,87,26,EXCLUDED_EVENT,EXCLUDED_EVENT,EXCLUDED,,N/A,EXCLUDED_BY_POLICY,game_event_creature positive eventEntry
139240,32820,Wild Turkey,87,26,EXCLUDED_EVENT,EXCLUDED_EVENT,EXCLUDED,,N/A,EXCLUDED_BY_POLICY,game_event_creature positive eventEntry
139241,32820,Wild Turkey,88,26,EXCLUDED_EVENT,EXCLUDED_EVENT,EXCLUDED,,N/A,EXCLUDED_BY_POLICY,game_event_creature positive eventEntry
139242,32820,Wild Turkey,12,26,EXCLUDED_EVENT,EXCLUDED_EVENT,EXCLUDED,,N/A,EXCLUDED_BY_POLICY,game_event_creature positive eventEntry
139243,32820,Wild Turkey,89,26,EXCLUDED_EVENT,EXCLUDED_EVENT,EXCLUDED,,N/A,EXCLUDED_BY_POLICY,game_event_creature positive eventEntry
139244,32820,Wild Turkey,12,26,EXCLUDED_EVENT,EXCLUDED_EVENT,EXCLUDED,,N/A,EXCLUDED_BY_POLICY,game_event_creature positive eventEntry
139245,32820,Wild Turkey,88,26,EXCLUDED_EVENT,EXCLUDED_EVENT,EXCLUDED,,N/A,EXCLUDED_BY_POLICY,game_event_creature positive eventEntry
139246,32820,Wild Turkey,91,26,EXCLUDED_EVENT,EXCLUDED_EVENT,EXCLUDED,,N/A,EXCLUDED_BY_POLICY,game_event_creature positive eventEntry
139247,32820,Wild Turkey,18,26,EXCLUDED_EVENT,EXCLUDED_EVENT,EXCLUDED,,N/A,EXCLUDED_BY_POLICY,game_event_creature positive eventEntry
139248,32820,Wild Turkey,12,26,EXCLUDED_EVENT,EXCLUDED_EVENT,EXCLUDED,,N/A,EXCLUDED_BY_POLICY,game_event_creature positive eventEntry
139249,32820,Wild Turkey,92,26,EXCLUDED_EVENT,EXCLUDED_EVENT,EXCLUDED,,N/A,EXCLUDED_BY_POLICY,game_event_creature positive eventEntry
139250,32820,Wild Turkey,89,26,EXCLUDED_EVENT,EXCLUDED_EVENT,EXCLUDED,,N/A,EXCLUDED_BY_POLICY,game_event_creature positive eventEntry
139251,32820,Wild Turkey,12,26,EXCLUDED_EVENT,EXCLUDED_EVENT,EXCLUDED,,N/A,EXCLUDED_BY_POLICY,game_event_creature positive eventEntry
139252,32820,Wild Turkey,91,26,EXCLUDED_EVENT,EXCLUDED_EVENT,EXCLUDED,,N/A,EXCLUDED_BY_POLICY,game_event_creature positive eventEntry
139253,32820,Wild Turkey,88,26,EXCLUDED_EVENT,EXCLUDED_EVENT,EXCLUDED,,N/A,EXCLUDED_BY_POLICY,game_event_creature positive eventEntry
139254,32820,Wild Turkey,12,26,EXCLUDED_EVENT,EXCLUDED_EVENT,EXCLUDED,,N/A,EXCLUDED_BY_POLICY,game_event_creature positive eventEntry
139255,32820,Wild Turkey,89,26,EXCLUDED_EVENT,EXCLUDED_EVENT,EXCLUDED,,N/A,EXCLUDED_BY_POLICY,game_event_creature positive eventEntry
139256,32820,Wild Turkey,88,26,EXCLUDED_EVENT,EXCLUDED_EVENT,EXCLUDED,,N/A,EXCLUDED_BY_POLICY,game_event_creature positive eventEntry
139257,32820,Wild Turkey,88,26,EXCLUDED_EVENT,EXCLUDED_EVENT,EXCLUDED,,N/A,EXCLUDED_BY_POLICY,game_event_creature positive eventEntry
139258,32820,Wild Turkey,91,26,EXCLUDED_EVENT,EXCLUDED_EVENT,EXCLUDED,,N/A,EXCLUDED_BY_POLICY,game_event_creature positive eventEntry
139259,32820,Wild Turkey,88,26,EXCLUDED_EVENT,EXCLUDED_EVENT,EXCLUDED,,N/A,EXCLUDED_BY_POLICY,game_event_creature positive eventEntry
139260,32820,Wild Turkey,88,26,EXCLUDED_EVENT,EXCLUDED_EVENT,EXCLUDED,,N/A,EXCLUDED_BY_POLICY,game_event_creature positive eventEntry
139261,32820,Wild Turkey,91,26,EXCLUDED_EVENT,EXCLUDED_EVENT,EXCLUDED,,N/A,EXCLUDED_BY_POLICY,game_event_creature positive eventEntry
139262,32820,Wild Turkey,89,26,EXCLUDED_EVENT,EXCLUDED_EVENT,EXCLUDED,,N/A,EXCLUDED_BY_POLICY,game_event_creature positive eventEntry
139263,32820,Wild Turkey,88,26,EXCLUDED_EVENT,EXCLUDED_EVENT,EXCLUDED,,N/A,EXCLUDED_BY_POLICY,game_event_creature positive eventEntry
139264,32820,Wild Turkey,91,26,EXCLUDED_EVENT,EXCLUDED_EVENT,EXCLUDED,,N/A,EXCLUDED_BY_POLICY,game_event_creature positive eventEntry
139265,32820,Wild Turkey,88,26,EXCLUDED_EVENT,EXCLUDED_EVENT,EXCLUDED,,N/A,EXCLUDED_BY_POLICY,game_event_creature positive eventEntry
139266,32820,Wild Turkey,92,26,EXCLUDED_EVENT,EXCLUDED_EVENT,EXCLUDED,,N/A,EXCLUDED_BY_POLICY,game_event_creature positive eventEntry
139267,32820,Wild Turkey,88,26,EXCLUDED_EVENT,EXCLUDED_EVENT,EXCLUDED,,N/A,EXCLUDED_BY_POLICY,game_event_creature positive eventEntry
139268,32820,Wild Turkey,87,26,EXCLUDED_EVENT,EXCLUDED_EVENT,EXCLUDED,,N/A,EXCLUDED_BY_POLICY,game_event_creature positive eventEntry
139269,32820,Wild Turkey,87,26,EXCLUDED_EVENT,EXCLUDED_EVENT,EXCLUDED,,N/A,EXCLUDED_BY_POLICY,game_event_creature positive eventEntry
139271,32820,Wild Turkey,88,26,EXCLUDED_EVENT,EXCLUDED_EVENT,EXCLUDED,,N/A,EXCLUDED_BY_POLICY,game_event_creature positive eventEntry
139272,32820,Wild Turkey,87,26,EXCLUDED_EVENT,EXCLUDED_EVENT,EXCLUDED,,N/A,EXCLUDED_BY_POLICY,game_event_creature positive eventEntry
139273,32820,Wild Turkey,87,26,EXCLUDED_EVENT,EXCLUDED_EVENT,EXCLUDED,,N/A,EXCLUDED_BY_POLICY,game_event_creature positive eventEntry
139274,32820,Wild Turkey,88,26,EXCLUDED_EVENT,EXCLUDED_EVENT,EXCLUDED,,N/A,EXCLUDED_BY_POLICY,game_event_creature positive eventEntry
139275,32820,Wild Turkey,88,26,EXCLUDED_EVENT,EXCLUDED_EVENT,EXCLUDED,,N/A,EXCLUDED_BY_POLICY,game_event_creature positive eventEntry
139276,32820,Wild Turkey,91,26,EXCLUDED_EVENT,EXCLUDED_EVENT,EXCLUDED,,N/A,EXCLUDED_BY_POLICY,game_event_creature positive eventEntry
139277,32820,Wild Turkey,12,26,EXCLUDED_EVENT,EXCLUDED_EVENT,EXCLUDED,,N/A,EXCLUDED_BY_POLICY,game_event_creature positive eventEntry
139278,32820,Wild Turkey,88,26,EXCLUDED_EVENT,EXCLUDED_EVENT,EXCLUDED,,N/A,EXCLUDED_BY_POLICY,game_event_creature positive eventEntry
139279,32820,Wild Turkey,88,26,EXCLUDED_EVENT,EXCLUDED_EVENT,EXCLUDED,,N/A,EXCLUDED_BY_POLICY,game_event_creature positive eventEntry
139280,32820,Wild Turkey,88,26,EXCLUDED_EVENT,EXCLUDED_EVENT,EXCLUDED,,N/A,EXCLUDED_BY_POLICY,game_event_creature positive eventEntry
139281,32820,Wild Turkey,18,26,EXCLUDED_EVENT,EXCLUDED_EVENT,EXCLUDED,,N/A,EXCLUDED_BY_POLICY,game_event_creature positive eventEntry
139282,32820,Wild Turkey,18,26,EXCLUDED_EVENT,EXCLUDED_EVENT,EXCLUDED,,N/A,EXCLUDED_BY_POLICY,game_event_creature positive eventEntry
139283,32820,Wild Turkey,91,26,EXCLUDED_EVENT,EXCLUDED_EVENT,EXCLUDED,,N/A,EXCLUDED_BY_POLICY,game_event_creature positive eventEntry
139284,32820,Wild Turkey,88,26,EXCLUDED_EVENT,EXCLUDED_EVENT,EXCLUDED,,N/A,EXCLUDED_BY_POLICY,game_event_creature positive eventEntry
139285,32820,Wild Turkey,91,26,EXCLUDED_EVENT,EXCLUDED_EVENT,EXCLUDED,,N/A,EXCLUDED_BY_POLICY,game_event_creature positive eventEntry
139286,32820,Wild Turkey,87,26,EXCLUDED_EVENT,EXCLUDED_EVENT,EXCLUDED,,N/A,EXCLUDED_BY_POLICY,game_event_creature positive eventEntry
139287,32820,Wild Turkey,12,26,EXCLUDED_EVENT,EXCLUDED_EVENT,EXCLUDED,,N/A,EXCLUDED_BY_POLICY,game_event_creature positive eventEntry
139288,32820,Wild Turkey,12,26,EXCLUDED_EVENT,EXCLUDED_EVENT,EXCLUDED,,N/A,EXCLUDED_BY_POLICY,game_event_creature positive eventEntry
139289,32820,Wild Turkey,18,26,EXCLUDED_EVENT,EXCLUDED_EVENT,EXCLUDED,,N/A,EXCLUDED_BY_POLICY,game_event_creature positive eventEntry
139290,32820,Wild Turkey,18,26,EXCLUDED_EVENT,EXCLUDED_EVENT,EXCLUDED,,N/A,EXCLUDED_BY_POLICY,game_event_creature positive eventEntry
139291,32820,Wild Turkey,88,26,EXCLUDED_EVENT,EXCLUDED_EVENT,EXCLUDED,,N/A,EXCLUDED_BY_POLICY,game_event_creature positive eventEntry
139292,32820,Wild Turkey,88,26,EXCLUDED_EVENT,EXCLUDED_EVENT,EXCLUDED,,N/A,EXCLUDED_BY_POLICY,game_event_creature positive eventEntry
139293,32820,Wild Turkey,12,26,EXCLUDED_EVENT,EXCLUDED_EVENT,EXCLUDED,,N/A,EXCLUDED_BY_POLICY,game_event_creature positive eventEntry
139294,32820,Wild Turkey,18,26,EXCLUDED_EVENT,EXCLUDED_EVENT,EXCLUDED,,N/A,EXCLUDED_BY_POLICY,game_event_creature positive eventEntry
139295,32820,Wild Turkey,12,26,EXCLUDED_EVENT,EXCLUDED_EVENT,EXCLUDED,,N/A,EXCLUDED_BY_POLICY,game_event_creature positive eventEntry
139296,32820,Wild Turkey,12,26,EXCLUDED_EVENT,EXCLUDED_EVENT,EXCLUDED,,N/A,EXCLUDED_BY_POLICY,game_event_creature positive eventEntry
139297,32820,Wild Turkey,12,26,EXCLUDED_EVENT,EXCLUDED_EVENT,EXCLUDED,,N/A,EXCLUDED_BY_POLICY,game_event_creature positive eventEntry
139298,32820,Wild Turkey,88,26,EXCLUDED_EVENT,EXCLUDED_EVENT,EXCLUDED,,N/A,EXCLUDED_BY_POLICY,game_event_creature positive eventEntry
139299,32820,Wild Turkey,88,26,EXCLUDED_EVENT,EXCLUDED_EVENT,EXCLUDED,,N/A,EXCLUDED_BY_POLICY,game_event_creature positive eventEntry
139300,32820,Wild Turkey,87,26,EXCLUDED_EVENT,EXCLUDED_EVENT,EXCLUDED,,N/A,EXCLUDED_BY_POLICY,game_event_creature positive eventEntry
139301,32820,Wild Turkey,12,26,EXCLUDED_EVENT,EXCLUDED_EVENT,EXCLUDED,,N/A,EXCLUDED_BY_POLICY,game_event_creature positive eventEntry
139302,32820,Wild Turkey,88,26,EXCLUDED_EVENT,EXCLUDED_EVENT,EXCLUDED,,N/A,EXCLUDED_BY_POLICY,game_event_creature positive eventEntry
139303,32820,Wild Turkey,18,26,EXCLUDED_EVENT,EXCLUDED_EVENT,EXCLUDED,,N/A,EXCLUDED_BY_POLICY,game_event_creature positive eventEntry
139304,32820,Wild Turkey,12,26,EXCLUDED_EVENT,EXCLUDED_EVENT,EXCLUDED,,N/A,EXCLUDED_BY_POLICY,game_event_creature positive eventEntry
139305,32820,Wild Turkey,54,26,EXCLUDED_EVENT,EXCLUDED_EVENT,EXCLUDED,,N/A,EXCLUDED_BY_POLICY,game_event_creature positive eventEntry
139306,32820,Wild Turkey,88,26,EXCLUDED_EVENT,EXCLUDED_EVENT,EXCLUDED,,N/A,EXCLUDED_BY_POLICY,game_event_creature positive eventEntry
139307,32820,Wild Turkey,12,26,EXCLUDED_EVENT,EXCLUDED_EVENT,EXCLUDED,,N/A,EXCLUDED_BY_POLICY,game_event_creature positive eventEntry
139309,32820,Wild Turkey,88,26,EXCLUDED_EVENT,EXCLUDED_EVENT,EXCLUDED,,N/A,EXCLUDED_BY_POLICY,game_event_creature positive eventEntry
139310,32820,Wild Turkey,18,26,EXCLUDED_EVENT,EXCLUDED_EVENT,EXCLUDED,,N/A,EXCLUDED_BY_POLICY,game_event_creature positive eventEntry
139311,32820,Wild Turkey,54,26,EXCLUDED_EVENT,EXCLUDED_EVENT,EXCLUDED,,N/A,EXCLUDED_BY_POLICY,game_event_creature positive eventEntry
139312,32820,Wild Turkey,54,26,EXCLUDED_EVENT,EXCLUDED_EVENT,EXCLUDED,,N/A,EXCLUDED_BY_POLICY,game_event_creature positive eventEntry
139313,32820,Wild Turkey,87,26,EXCLUDED_EVENT,EXCLUDED_EVENT,EXCLUDED,,N/A,EXCLUDED_BY_POLICY,game_event_creature positive eventEntry
139314,32820,Wild Turkey,92,26,EXCLUDED_EVENT,EXCLUDED_EVENT,EXCLUDED,,N/A,EXCLUDED_BY_POLICY,game_event_creature positive eventEntry
139315,32820,Wild Turkey,88,26,EXCLUDED_EVENT,EXCLUDED_EVENT,EXCLUDED,,N/A,EXCLUDED_BY_POLICY,game_event_creature positive eventEntry
139316,32820,Wild Turkey,18,26,EXCLUDED_EVENT,EXCLUDED_EVENT,EXCLUDED,,N/A,EXCLUDED_BY_POLICY,game_event_creature positive eventEntry
139317,32820,Wild Turkey,88,26,EXCLUDED_EVENT,EXCLUDED_EVENT,EXCLUDED,,N/A,EXCLUDED_BY_POLICY,game_event_creature positive eventEntry
139318,32820,Wild Turkey,12,26,EXCLUDED_EVENT,EXCLUDED_EVENT,EXCLUDED,,N/A,EXCLUDED_BY_POLICY,game_event_creature positive eventEntry
139319,32820,Wild Turkey,88,26,EXCLUDED_EVENT,EXCLUDED_EVENT,EXCLUDED,,N/A,EXCLUDED_BY_POLICY,game_event_creature positive eventEntry
139320,32820,Wild Turkey,12,26,EXCLUDED_EVENT,EXCLUDED_EVENT,EXCLUDED,,N/A,EXCLUDED_BY_POLICY,game_event_creature positive eventEntry
139321,32820,Wild Turkey,18,26,EXCLUDED_EVENT,EXCLUDED_EVENT,EXCLUDED,,N/A,EXCLUDED_BY_POLICY,game_event_creature positive eventEntry
139322,32820,Wild Turkey,18,26,EXCLUDED_EVENT,EXCLUDED_EVENT,EXCLUDED,,N/A,EXCLUDED_BY_POLICY,game_event_creature positive eventEntry
139323,32820,Wild Turkey,87,26,EXCLUDED_EVENT,EXCLUDED_EVENT,EXCLUDED,,N/A,EXCLUDED_BY_POLICY,game_event_creature positive eventEntry
139324,32820,Wild Turkey,92,26,EXCLUDED_EVENT,EXCLUDED_EVENT,EXCLUDED,,N/A,EXCLUDED_BY_POLICY,game_event_creature positive eventEntry
139325,32820,Wild Turkey,18,26,EXCLUDED_EVENT,EXCLUDED_EVENT,EXCLUDED,,N/A,EXCLUDED_BY_POLICY,game_event_creature positive eventEntry
139326,32820,Wild Turkey,18,26,EXCLUDED_EVENT,EXCLUDED_EVENT,EXCLUDED,,N/A,EXCLUDED_BY_POLICY,game_event_creature positive eventEntry
139327,32820,Wild Turkey,87,26,EXCLUDED_EVENT,EXCLUDED_EVENT,EXCLUDED,,N/A,EXCLUDED_BY_POLICY,game_event_creature positive eventEntry
139328,32820,Wild Turkey,87,26,EXCLUDED_EVENT,EXCLUDED_EVENT,EXCLUDED,,N/A,EXCLUDED_BY_POLICY,game_event_creature positive eventEntry
139329,32820,Wild Turkey,87,26,EXCLUDED_EVENT,EXCLUDED_EVENT,EXCLUDED,,N/A,EXCLUDED_BY_POLICY,game_event_creature positive eventEntry
139330,32820,Wild Turkey,18,26,EXCLUDED_EVENT,EXCLUDED_EVENT,EXCLUDED,,N/A,EXCLUDED_BY_POLICY,game_event_creature positive eventEntry
139331,32820,Wild Turkey,88,26,EXCLUDED_EVENT,EXCLUDED_EVENT,EXCLUDED,,N/A,EXCLUDED_BY_POLICY,game_event_creature positive eventEntry
139332,32820,Wild Turkey,18,26,EXCLUDED_EVENT,EXCLUDED_EVENT,EXCLUDED,,N/A,EXCLUDED_BY_POLICY,game_event_creature positive eventEntry
139333,32820,Wild Turkey,87,26,EXCLUDED_EVENT,EXCLUDED_EVENT,EXCLUDED,,N/A,EXCLUDED_BY_POLICY,game_event_creature positive eventEntry
139334,32820,Wild Turkey,87,26,EXCLUDED_EVENT,EXCLUDED_EVENT,EXCLUDED,,N/A,EXCLUDED_BY_POLICY,game_event_creature positive eventEntry
139335,32820,Wild Turkey,87,26,EXCLUDED_EVENT,EXCLUDED_EVENT,EXCLUDED,,N/A,EXCLUDED_BY_POLICY,game_event_creature positive eventEntry
139336,32820,Wild Turkey,88,26,EXCLUDED_EVENT,EXCLUDED_EVENT,EXCLUDED,,N/A,EXCLUDED_BY_POLICY,game_event_creature positive eventEntry
139337,32820,Wild Turkey,87,26,EXCLUDED_EVENT,EXCLUDED_EVENT,EXCLUDED,,N/A,EXCLUDED_BY_POLICY,game_event_creature positive eventEntry
139338,32820,Wild Turkey,88,26,EXCLUDED_EVENT,EXCLUDED_EVENT,EXCLUDED,,N/A,EXCLUDED_BY_POLICY,game_event_creature positive eventEntry
139339,32820,Wild Turkey,87,26,EXCLUDED_EVENT,EXCLUDED_EVENT,EXCLUDED,,N/A,EXCLUDED_BY_POLICY,game_event_creature positive eventEntry
139340,32820,Wild Turkey,87,26,EXCLUDED_EVENT,EXCLUDED_EVENT,EXCLUDED,,N/A,EXCLUDED_BY_POLICY,game_event_creature positive eventEntry
139341,32820,Wild Turkey,12,26,EXCLUDED_EVENT,EXCLUDED_EVENT,EXCLUDED,,N/A,EXCLUDED_BY_POLICY,game_event_creature positive eventEntry
139342,32820,Wild Turkey,87,26,EXCLUDED_EVENT,EXCLUDED_EVENT,EXCLUDED,,N/A,EXCLUDED_BY_POLICY,game_event_creature positive eventEntry
139343,32820,Wild Turkey,87,26,EXCLUDED_EVENT,EXCLUDED_EVENT,EXCLUDED,,N/A,EXCLUDED_BY_POLICY,game_event_creature positive eventEntry
139344,32820,Wild Turkey,87,26,EXCLUDED_EVENT,EXCLUDED_EVENT,EXCLUDED,,N/A,EXCLUDED_BY_POLICY,game_event_creature positive eventEntry
139345,32820,Wild Turkey,88,26,EXCLUDED_EVENT,EXCLUDED_EVENT,EXCLUDED,,N/A,EXCLUDED_BY_POLICY,game_event_creature positive eventEntry
139346,32820,Wild Turkey,87,26,EXCLUDED_EVENT,EXCLUDED_EVENT,EXCLUDED,,N/A,EXCLUDED_BY_POLICY,game_event_creature positive eventEntry
139347,32820,Wild Turkey,88,26,EXCLUDED_EVENT,EXCLUDED_EVENT,EXCLUDED,,N/A,EXCLUDED_BY_POLICY,game_event_creature positive eventEntry
139348,32820,Wild Turkey,12,26,EXCLUDED_EVENT,EXCLUDED_EVENT,EXCLUDED,,N/A,EXCLUDED_BY_POLICY,game_event_creature positive eventEntry
139349,32820,Wild Turkey,54,26,EXCLUDED_EVENT,EXCLUDED_EVENT,EXCLUDED,,N/A,EXCLUDED_BY_POLICY,game_event_creature positive eventEntry
139350,32820,Wild Turkey,12,26,EXCLUDED_EVENT,EXCLUDED_EVENT,EXCLUDED,,N/A,EXCLUDED_BY_POLICY,game_event_creature positive eventEntry
139351,32820,Wild Turkey,88,26,EXCLUDED_EVENT,EXCLUDED_EVENT,EXCLUDED,,N/A,EXCLUDED_BY_POLICY,game_event_creature positive eventEntry
139352,32820,Wild Turkey,12,26,EXCLUDED_EVENT,EXCLUDED_EVENT,EXCLUDED,,N/A,EXCLUDED_BY_POLICY,game_event_creature positive eventEntry
139353,32820,Wild Turkey,86,26,EXCLUDED_EVENT,EXCLUDED_EVENT,EXCLUDED,,N/A,EXCLUDED_BY_POLICY,game_event_creature positive eventEntry
139354,32820,Wild Turkey,12,26,EXCLUDED_EVENT,EXCLUDED_EVENT,EXCLUDED,,N/A,EXCLUDED_BY_POLICY,game_event_creature positive eventEntry
139355,32820,Wild Turkey,88,26,EXCLUDED_EVENT,EXCLUDED_EVENT,EXCLUDED,,N/A,EXCLUDED_BY_POLICY,game_event_creature positive eventEntry
139356,32820,Wild Turkey,88,26,EXCLUDED_EVENT,EXCLUDED_EVENT,EXCLUDED,,N/A,EXCLUDED_BY_POLICY,game_event_creature positive eventEntry
139357,32820,Wild Turkey,18,26,EXCLUDED_EVENT,EXCLUDED_EVENT,EXCLUDED,,N/A,EXCLUDED_BY_POLICY,game_event_creature positive eventEntry
139358,32820,Wild Turkey,86,26,EXCLUDED_EVENT,EXCLUDED_EVENT,EXCLUDED,,N/A,EXCLUDED_BY_POLICY,game_event_creature positive eventEntry
139359,32820,Wild Turkey,12,26,EXCLUDED_EVENT,EXCLUDED_EVENT,EXCLUDED,,N/A,EXCLUDED_BY_POLICY,game_event_creature positive eventEntry
139360,32820,Wild Turkey,86,26,EXCLUDED_EVENT,EXCLUDED_EVENT,EXCLUDED,,N/A,EXCLUDED_BY_POLICY,game_event_creature positive eventEntry
139361,32820,Wild Turkey,86,26,EXCLUDED_EVENT,EXCLUDED_EVENT,EXCLUDED,,N/A,EXCLUDED_BY_POLICY,game_event_creature positive eventEntry
139362,32820,Wild Turkey,54,26,EXCLUDED_EVENT,EXCLUDED_EVENT,EXCLUDED,,N/A,EXCLUDED_BY_POLICY,game_event_creature positive eventEntry
139363,32820,Wild Turkey,92,26,EXCLUDED_EVENT,EXCLUDED_EVENT,EXCLUDED,,N/A,EXCLUDED_BY_POLICY,game_event_creature positive eventEntry
139364,32820,Wild Turkey,86,26,EXCLUDED_EVENT,EXCLUDED_EVENT,EXCLUDED,,N/A,EXCLUDED_BY_POLICY,game_event_creature positive eventEntry
139365,32820,Wild Turkey,88,26,EXCLUDED_EVENT,EXCLUDED_EVENT,EXCLUDED,,N/A,EXCLUDED_BY_POLICY,game_event_creature positive eventEntry
139366,32820,Wild Turkey,54,26,EXCLUDED_EVENT,EXCLUDED_EVENT,EXCLUDED,,N/A,EXCLUDED_BY_POLICY,game_event_creature positive eventEntry
139367,32820,Wild Turkey,12,26,EXCLUDED_EVENT,EXCLUDED_EVENT,EXCLUDED,,N/A,EXCLUDED_BY_POLICY,game_event_creature positive eventEntry
139368,32820,Wild Turkey,92,26,EXCLUDED_EVENT,EXCLUDED_EVENT,EXCLUDED,,N/A,EXCLUDED_BY_POLICY,game_event_creature positive eventEntry
139369,32820,Wild Turkey,12,26,EXCLUDED_EVENT,EXCLUDED_EVENT,EXCLUDED,,N/A,EXCLUDED_BY_POLICY,game_event_creature positive eventEntry
139370,32820,Wild Turkey,86,26,EXCLUDED_EVENT,EXCLUDED_EVENT,EXCLUDED,,N/A,EXCLUDED_BY_POLICY,game_event_creature positive eventEntry
139371,32820,Wild Turkey,54,26,EXCLUDED_EVENT,EXCLUDED_EVENT,EXCLUDED,,N/A,EXCLUDED_BY_POLICY,game_event_creature positive eventEntry
139372,32820,Wild Turkey,86,26,EXCLUDED_EVENT,EXCLUDED_EVENT,EXCLUDED,,N/A,EXCLUDED_BY_POLICY,game_event_creature positive eventEntry
139373,32820,Wild Turkey,88,26,EXCLUDED_EVENT,EXCLUDED_EVENT,EXCLUDED,,N/A,EXCLUDED_BY_POLICY,game_event_creature positive eventEntry
139374,32820,Wild Turkey,18,26,EXCLUDED_EVENT,EXCLUDED_EVENT,EXCLUDED,,N/A,EXCLUDED_BY_POLICY,game_event_creature positive eventEntry
139375,32820,Wild Turkey,86,26,EXCLUDED_EVENT,EXCLUDED_EVENT,EXCLUDED,,N/A,EXCLUDED_BY_POLICY,game_event_creature positive eventEntry
139376,32820,Wild Turkey,86,26,EXCLUDED_EVENT,EXCLUDED_EVENT,EXCLUDED,,N/A,EXCLUDED_BY_POLICY,game_event_creature positive eventEntry
139377,32820,Wild Turkey,88,26,EXCLUDED_EVENT,EXCLUDED_EVENT,EXCLUDED,,N/A,EXCLUDED_BY_POLICY,game_event_creature positive eventEntry
139378,32820,Wild Turkey,88,26,EXCLUDED_EVENT,EXCLUDED_EVENT,EXCLUDED,,N/A,EXCLUDED_BY_POLICY,game_event_creature positive eventEntry
139379,32820,Wild Turkey,92,26,EXCLUDED_EVENT,EXCLUDED_EVENT,EXCLUDED,,N/A,EXCLUDED_BY_POLICY,game_event_creature positive eventEntry
139380,32820,Wild Turkey,12,26,EXCLUDED_EVENT,EXCLUDED_EVENT,EXCLUDED,,N/A,EXCLUDED_BY_POLICY,game_event_creature positive eventEntry
139381,32820,Wild Turkey,12,26,EXCLUDED_EVENT,EXCLUDED_EVENT,EXCLUDED,,N/A,EXCLUDED_BY_POLICY,game_event_creature positive eventEntry
139382,32820,Wild Turkey,54,26,EXCLUDED_EVENT,EXCLUDED_EVENT,EXCLUDED,,N/A,EXCLUDED_BY_POLICY,game_event_creature positive eventEntry
139383,32820,Wild Turkey,18,26,EXCLUDED_EVENT,EXCLUDED_EVENT,EXCLUDED,,N/A,EXCLUDED_BY_POLICY,game_event_creature positive eventEntry
139384,32820,Wild Turkey,86,26,EXCLUDED_EVENT,EXCLUDED_EVENT,EXCLUDED,,N/A,EXCLUDED_BY_POLICY,game_event_creature positive eventEntry
139385,32820,Wild Turkey,18,26,EXCLUDED_EVENT,EXCLUDED_EVENT,EXCLUDED,,N/A,EXCLUDED_BY_POLICY,game_event_creature positive eventEntry
139386,32820,Wild Turkey,92,26,EXCLUDED_EVENT,EXCLUDED_EVENT,EXCLUDED,,N/A,EXCLUDED_BY_POLICY,game_event_creature positive eventEntry
139387,32820,Wild Turkey,18,26,EXCLUDED_EVENT,EXCLUDED_EVENT,EXCLUDED,,N/A,EXCLUDED_BY_POLICY,game_event_creature positive eventEntry
139388,32820,Wild Turkey,92,26,EXCLUDED_EVENT,EXCLUDED_EVENT,EXCLUDED,,N/A,EXCLUDED_BY_POLICY,game_event_creature positive eventEntry
139389,32820,Wild Turkey,86,26,EXCLUDED_EVENT,EXCLUDED_EVENT,EXCLUDED,,N/A,EXCLUDED_BY_POLICY,game_event_creature positive eventEntry
139390,32820,Wild Turkey,54,26,EXCLUDED_EVENT,EXCLUDED_EVENT,EXCLUDED,,N/A,EXCLUDED_BY_POLICY,game_event_creature positive eventEntry
139391,32820,Wild Turkey,54,26,EXCLUDED_EVENT,EXCLUDED_EVENT,EXCLUDED,,N/A,EXCLUDED_BY_POLICY,game_event_creature positive eventEntry
139392,32820,Wild Turkey,18,26,EXCLUDED_EVENT,EXCLUDED_EVENT,EXCLUDED,,N/A,EXCLUDED_BY_POLICY,game_event_creature positive eventEntry
139393,32820,Wild Turkey,12,26,EXCLUDED_EVENT,EXCLUDED_EVENT,EXCLUDED,,N/A,EXCLUDED_BY_POLICY,game_event_creature positive eventEntry
139394,32820,Wild Turkey,12,26,EXCLUDED_EVENT,EXCLUDED_EVENT,EXCLUDED,,N/A,EXCLUDED_BY_POLICY,game_event_creature positive eventEntry
139395,32820,Wild Turkey,12,26,EXCLUDED_EVENT,EXCLUDED_EVENT,EXCLUDED,,N/A,EXCLUDED_BY_POLICY,game_event_creature positive eventEntry
139396,32820,Wild Turkey,92,26,EXCLUDED_EVENT,EXCLUDED_EVENT,EXCLUDED,,N/A,EXCLUDED_BY_POLICY,game_event_creature positive eventEntry
139397,32820,Wild Turkey,18,26,EXCLUDED_EVENT,EXCLUDED_EVENT,EXCLUDED,,N/A,EXCLUDED_BY_POLICY,game_event_creature positive eventEntry
139398,32820,Wild Turkey,18,26,EXCLUDED_EVENT,EXCLUDED_EVENT,EXCLUDED,,N/A,EXCLUDED_BY_POLICY,game_event_creature positive eventEntry
139399,32820,Wild Turkey,92,26,EXCLUDED_EVENT,EXCLUDED_EVENT,EXCLUDED,,N/A,EXCLUDED_BY_POLICY,game_event_creature positive eventEntry
139400,32820,Wild Turkey,18,26,EXCLUDED_EVENT,EXCLUDED_EVENT,EXCLUDED,,N/A,EXCLUDED_BY_POLICY,game_event_creature positive eventEntry
139401,32820,Wild Turkey,12,26,EXCLUDED_EVENT,EXCLUDED_EVENT,EXCLUDED,,N/A,EXCLUDED_BY_POLICY,game_event_creature positive eventEntry
139402,32820,Wild Turkey,12,26,EXCLUDED_EVENT,EXCLUDED_EVENT,EXCLUDED,,N/A,EXCLUDED_BY_POLICY,game_event_creature positive eventEntry
139403,32820,Wild Turkey,12,26,EXCLUDED_EVENT,EXCLUDED_EVENT,EXCLUDED,,N/A,EXCLUDED_BY_POLICY,game_event_creature positive eventEntry
139404,32820,Wild Turkey,92,26,EXCLUDED_EVENT,EXCLUDED_EVENT,EXCLUDED,,N/A,EXCLUDED_BY_POLICY,game_event_creature positive eventEntry
139405,32820,Wild Turkey,18,26,EXCLUDED_EVENT,EXCLUDED_EVENT,EXCLUDED,,N/A,EXCLUDED_BY_POLICY,game_event_creature positive eventEntry
139406,32820,Wild Turkey,12,26,EXCLUDED_EVENT,EXCLUDED_EVENT,EXCLUDED,,N/A,EXCLUDED_BY_POLICY,game_event_creature positive eventEntry
139407,32820,Wild Turkey,92,26,EXCLUDED_EVENT,EXCLUDED_EVENT,EXCLUDED,,N/A,EXCLUDED_BY_POLICY,game_event_creature positive eventEntry
139408,32820,Wild Turkey,88,26,EXCLUDED_EVENT,EXCLUDED_EVENT,EXCLUDED,,N/A,EXCLUDED_BY_POLICY,game_event_creature positive eventEntry
139409,32820,Wild Turkey,12,26,EXCLUDED_EVENT,EXCLUDED_EVENT,EXCLUDED,,N/A,EXCLUDED_BY_POLICY,game_event_creature positive eventEntry
139410,32820,Wild Turkey,12,26,EXCLUDED_EVENT,EXCLUDED_EVENT,EXCLUDED,,N/A,EXCLUDED_BY_POLICY,game_event_creature positive eventEntry
139411,32820,Wild Turkey,12,26,EXCLUDED_EVENT,EXCLUDED_EVENT,EXCLUDED,,N/A,EXCLUDED_BY_POLICY,game_event_creature positive eventEntry
139412,32820,Wild Turkey,18,26,EXCLUDED_EVENT,EXCLUDED_EVENT,EXCLUDED,,N/A,EXCLUDED_BY_POLICY,game_event_creature positive eventEntry
139413,32820,Wild Turkey,92,26,EXCLUDED_EVENT,EXCLUDED_EVENT,EXCLUDED,,N/A,EXCLUDED_BY_POLICY,game_event_creature positive eventEntry
139414,32820,Wild Turkey,61,26,EXCLUDED_EVENT,EXCLUDED_EVENT,EXCLUDED,,N/A,EXCLUDED_BY_POLICY,game_event_creature positive eventEntry
139415,32820,Wild Turkey,61,26,EXCLUDED_EVENT,EXCLUDED_EVENT,EXCLUDED,,N/A,EXCLUDED_BY_POLICY,game_event_creature positive eventEntry
139416,32820,Wild Turkey,61,26,EXCLUDED_EVENT,EXCLUDED_EVENT,EXCLUDED,,N/A,EXCLUDED_BY_POLICY,game_event_creature positive eventEntry
139417,32820,Wild Turkey,12,26,EXCLUDED_EVENT,EXCLUDED_EVENT,EXCLUDED,,N/A,EXCLUDED_BY_POLICY,game_event_creature positive eventEntry
139418,32820,Wild Turkey,12,26,EXCLUDED_EVENT,EXCLUDED_EVENT,EXCLUDED,,N/A,EXCLUDED_BY_POLICY,game_event_creature positive eventEntry
139419,32820,Wild Turkey,61,26,EXCLUDED_EVENT,EXCLUDED_EVENT,EXCLUDED,,N/A,EXCLUDED_BY_POLICY,game_event_creature positive eventEntry
139420,32820,Wild Turkey,92,26,EXCLUDED_EVENT,EXCLUDED_EVENT,EXCLUDED,,N/A,EXCLUDED_BY_POLICY,game_event_creature positive eventEntry
139422,32820,Wild Turkey,61,26,EXCLUDED_EVENT,EXCLUDED_EVENT,EXCLUDED,,N/A,EXCLUDED_BY_POLICY,game_event_creature positive eventEntry
139423,32820,Wild Turkey,12,26,EXCLUDED_EVENT,EXCLUDED_EVENT,EXCLUDED,,N/A,EXCLUDED_BY_POLICY,game_event_creature positive eventEntry
139424,32820,Wild Turkey,61,26,EXCLUDED_EVENT,EXCLUDED_EVENT,EXCLUDED,,N/A,EXCLUDED_BY_POLICY,game_event_creature positive eventEntry
139425,32820,Wild Turkey,54,26,EXCLUDED_EVENT,EXCLUDED_EVENT,EXCLUDED,,N/A,EXCLUDED_BY_POLICY,game_event_creature positive eventEntry
139426,32820,Wild Turkey,12,26,EXCLUDED_EVENT,EXCLUDED_EVENT,EXCLUDED,,N/A,EXCLUDED_BY_POLICY,game_event_creature positive eventEntry
139428,32820,Wild Turkey,86,26,EXCLUDED_EVENT,EXCLUDED_EVENT,EXCLUDED,,N/A,EXCLUDED_BY_POLICY,game_event_creature positive eventEntry
139429,32820,Wild Turkey,86,26,EXCLUDED_EVENT,EXCLUDED_EVENT,EXCLUDED,,N/A,EXCLUDED_BY_POLICY,game_event_creature positive eventEntry
139430,32820,Wild Turkey,86,26,EXCLUDED_EVENT,EXCLUDED_EVENT,EXCLUDED,,N/A,EXCLUDED_BY_POLICY,game_event_creature positive eventEntry
139431,32820,Wild Turkey,92,26,EXCLUDED_EVENT,EXCLUDED_EVENT,EXCLUDED,,N/A,EXCLUDED_BY_POLICY,game_event_creature positive eventEntry
139433,32820,Wild Turkey,92,26,EXCLUDED_EVENT,EXCLUDED_EVENT,EXCLUDED,,N/A,EXCLUDED_BY_POLICY,game_event_creature positive eventEntry
139434,32820,Wild Turkey,12,26,EXCLUDED_EVENT,EXCLUDED_EVENT,EXCLUDED,,N/A,EXCLUDED_BY_POLICY,game_event_creature positive eventEntry
139435,32820,Wild Turkey,12,26,EXCLUDED_EVENT,EXCLUDED_EVENT,EXCLUDED,,N/A,EXCLUDED_BY_POLICY,game_event_creature positive eventEntry
139436,32820,Wild Turkey,92,26,EXCLUDED_EVENT,EXCLUDED_EVENT,EXCLUDED,,N/A,EXCLUDED_BY_POLICY,game_event_creature positive eventEntry
139437,32820,Wild Turkey,12,26,EXCLUDED_EVENT,EXCLUDED_EVENT,EXCLUDED,,N/A,EXCLUDED_BY_POLICY,game_event_creature positive eventEntry
139438,32820,Wild Turkey,54,26,EXCLUDED_EVENT,EXCLUDED_EVENT,EXCLUDED,,N/A,EXCLUDED_BY_POLICY,game_event_creature positive eventEntry
139439,32820,Wild Turkey,18,26,EXCLUDED_EVENT,EXCLUDED_EVENT,EXCLUDED,,N/A,EXCLUDED_BY_POLICY,game_event_creature positive eventEntry
139440,32820,Wild Turkey,12,26,EXCLUDED_EVENT,EXCLUDED_EVENT,EXCLUDED,,N/A,EXCLUDED_BY_POLICY,game_event_creature positive eventEntry
139441,32820,Wild Turkey,86,26,EXCLUDED_EVENT,EXCLUDED_EVENT,EXCLUDED,,N/A,EXCLUDED_BY_POLICY,game_event_creature positive eventEntry
139442,32820,Wild Turkey,86,26,EXCLUDED_EVENT,EXCLUDED_EVENT,EXCLUDED,,N/A,EXCLUDED_BY_POLICY,game_event_creature positive eventEntry
139443,32820,Wild Turkey,61,26,EXCLUDED_EVENT,EXCLUDED_EVENT,EXCLUDED,,N/A,EXCLUDED_BY_POLICY,game_event_creature positive eventEntry
139444,32820,Wild Turkey,86,26,EXCLUDED_EVENT,EXCLUDED_EVENT,EXCLUDED,,N/A,EXCLUDED_BY_POLICY,game_event_creature positive eventEntry
139445,32820,Wild Turkey,86,26,EXCLUDED_EVENT,EXCLUDED_EVENT,EXCLUDED,,N/A,EXCLUDED_BY_POLICY,game_event_creature positive eventEntry
139446,32820,Wild Turkey,92,26,EXCLUDED_EVENT,EXCLUDED_EVENT,EXCLUDED,,N/A,EXCLUDED_BY_POLICY,game_event_creature positive eventEntry
139447,32820,Wild Turkey,86,26,EXCLUDED_EVENT,EXCLUDED_EVENT,EXCLUDED,,N/A,EXCLUDED_BY_POLICY,game_event_creature positive eventEntry
139448,32820,Wild Turkey,86,26,EXCLUDED_EVENT,EXCLUDED_EVENT,EXCLUDED,,N/A,EXCLUDED_BY_POLICY,game_event_creature positive eventEntry
139449,32820,Wild Turkey,54,26,EXCLUDED_EVENT,EXCLUDED_EVENT,EXCLUDED,,N/A,EXCLUDED_BY_POLICY,game_event_creature positive eventEntry
139450,32820,Wild Turkey,54,26,EXCLUDED_EVENT,EXCLUDED_EVENT,EXCLUDED,,N/A,EXCLUDED_BY_POLICY,game_event_creature positive eventEntry
139451,32820,Wild Turkey,12,26,EXCLUDED_EVENT,EXCLUDED_EVENT,EXCLUDED,,N/A,EXCLUDED_BY_POLICY,game_event_creature positive eventEntry
139452,32820,Wild Turkey,12,26,EXCLUDED_EVENT,EXCLUDED_EVENT,EXCLUDED,,N/A,EXCLUDED_BY_POLICY,game_event_creature positive eventEntry
139453,32820,Wild Turkey,54,26,EXCLUDED_EVENT,EXCLUDED_EVENT,EXCLUDED,,N/A,EXCLUDED_BY_POLICY,game_event_creature positive eventEntry
139454,32820,Wild Turkey,92,26,EXCLUDED_EVENT,EXCLUDED_EVENT,EXCLUDED,,N/A,EXCLUDED_BY_POLICY,game_event_creature positive eventEntry
139455,32820,Wild Turkey,12,26,EXCLUDED_EVENT,EXCLUDED_EVENT,EXCLUDED,,N/A,EXCLUDED_BY_POLICY,game_event_creature positive eventEntry
139456,32820,Wild Turkey,12,26,EXCLUDED_EVENT,EXCLUDED_EVENT,EXCLUDED,,N/A,EXCLUDED_BY_POLICY,game_event_creature positive eventEntry
139457,32820,Wild Turkey,12,26,EXCLUDED_EVENT,EXCLUDED_EVENT,EXCLUDED,,N/A,EXCLUDED_BY_POLICY,game_event_creature positive eventEntry
139459,32820,Wild Turkey,12,26,EXCLUDED_EVENT,EXCLUDED_EVENT,EXCLUDED,,N/A,EXCLUDED_BY_POLICY,game_event_creature positive eventEntry
139461,32820,Wild Turkey,86,26,EXCLUDED_EVENT,EXCLUDED_EVENT,EXCLUDED,,N/A,EXCLUDED_BY_POLICY,game_event_creature positive eventEntry
139462,32820,Wild Turkey,54,26,EXCLUDED_EVENT,EXCLUDED_EVENT,EXCLUDED,,N/A,EXCLUDED_BY_POLICY,game_event_creature positive eventEntry
139463,32820,Wild Turkey,54,26,EXCLUDED_EVENT,EXCLUDED_EVENT,EXCLUDED,,N/A,EXCLUDED_BY_POLICY,game_event_creature positive eventEntry
139464,32820,Wild Turkey,86,26,EXCLUDED_EVENT,EXCLUDED_EVENT,EXCLUDED,,N/A,EXCLUDED_BY_POLICY,game_event_creature positive eventEntry
139465,32820,Wild Turkey,54,26,EXCLUDED_EVENT,EXCLUDED_EVENT,EXCLUDED,,N/A,EXCLUDED_BY_POLICY,game_event_creature positive eventEntry
139466,32820,Wild Turkey,12,26,EXCLUDED_EVENT,EXCLUDED_EVENT,EXCLUDED,,N/A,EXCLUDED_BY_POLICY,game_event_creature positive eventEntry
139467,32820,Wild Turkey,12,26,EXCLUDED_EVENT,EXCLUDED_EVENT,EXCLUDED,,N/A,EXCLUDED_BY_POLICY,game_event_creature positive eventEntry
139468,32820,Wild Turkey,92,26,EXCLUDED_EVENT,EXCLUDED_EVENT,EXCLUDED,,N/A,EXCLUDED_BY_POLICY,game_event_creature positive eventEntry
139469,32820,Wild Turkey,86,26,EXCLUDED_EVENT,EXCLUDED_EVENT,EXCLUDED,,N/A,EXCLUDED_BY_POLICY,game_event_creature positive eventEntry
139470,32820,Wild Turkey,92,26,EXCLUDED_EVENT,EXCLUDED_EVENT,EXCLUDED,,N/A,EXCLUDED_BY_POLICY,game_event_creature positive eventEntry
139471,32820,Wild Turkey,12,26,EXCLUDED_EVENT,EXCLUDED_EVENT,EXCLUDED,,N/A,EXCLUDED_BY_POLICY,game_event_creature positive eventEntry
139472,32820,Wild Turkey,12,26,EXCLUDED_EVENT,EXCLUDED_EVENT,EXCLUDED,,N/A,EXCLUDED_BY_POLICY,game_event_creature positive eventEntry
139473,32820,Wild Turkey,12,26,EXCLUDED_EVENT,EXCLUDED_EVENT,EXCLUDED,,N/A,EXCLUDED_BY_POLICY,game_event_creature positive eventEntry
139474,32820,Wild Turkey,54,26,EXCLUDED_EVENT,EXCLUDED_EVENT,EXCLUDED,,N/A,EXCLUDED_BY_POLICY,game_event_creature positive eventEntry
139475,32820,Wild Turkey,86,26,EXCLUDED_EVENT,EXCLUDED_EVENT,EXCLUDED,,N/A,EXCLUDED_BY_POLICY,game_event_creature positive eventEntry
139476,32820,Wild Turkey,12,26,EXCLUDED_EVENT,EXCLUDED_EVENT,EXCLUDED,,N/A,EXCLUDED_BY_POLICY,game_event_creature positive eventEntry
139477,32820,Wild Turkey,54,26,EXCLUDED_EVENT,EXCLUDED_EVENT,EXCLUDED,,N/A,EXCLUDED_BY_POLICY,game_event_creature positive eventEntry
139478,32820,Wild Turkey,12,26,EXCLUDED_EVENT,EXCLUDED_EVENT,EXCLUDED,,N/A,EXCLUDED_BY_POLICY,game_event_creature positive eventEntry
139479,32820,Wild Turkey,12,26,EXCLUDED_EVENT,EXCLUDED_EVENT,EXCLUDED,,N/A,EXCLUDED_BY_POLICY,game_event_creature positive eventEntry
139481,32820,Wild Turkey,12,26,EXCLUDED_EVENT,EXCLUDED_EVENT,EXCLUDED,,N/A,EXCLUDED_BY_POLICY,game_event_creature positive eventEntry
139482,32820,Wild Turkey,86,26,EXCLUDED_EVENT,EXCLUDED_EVENT,EXCLUDED,,N/A,EXCLUDED_BY_POLICY,game_event_creature positive eventEntry
139483,32820,Wild Turkey,12,26,EXCLUDED_EVENT,EXCLUDED_EVENT,EXCLUDED,,N/A,EXCLUDED_BY_POLICY,game_event_creature positive eventEntry
139484,32820,Wild Turkey,12,26,EXCLUDED_EVENT,EXCLUDED_EVENT,EXCLUDED,,N/A,EXCLUDED_BY_POLICY,game_event_creature positive eventEntry
139485,32820,Wild Turkey,86,26,EXCLUDED_EVENT,EXCLUDED_EVENT,EXCLUDED,,N/A,EXCLUDED_BY_POLICY,game_event_creature positive eventEntry
139486,32820,Wild Turkey,12,26,EXCLUDED_EVENT,EXCLUDED_EVENT,EXCLUDED,,N/A,EXCLUDED_BY_POLICY,game_event_creature positive eventEntry
139487,32820,Wild Turkey,12,26,EXCLUDED_EVENT,EXCLUDED_EVENT,EXCLUDED,,N/A,EXCLUDED_BY_POLICY,game_event_creature positive eventEntry
139488,32820,Wild Turkey,12,26,EXCLUDED_EVENT,EXCLUDED_EVENT,EXCLUDED,,N/A,EXCLUDED_BY_POLICY,game_event_creature positive eventEntry
139489,32820,Wild Turkey,86,26,EXCLUDED_EVENT,EXCLUDED_EVENT,EXCLUDED,,N/A,EXCLUDED_BY_POLICY,game_event_creature positive eventEntry
139490,32820,Wild Turkey,12,26,EXCLUDED_EVENT,EXCLUDED_EVENT,EXCLUDED,,N/A,EXCLUDED_BY_POLICY,game_event_creature positive eventEntry
139491,32820,Wild Turkey,12,26,EXCLUDED_EVENT,EXCLUDED_EVENT,EXCLUDED,,N/A,EXCLUDED_BY_POLICY,game_event_creature positive eventEntry
139492,32820,Wild Turkey,12,26,EXCLUDED_EVENT,EXCLUDED_EVENT,EXCLUDED,,N/A,EXCLUDED_BY_POLICY,game_event_creature positive eventEntry
139493,32820,Wild Turkey,56,26,EXCLUDED_EVENT,EXCLUDED_EVENT,EXCLUDED,,N/A,EXCLUDED_BY_POLICY,game_event_creature positive eventEntry
139494,32820,Wild Turkey,12,26,EXCLUDED_EVENT,EXCLUDED_EVENT,EXCLUDED,,N/A,EXCLUDED_BY_POLICY,game_event_creature positive eventEntry
139495,32820,Wild Turkey,12,26,EXCLUDED_EVENT,EXCLUDED_EVENT,EXCLUDED,,N/A,EXCLUDED_BY_POLICY,game_event_creature positive eventEntry
139496,32820,Wild Turkey,12,26,EXCLUDED_EVENT,EXCLUDED_EVENT,EXCLUDED,,N/A,EXCLUDED_BY_POLICY,game_event_creature positive eventEntry
139497,32820,Wild Turkey,12,26,EXCLUDED_EVENT,EXCLUDED_EVENT,EXCLUDED,,N/A,EXCLUDED_BY_POLICY,game_event_creature positive eventEntry
139498,32820,Wild Turkey,54,26,EXCLUDED_EVENT,EXCLUDED_EVENT,EXCLUDED,,N/A,EXCLUDED_BY_POLICY,game_event_creature positive eventEntry
139499,32820,Wild Turkey,12,26,EXCLUDED_EVENT,EXCLUDED_EVENT,EXCLUDED,,N/A,EXCLUDED_BY_POLICY,game_event_creature positive eventEntry
139500,32820,Wild Turkey,12,26,EXCLUDED_EVENT,EXCLUDED_EVENT,EXCLUDED,,N/A,EXCLUDED_BY_POLICY,game_event_creature positive eventEntry
139501,32820,Wild Turkey,86,26,EXCLUDED_EVENT,EXCLUDED_EVENT,EXCLUDED,,N/A,EXCLUDED_BY_POLICY,game_event_creature positive eventEntry
139502,32820,Wild Turkey,86,26,EXCLUDED_EVENT,EXCLUDED_EVENT,EXCLUDED,,N/A,EXCLUDED_BY_POLICY,game_event_creature positive eventEntry
139503,32820,Wild Turkey,12,26,EXCLUDED_EVENT,EXCLUDED_EVENT,EXCLUDED,,N/A,EXCLUDED_BY_POLICY,game_event_creature positive eventEntry
139504,32820,Wild Turkey,12,26,EXCLUDED_EVENT,EXCLUDED_EVENT,EXCLUDED,,N/A,EXCLUDED_BY_POLICY,game_event_creature positive eventEntry
139505,32820,Wild Turkey,12,26,EXCLUDED_EVENT,EXCLUDED_EVENT,EXCLUDED,,N/A,EXCLUDED_BY_POLICY,game_event_creature positive eventEntry
139506,32820,Wild Turkey,12,26,EXCLUDED_EVENT,EXCLUDED_EVENT,EXCLUDED,,N/A,EXCLUDED_BY_POLICY,game_event_creature positive eventEntry
139507,32820,Wild Turkey,12,26,EXCLUDED_EVENT,EXCLUDED_EVENT,EXCLUDED,,N/A,EXCLUDED_BY_POLICY,game_event_creature positive eventEntry
139508,32820,Wild Turkey,12,26,EXCLUDED_EVENT,EXCLUDED_EVENT,EXCLUDED,,N/A,EXCLUDED_BY_POLICY,game_event_creature positive eventEntry
139509,32820,Wild Turkey,12,26,EXCLUDED_EVENT,EXCLUDED_EVENT,EXCLUDED,,N/A,EXCLUDED_BY_POLICY,game_event_creature positive eventEntry
139510,32820,Wild Turkey,12,26,EXCLUDED_EVENT,EXCLUDED_EVENT,EXCLUDED,,N/A,EXCLUDED_BY_POLICY,game_event_creature positive eventEntry
139511,32820,Wild Turkey,12,26,EXCLUDED_EVENT,EXCLUDED_EVENT,EXCLUDED,,N/A,EXCLUDED_BY_POLICY,game_event_creature positive eventEntry
139512,32820,Wild Turkey,12,26,EXCLUDED_EVENT,EXCLUDED_EVENT,EXCLUDED,,N/A,EXCLUDED_BY_POLICY,game_event_creature positive eventEntry
139513,32820,Wild Turkey,12,26,EXCLUDED_EVENT,EXCLUDED_EVENT,EXCLUDED,,N/A,EXCLUDED_BY_POLICY,game_event_creature positive eventEntry
139514,32820,Wild Turkey,12,26,EXCLUDED_EVENT,EXCLUDED_EVENT,EXCLUDED,,N/A,EXCLUDED_BY_POLICY,game_event_creature positive eventEntry
139515,32820,Wild Turkey,12,26,EXCLUDED_EVENT,EXCLUDED_EVENT,EXCLUDED,,N/A,EXCLUDED_BY_POLICY,game_event_creature positive eventEntry
139516,32820,Wild Turkey,86,26,EXCLUDED_EVENT,EXCLUDED_EVENT,EXCLUDED,,N/A,EXCLUDED_BY_POLICY,game_event_creature positive eventEntry
139517,32820,Wild Turkey,86,26,EXCLUDED_EVENT,EXCLUDED_EVENT,EXCLUDED,,N/A,EXCLUDED_BY_POLICY,game_event_creature positive eventEntry
139518,32820,Wild Turkey,86,26,EXCLUDED_EVENT,EXCLUDED_EVENT,EXCLUDED,,N/A,EXCLUDED_BY_POLICY,game_event_creature positive eventEntry
139519,32820,Wild Turkey,56,26,EXCLUDED_EVENT,EXCLUDED_EVENT,EXCLUDED,,N/A,EXCLUDED_BY_POLICY,game_event_creature positive eventEntry
139520,32820,Wild Turkey,12,26,EXCLUDED_EVENT,EXCLUDED_EVENT,EXCLUDED,,N/A,EXCLUDED_BY_POLICY,game_event_creature positive eventEntry
139522,32820,Wild Turkey,54,26,EXCLUDED_EVENT,EXCLUDED_EVENT,EXCLUDED,,N/A,EXCLUDED_BY_POLICY,game_event_creature positive eventEntry
139523,32820,Wild Turkey,12,26,EXCLUDED_EVENT,EXCLUDED_EVENT,EXCLUDED,,N/A,EXCLUDED_BY_POLICY,game_event_creature positive eventEntry
139524,32820,Wild Turkey,12,26,EXCLUDED_EVENT,EXCLUDED_EVENT,EXCLUDED,,N/A,EXCLUDED_BY_POLICY,game_event_creature positive eventEntry
139525,32820,Wild Turkey,12,26,EXCLUDED_EVENT,EXCLUDED_EVENT,EXCLUDED,,N/A,EXCLUDED_BY_POLICY,game_event_creature positive eventEntry
139526,32820,Wild Turkey,12,26,EXCLUDED_EVENT,EXCLUDED_EVENT,EXCLUDED,,N/A,EXCLUDED_BY_POLICY,game_event_creature positive eventEntry
139527,32820,Wild Turkey,86,26,EXCLUDED_EVENT,EXCLUDED_EVENT,EXCLUDED,,N/A,EXCLUDED_BY_POLICY,game_event_creature positive eventEntry
139528,32820,Wild Turkey,12,26,EXCLUDED_EVENT,EXCLUDED_EVENT,EXCLUDED,,N/A,EXCLUDED_BY_POLICY,game_event_creature positive eventEntry
139529,32820,Wild Turkey,12,26,EXCLUDED_EVENT,EXCLUDED_EVENT,EXCLUDED,,N/A,EXCLUDED_BY_POLICY,game_event_creature positive eventEntry
139530,32820,Wild Turkey,86,26,EXCLUDED_EVENT,EXCLUDED_EVENT,EXCLUDED,,N/A,EXCLUDED_BY_POLICY,game_event_creature positive eventEntry
139531,32820,Wild Turkey,86,26,EXCLUDED_EVENT,EXCLUDED_EVENT,EXCLUDED,,N/A,EXCLUDED_BY_POLICY,game_event_creature positive eventEntry
139532,32820,Wild Turkey,12,26,EXCLUDED_EVENT,EXCLUDED_EVENT,EXCLUDED,,N/A,EXCLUDED_BY_POLICY,game_event_creature positive eventEntry
139533,32820,Wild Turkey,12,26,EXCLUDED_EVENT,EXCLUDED_EVENT,EXCLUDED,,N/A,EXCLUDED_BY_POLICY,game_event_creature positive eventEntry
139534,32820,Wild Turkey,12,26,EXCLUDED_EVENT,EXCLUDED_EVENT,EXCLUDED,,N/A,EXCLUDED_BY_POLICY,game_event_creature positive eventEntry
139535,32820,Wild Turkey,54,26,EXCLUDED_EVENT,EXCLUDED_EVENT,EXCLUDED,,N/A,EXCLUDED_BY_POLICY,game_event_creature positive eventEntry
139536,32820,Wild Turkey,12,26,EXCLUDED_EVENT,EXCLUDED_EVENT,EXCLUDED,,N/A,EXCLUDED_BY_POLICY,game_event_creature positive eventEntry
139537,32820,Wild Turkey,86,26,EXCLUDED_EVENT,EXCLUDED_EVENT,EXCLUDED,,N/A,EXCLUDED_BY_POLICY,game_event_creature positive eventEntry
139538,32820,Wild Turkey,86,26,EXCLUDED_EVENT,EXCLUDED_EVENT,EXCLUDED,,N/A,EXCLUDED_BY_POLICY,game_event_creature positive eventEntry
139539,32820,Wild Turkey,86,26,EXCLUDED_EVENT,EXCLUDED_EVENT,EXCLUDED,,N/A,EXCLUDED_BY_POLICY,game_event_creature positive eventEntry
139540,32820,Wild Turkey,56,26,EXCLUDED_EVENT,EXCLUDED_EVENT,EXCLUDED,,N/A,EXCLUDED_BY_POLICY,game_event_creature positive eventEntry
139541,32820,Wild Turkey,86,26,EXCLUDED_EVENT,EXCLUDED_EVENT,EXCLUDED,,N/A,EXCLUDED_BY_POLICY,game_event_creature positive eventEntry
139542,32820,Wild Turkey,86,26,EXCLUDED_EVENT,EXCLUDED_EVENT,EXCLUDED,,N/A,EXCLUDED_BY_POLICY,game_event_creature positive eventEntry
139543,32820,Wild Turkey,54,26,EXCLUDED_EVENT,EXCLUDED_EVENT,EXCLUDED,,N/A,EXCLUDED_BY_POLICY,game_event_creature positive eventEntry
139544,32820,Wild Turkey,56,26,EXCLUDED_EVENT,EXCLUDED_EVENT,EXCLUDED,,N/A,EXCLUDED_BY_POLICY,game_event_creature positive eventEntry
139545,32820,Wild Turkey,59,26,EXCLUDED_EVENT,EXCLUDED_EVENT,EXCLUDED,,N/A,EXCLUDED_BY_POLICY,game_event_creature positive eventEntry
139546,32820,Wild Turkey,59,26,EXCLUDED_EVENT,EXCLUDED_EVENT,EXCLUDED,,N/A,EXCLUDED_BY_POLICY,game_event_creature positive eventEntry
139547,32820,Wild Turkey,59,26,EXCLUDED_EVENT,EXCLUDED_EVENT,EXCLUDED,,N/A,EXCLUDED_BY_POLICY,game_event_creature positive eventEntry
139548,32820,Wild Turkey,56,26,EXCLUDED_EVENT,EXCLUDED_EVENT,EXCLUDED,,N/A,EXCLUDED_BY_POLICY,game_event_creature positive eventEntry
139549,32820,Wild Turkey,56,26,EXCLUDED_EVENT,EXCLUDED_EVENT,EXCLUDED,,N/A,EXCLUDED_BY_POLICY,game_event_creature positive eventEntry
139550,32820,Wild Turkey,9,26,EXCLUDED_EVENT,EXCLUDED_EVENT,EXCLUDED,,N/A,EXCLUDED_BY_POLICY,game_event_creature positive eventEntry
139551,32820,Wild Turkey,86,26,EXCLUDED_EVENT,EXCLUDED_EVENT,EXCLUDED,,N/A,EXCLUDED_BY_POLICY,game_event_creature positive eventEntry
139552,32820,Wild Turkey,54,26,EXCLUDED_EVENT,EXCLUDED_EVENT,EXCLUDED,,N/A,EXCLUDED_BY_POLICY,game_event_creature positive eventEntry
139553,32820,Wild Turkey,56,26,EXCLUDED_EVENT,EXCLUDED_EVENT,EXCLUDED,,N/A,EXCLUDED_BY_POLICY,game_event_creature positive eventEntry
139554,32820,Wild Turkey,12,26,EXCLUDED_EVENT,EXCLUDED_EVENT,EXCLUDED,,N/A,EXCLUDED_BY_POLICY,game_event_creature positive eventEntry
139555,32820,Wild Turkey,86,26,EXCLUDED_EVENT,EXCLUDED_EVENT,EXCLUDED,,N/A,EXCLUDED_BY_POLICY,game_event_creature positive eventEntry
139556,32820,Wild Turkey,9,26,EXCLUDED_EVENT,EXCLUDED_EVENT,EXCLUDED,,N/A,EXCLUDED_BY_POLICY,game_event_creature positive eventEntry
139557,32820,Wild Turkey,12,26,EXCLUDED_EVENT,EXCLUDED_EVENT,EXCLUDED,,N/A,EXCLUDED_BY_POLICY,game_event_creature positive eventEntry
139558,32820,Wild Turkey,59,26,EXCLUDED_EVENT,EXCLUDED_EVENT,EXCLUDED,,N/A,EXCLUDED_BY_POLICY,game_event_creature positive eventEntry
139559,32820,Wild Turkey,9,26,EXCLUDED_EVENT,EXCLUDED_EVENT,EXCLUDED,,N/A,EXCLUDED_BY_POLICY,game_event_creature positive eventEntry
139560,32820,Wild Turkey,12,26,EXCLUDED_EVENT,EXCLUDED_EVENT,EXCLUDED,,N/A,EXCLUDED_BY_POLICY,game_event_creature positive eventEntry
139561,32820,Wild Turkey,54,26,EXCLUDED_EVENT,EXCLUDED_EVENT,EXCLUDED,,N/A,EXCLUDED_BY_POLICY,game_event_creature positive eventEntry
139562,32820,Wild Turkey,54,26,EXCLUDED_EVENT,EXCLUDED_EVENT,EXCLUDED,,N/A,EXCLUDED_BY_POLICY,game_event_creature positive eventEntry
139563,32820,Wild Turkey,59,26,EXCLUDED_EVENT,EXCLUDED_EVENT,EXCLUDED,,N/A,EXCLUDED_BY_POLICY,game_event_creature positive eventEntry
139564,32820,Wild Turkey,9,26,EXCLUDED_EVENT,EXCLUDED_EVENT,EXCLUDED,,N/A,EXCLUDED_BY_POLICY,game_event_creature positive eventEntry
139565,32820,Wild Turkey,56,26,EXCLUDED_EVENT,EXCLUDED_EVENT,EXCLUDED,,N/A,EXCLUDED_BY_POLICY,game_event_creature positive eventEntry
139566,32820,Wild Turkey,59,26,EXCLUDED_EVENT,EXCLUDED_EVENT,EXCLUDED,,N/A,EXCLUDED_BY_POLICY,game_event_creature positive eventEntry
139568,32820,Wild Turkey,86,26,EXCLUDED_EVENT,EXCLUDED_EVENT,EXCLUDED,,N/A,EXCLUDED_BY_POLICY,game_event_creature positive eventEntry
139569,32820,Wild Turkey,59,26,EXCLUDED_EVENT,EXCLUDED_EVENT,EXCLUDED,,N/A,EXCLUDED_BY_POLICY,game_event_creature positive eventEntry
139571,32820,Wild Turkey,54,26,EXCLUDED_EVENT,EXCLUDED_EVENT,EXCLUDED,,N/A,EXCLUDED_BY_POLICY,game_event_creature positive eventEntry
139572,32820,Wild Turkey,59,26,EXCLUDED_EVENT,EXCLUDED_EVENT,EXCLUDED,,N/A,EXCLUDED_BY_POLICY,game_event_creature positive eventEntry
139573,32820,Wild Turkey,9,26,EXCLUDED_EVENT,EXCLUDED_EVENT,EXCLUDED,,N/A,EXCLUDED_BY_POLICY,game_event_creature positive eventEntry
139574,32820,Wild Turkey,9,26,EXCLUDED_EVENT,EXCLUDED_EVENT,EXCLUDED,,N/A,EXCLUDED_BY_POLICY,game_event_creature positive eventEntry
139575,32820,Wild Turkey,12,26,EXCLUDED_EVENT,EXCLUDED_EVENT,EXCLUDED,,N/A,EXCLUDED_BY_POLICY,game_event_creature positive eventEntry
139576,32820,Wild Turkey,12,26,EXCLUDED_EVENT,EXCLUDED_EVENT,EXCLUDED,,N/A,EXCLUDED_BY_POLICY,game_event_creature positive eventEntry
139577,32820,Wild Turkey,59,26,EXCLUDED_EVENT,EXCLUDED_EVENT,EXCLUDED,,N/A,EXCLUDED_BY_POLICY,game_event_creature positive eventEntry
139578,32820,Wild Turkey,59,26,EXCLUDED_EVENT,EXCLUDED_EVENT,EXCLUDED,,N/A,EXCLUDED_BY_POLICY,game_event_creature positive eventEntry
139579,32820,Wild Turkey,12,26,EXCLUDED_EVENT,EXCLUDED_EVENT,EXCLUDED,,N/A,EXCLUDED_BY_POLICY,game_event_creature positive eventEntry
139580,32820,Wild Turkey,9,26,EXCLUDED_EVENT,EXCLUDED_EVENT,EXCLUDED,,N/A,EXCLUDED_BY_POLICY,game_event_creature positive eventEntry
139581,32820,Wild Turkey,54,26,EXCLUDED_EVENT,EXCLUDED_EVENT,EXCLUDED,,N/A,EXCLUDED_BY_POLICY,game_event_creature positive eventEntry
139582,32820,Wild Turkey,59,26,EXCLUDED_EVENT,EXCLUDED_EVENT,EXCLUDED,,N/A,EXCLUDED_BY_POLICY,game_event_creature positive eventEntry
139583,32820,Wild Turkey,54,26,EXCLUDED_EVENT,EXCLUDED_EVENT,EXCLUDED,,N/A,EXCLUDED_BY_POLICY,game_event_creature positive eventEntry
139584,32820,Wild Turkey,9,26,EXCLUDED_EVENT,EXCLUDED_EVENT,EXCLUDED,,N/A,EXCLUDED_BY_POLICY,game_event_creature positive eventEntry
139585,32820,Wild Turkey,9,26,EXCLUDED_EVENT,EXCLUDED_EVENT,EXCLUDED,,N/A,EXCLUDED_BY_POLICY,game_event_creature positive eventEntry
139586,32820,Wild Turkey,59,26,EXCLUDED_EVENT,EXCLUDED_EVENT,EXCLUDED,,N/A,EXCLUDED_BY_POLICY,game_event_creature positive eventEntry
139587,32820,Wild Turkey,86,26,EXCLUDED_EVENT,EXCLUDED_EVENT,EXCLUDED,,N/A,EXCLUDED_BY_POLICY,game_event_creature positive eventEntry
139588,32820,Wild Turkey,54,26,EXCLUDED_EVENT,EXCLUDED_EVENT,EXCLUDED,,N/A,EXCLUDED_BY_POLICY,game_event_creature positive eventEntry
139589,32820,Wild Turkey,9,26,EXCLUDED_EVENT,EXCLUDED_EVENT,EXCLUDED,,N/A,EXCLUDED_BY_POLICY,game_event_creature positive eventEntry
139590,32820,Wild Turkey,59,26,EXCLUDED_EVENT,EXCLUDED_EVENT,EXCLUDED,,N/A,EXCLUDED_BY_POLICY,game_event_creature positive eventEntry
139591,32820,Wild Turkey,9,26,EXCLUDED_EVENT,EXCLUDED_EVENT,EXCLUDED,,N/A,EXCLUDED_BY_POLICY,game_event_creature positive eventEntry
139592,32820,Wild Turkey,59,26,EXCLUDED_EVENT,EXCLUDED_EVENT,EXCLUDED,,N/A,EXCLUDED_BY_POLICY,game_event_creature positive eventEntry
139593,32820,Wild Turkey,9,26,EXCLUDED_EVENT,EXCLUDED_EVENT,EXCLUDED,,N/A,EXCLUDED_BY_POLICY,game_event_creature positive eventEntry
139594,32820,Wild Turkey,86,26,EXCLUDED_EVENT,EXCLUDED_EVENT,EXCLUDED,,N/A,EXCLUDED_BY_POLICY,game_event_creature positive eventEntry
139595,32820,Wild Turkey,86,26,EXCLUDED_EVENT,EXCLUDED_EVENT,EXCLUDED,,N/A,EXCLUDED_BY_POLICY,game_event_creature positive eventEntry
139596,32820,Wild Turkey,59,26,EXCLUDED_EVENT,EXCLUDED_EVENT,EXCLUDED,,N/A,EXCLUDED_BY_POLICY,game_event_creature positive eventEntry
139597,32820,Wild Turkey,59,26,EXCLUDED_EVENT,EXCLUDED_EVENT,EXCLUDED,,N/A,EXCLUDED_BY_POLICY,game_event_creature positive eventEntry
139598,32820,Wild Turkey,59,26,EXCLUDED_EVENT,EXCLUDED_EVENT,EXCLUDED,,N/A,EXCLUDED_BY_POLICY,game_event_creature positive eventEntry
139599,32820,Wild Turkey,86,26,EXCLUDED_EVENT,EXCLUDED_EVENT,EXCLUDED,,N/A,EXCLUDED_BY_POLICY,game_event_creature positive eventEntry
139600,32820,Wild Turkey,86,26,EXCLUDED_EVENT,EXCLUDED_EVENT,EXCLUDED,,N/A,EXCLUDED_BY_POLICY,game_event_creature positive eventEntry
139601,32820,Wild Turkey,9,26,EXCLUDED_EVENT,EXCLUDED_EVENT,EXCLUDED,,N/A,EXCLUDED_BY_POLICY,game_event_creature positive eventEntry
139602,32820,Wild Turkey,86,26,EXCLUDED_EVENT,EXCLUDED_EVENT,EXCLUDED,,N/A,EXCLUDED_BY_POLICY,game_event_creature positive eventEntry
139603,32820,Wild Turkey,59,26,EXCLUDED_EVENT,EXCLUDED_EVENT,EXCLUDED,,N/A,EXCLUDED_BY_POLICY,game_event_creature positive eventEntry
139604,32820,Wild Turkey,59,26,EXCLUDED_EVENT,EXCLUDED_EVENT,EXCLUDED,,N/A,EXCLUDED_BY_POLICY,game_event_creature positive eventEntry
139605,32820,Wild Turkey,86,26,EXCLUDED_EVENT,EXCLUDED_EVENT,EXCLUDED,,N/A,EXCLUDED_BY_POLICY,game_event_creature positive eventEntry
139606,32820,Wild Turkey,9,26,EXCLUDED_EVENT,EXCLUDED_EVENT,EXCLUDED,,N/A,EXCLUDED_BY_POLICY,game_event_creature positive eventEntry
139607,32820,Wild Turkey,86,26,EXCLUDED_EVENT,EXCLUDED_EVENT,EXCLUDED,,N/A,EXCLUDED_BY_POLICY,game_event_creature positive eventEntry
139608,32820,Wild Turkey,86,26,EXCLUDED_EVENT,EXCLUDED_EVENT,EXCLUDED,,N/A,EXCLUDED_BY_POLICY,game_event_creature positive eventEntry
139609,32820,Wild Turkey,86,26,EXCLUDED_EVENT,EXCLUDED_EVENT,EXCLUDED,,N/A,EXCLUDED_BY_POLICY,game_event_creature positive eventEntry
139610,32820,Wild Turkey,86,26,EXCLUDED_EVENT,EXCLUDED_EVENT,EXCLUDED,,N/A,EXCLUDED_BY_POLICY,game_event_creature positive eventEntry
139611,32820,Wild Turkey,86,26,EXCLUDED_EVENT,EXCLUDED_EVENT,EXCLUDED,,N/A,EXCLUDED_BY_POLICY,game_event_creature positive eventEntry
139612,32820,Wild Turkey,9,26,EXCLUDED_EVENT,EXCLUDED_EVENT,EXCLUDED,,N/A,EXCLUDED_BY_POLICY,game_event_creature positive eventEntry
139613,32820,Wild Turkey,9,26,EXCLUDED_EVENT,EXCLUDED_EVENT,EXCLUDED,,N/A,EXCLUDED_BY_POLICY,game_event_creature positive eventEntry
139614,32820,Wild Turkey,9,26,EXCLUDED_EVENT,EXCLUDED_EVENT,EXCLUDED,,N/A,EXCLUDED_BY_POLICY,game_event_creature positive eventEntry
139615,32820,Wild Turkey,9,26,EXCLUDED_EVENT,EXCLUDED_EVENT,EXCLUDED,,N/A,EXCLUDED_BY_POLICY,game_event_creature positive eventEntry
139616,32820,Wild Turkey,9,26,EXCLUDED_EVENT,EXCLUDED_EVENT,EXCLUDED,,N/A,EXCLUDED_BY_POLICY,game_event_creature positive eventEntry
139617,32820,Wild Turkey,9,26,EXCLUDED_EVENT,EXCLUDED_EVENT,EXCLUDED,,N/A,EXCLUDED_BY_POLICY,game_event_creature positive eventEntry
139618,32820,Wild Turkey,9,26,EXCLUDED_EVENT,EXCLUDED_EVENT,EXCLUDED,,N/A,EXCLUDED_BY_POLICY,game_event_creature positive eventEntry
139619,32820,Wild Turkey,86,26,EXCLUDED_EVENT,EXCLUDED_EVENT,EXCLUDED,,N/A,EXCLUDED_BY_POLICY,game_event_creature positive eventEntry
139620,32820,Wild Turkey,9,26,EXCLUDED_EVENT,EXCLUDED_EVENT,EXCLUDED,,N/A,EXCLUDED_BY_POLICY,game_event_creature positive eventEntry
139621,32820,Wild Turkey,86,26,EXCLUDED_EVENT,EXCLUDED_EVENT,EXCLUDED,,N/A,EXCLUDED_BY_POLICY,game_event_creature positive eventEntry
139622,32820,Wild Turkey,9,26,EXCLUDED_EVENT,EXCLUDED_EVENT,EXCLUDED,,N/A,EXCLUDED_BY_POLICY,game_event_creature positive eventEntry
139623,32820,Wild Turkey,9,26,EXCLUDED_EVENT,EXCLUDED_EVENT,EXCLUDED,,N/A,EXCLUDED_BY_POLICY,game_event_creature positive eventEntry
139624,32820,Wild Turkey,86,26,EXCLUDED_EVENT,EXCLUDED_EVENT,EXCLUDED,,N/A,EXCLUDED_BY_POLICY,game_event_creature positive eventEntry
139625,32820,Wild Turkey,9,26,EXCLUDED_EVENT,EXCLUDED_EVENT,EXCLUDED,,N/A,EXCLUDED_BY_POLICY,game_event_creature positive eventEntry
139627,32820,Wild Turkey,86,26,EXCLUDED_EVENT,EXCLUDED_EVENT,EXCLUDED,,N/A,EXCLUDED_BY_POLICY,game_event_creature positive eventEntry
139628,32820,Wild Turkey,9,26,EXCLUDED_EVENT,EXCLUDED_EVENT,EXCLUDED,,N/A,EXCLUDED_BY_POLICY,game_event_creature positive eventEntry
139629,32820,Wild Turkey,9,26,EXCLUDED_EVENT,EXCLUDED_EVENT,EXCLUDED,,N/A,EXCLUDED_BY_POLICY,game_event_creature positive eventEntry
139630,32820,Wild Turkey,86,26,EXCLUDED_EVENT,EXCLUDED_EVENT,EXCLUDED,,N/A,EXCLUDED_BY_POLICY,game_event_creature positive eventEntry
139631,32820,Wild Turkey,9,26,EXCLUDED_EVENT,EXCLUDED_EVENT,EXCLUDED,,N/A,EXCLUDED_BY_POLICY,game_event_creature positive eventEntry
139633,32820,Wild Turkey,9,26,EXCLUDED_EVENT,EXCLUDED_EVENT,EXCLUDED,,N/A,EXCLUDED_BY_POLICY,game_event_creature positive eventEntry
139634,32820,Wild Turkey,9,26,EXCLUDED_EVENT,EXCLUDED_EVENT,EXCLUDED,,N/A,EXCLUDED_BY_POLICY,game_event_creature positive eventEntry
139635,32820,Wild Turkey,9,26,EXCLUDED_EVENT,EXCLUDED_EVENT,EXCLUDED,,N/A,EXCLUDED_BY_POLICY,game_event_creature positive eventEntry
139636,32820,Wild Turkey,12,26,EXCLUDED_EVENT,EXCLUDED_EVENT,EXCLUDED,,N/A,EXCLUDED_BY_POLICY,game_event_creature positive eventEntry
139637,32820,Wild Turkey,86,26,EXCLUDED_EVENT,EXCLUDED_EVENT,EXCLUDED,,N/A,EXCLUDED_BY_POLICY,game_event_creature positive eventEntry
139638,32820,Wild Turkey,9,26,EXCLUDED_EVENT,EXCLUDED_EVENT,EXCLUDED,,N/A,EXCLUDED_BY_POLICY,game_event_creature positive eventEntry
139639,32820,Wild Turkey,9,26,EXCLUDED_EVENT,EXCLUDED_EVENT,EXCLUDED,,N/A,EXCLUDED_BY_POLICY,game_event_creature positive eventEntry
139640,32820,Wild Turkey,9,26,EXCLUDED_EVENT,EXCLUDED_EVENT,EXCLUDED,,N/A,EXCLUDED_BY_POLICY,game_event_creature positive eventEntry
139641,32820,Wild Turkey,9,26,EXCLUDED_EVENT,EXCLUDED_EVENT,EXCLUDED,,N/A,EXCLUDED_BY_POLICY,game_event_creature positive eventEntry
139642,32820,Wild Turkey,9,26,EXCLUDED_EVENT,EXCLUDED_EVENT,EXCLUDED,,N/A,EXCLUDED_BY_POLICY,game_event_creature positive eventEntry
139643,32820,Wild Turkey,86,26,EXCLUDED_EVENT,EXCLUDED_EVENT,EXCLUDED,,N/A,EXCLUDED_BY_POLICY,game_event_creature positive eventEntry
139644,32820,Wild Turkey,9,26,EXCLUDED_EVENT,EXCLUDED_EVENT,EXCLUDED,,N/A,EXCLUDED_BY_POLICY,game_event_creature positive eventEntry
139645,32820,Wild Turkey,24,26,EXCLUDED_EVENT,EXCLUDED_EVENT,EXCLUDED,,N/A,EXCLUDED_BY_POLICY,game_event_creature positive eventEntry
139646,32820,Wild Turkey,9,26,EXCLUDED_EVENT,EXCLUDED_EVENT,EXCLUDED,,N/A,EXCLUDED_BY_POLICY,game_event_creature positive eventEntry
139647,32820,Wild Turkey,9,26,EXCLUDED_EVENT,EXCLUDED_EVENT,EXCLUDED,,N/A,EXCLUDED_BY_POLICY,game_event_creature positive eventEntry
139648,32820,Wild Turkey,24,26,EXCLUDED_EVENT,EXCLUDED_EVENT,EXCLUDED,,N/A,EXCLUDED_BY_POLICY,game_event_creature positive eventEntry
139649,32820,Wild Turkey,86,26,EXCLUDED_EVENT,EXCLUDED_EVENT,EXCLUDED,,N/A,EXCLUDED_BY_POLICY,game_event_creature positive eventEntry
139650,32820,Wild Turkey,9,26,EXCLUDED_EVENT,EXCLUDED_EVENT,EXCLUDED,,N/A,EXCLUDED_BY_POLICY,game_event_creature positive eventEntry
139651,32820,Wild Turkey,9,26,EXCLUDED_EVENT,EXCLUDED_EVENT,EXCLUDED,,N/A,EXCLUDED_BY_POLICY,game_event_creature positive eventEntry
139652,32820,Wild Turkey,9,26,EXCLUDED_EVENT,EXCLUDED_EVENT,EXCLUDED,,N/A,EXCLUDED_BY_POLICY,game_event_creature positive eventEntry
139653,32820,Wild Turkey,9,26,EXCLUDED_EVENT,EXCLUDED_EVENT,EXCLUDED,,N/A,EXCLUDED_BY_POLICY,game_event_creature positive eventEntry
139654,32820,Wild Turkey,86,26,EXCLUDED_EVENT,EXCLUDED_EVENT,EXCLUDED,,N/A,EXCLUDED_BY_POLICY,game_event_creature positive eventEntry
139656,32820,Wild Turkey,9,26,EXCLUDED_EVENT,EXCLUDED_EVENT,EXCLUDED,,N/A,EXCLUDED_BY_POLICY,game_event_creature positive eventEntry
139657,32820,Wild Turkey,24,26,EXCLUDED_EVENT,EXCLUDED_EVENT,EXCLUDED,,N/A,EXCLUDED_BY_POLICY,game_event_creature positive eventEntry
139658,32820,Wild Turkey,24,26,EXCLUDED_EVENT,EXCLUDED_EVENT,EXCLUDED,,N/A,EXCLUDED_BY_POLICY,game_event_creature positive eventEntry
139659,32820,Wild Turkey,9,26,EXCLUDED_EVENT,EXCLUDED_EVENT,EXCLUDED,,N/A,EXCLUDED_BY_POLICY,game_event_creature positive eventEntry
139660,32820,Wild Turkey,9,26,EXCLUDED_EVENT,EXCLUDED_EVENT,EXCLUDED,,N/A,EXCLUDED_BY_POLICY,game_event_creature positive eventEntry
139661,32820,Wild Turkey,9,26,EXCLUDED_EVENT,EXCLUDED_EVENT,EXCLUDED,,N/A,EXCLUDED_BY_POLICY,game_event_creature positive eventEntry
139662,32820,Wild Turkey,9,26,EXCLUDED_EVENT,EXCLUDED_EVENT,EXCLUDED,,N/A,EXCLUDED_BY_POLICY,game_event_creature positive eventEntry
139663,32820,Wild Turkey,9,26,EXCLUDED_EVENT,EXCLUDED_EVENT,EXCLUDED,,N/A,EXCLUDED_BY_POLICY,game_event_creature positive eventEntry
139664,32820,Wild Turkey,9,26,EXCLUDED_EVENT,EXCLUDED_EVENT,EXCLUDED,,N/A,EXCLUDED_BY_POLICY,game_event_creature positive eventEntry
139665,32820,Wild Turkey,86,26,EXCLUDED_EVENT,EXCLUDED_EVENT,EXCLUDED,,N/A,EXCLUDED_BY_POLICY,game_event_creature positive eventEntry
139667,32820,Wild Turkey,86,26,EXCLUDED_EVENT,EXCLUDED_EVENT,EXCLUDED,,N/A,EXCLUDED_BY_POLICY,game_event_creature positive eventEntry
139668,32820,Wild Turkey,9,26,EXCLUDED_EVENT,EXCLUDED_EVENT,EXCLUDED,,N/A,EXCLUDED_BY_POLICY,game_event_creature positive eventEntry
139669,32820,Wild Turkey,86,26,EXCLUDED_EVENT,EXCLUDED_EVENT,EXCLUDED,,N/A,EXCLUDED_BY_POLICY,game_event_creature positive eventEntry
139671,32820,Wild Turkey,86,26,EXCLUDED_EVENT,EXCLUDED_EVENT,EXCLUDED,,N/A,EXCLUDED_BY_POLICY,game_event_creature positive eventEntry
139672,32820,Wild Turkey,9,26,EXCLUDED_EVENT,EXCLUDED_EVENT,EXCLUDED,,N/A,EXCLUDED_BY_POLICY,game_event_creature positive eventEntry
139674,32820,Wild Turkey,86,26,EXCLUDED_EVENT,EXCLUDED_EVENT,EXCLUDED,,N/A,EXCLUDED_BY_POLICY,game_event_creature positive eventEntry
139676,32820,Wild Turkey,86,26,EXCLUDED_EVENT,EXCLUDED_EVENT,EXCLUDED,,N/A,EXCLUDED_BY_POLICY,game_event_creature positive eventEntry
139677,32820,Wild Turkey,9,26,EXCLUDED_EVENT,EXCLUDED_EVENT,EXCLUDED,,N/A,EXCLUDED_BY_POLICY,game_event_creature positive eventEntry
139679,32820,Wild Turkey,9,26,EXCLUDED_EVENT,EXCLUDED_EVENT,EXCLUDED,,N/A,EXCLUDED_BY_POLICY,game_event_creature positive eventEntry
139680,32820,Wild Turkey,9,26,EXCLUDED_EVENT,EXCLUDED_EVENT,EXCLUDED,,N/A,EXCLUDED_BY_POLICY,game_event_creature positive eventEntry
139681,32820,Wild Turkey,9,26,EXCLUDED_EVENT,EXCLUDED_EVENT,EXCLUDED,,N/A,EXCLUDED_BY_POLICY,game_event_creature positive eventEntry
139682,32820,Wild Turkey,86,26,EXCLUDED_EVENT,EXCLUDED_EVENT,EXCLUDED,,N/A,EXCLUDED_BY_POLICY,game_event_creature positive eventEntry
139683,32820,Wild Turkey,86,26,EXCLUDED_EVENT,EXCLUDED_EVENT,EXCLUDED,,N/A,EXCLUDED_BY_POLICY,game_event_creature positive eventEntry
139684,32820,Wild Turkey,86,26,EXCLUDED_EVENT,EXCLUDED_EVENT,EXCLUDED,,N/A,EXCLUDED_BY_POLICY,game_event_creature positive eventEntry
139685,32820,Wild Turkey,24,26,EXCLUDED_EVENT,EXCLUDED_EVENT,EXCLUDED,,N/A,EXCLUDED_BY_POLICY,game_event_creature positive eventEntry
139686,32820,Wild Turkey,9,26,EXCLUDED_EVENT,EXCLUDED_EVENT,EXCLUDED,,N/A,EXCLUDED_BY_POLICY,game_event_creature positive eventEntry
139687,32820,Wild Turkey,86,26,EXCLUDED_EVENT,EXCLUDED_EVENT,EXCLUDED,,N/A,EXCLUDED_BY_POLICY,game_event_creature positive eventEntry
139688,32820,Wild Turkey,9,26,EXCLUDED_EVENT,EXCLUDED_EVENT,EXCLUDED,,N/A,EXCLUDED_BY_POLICY,game_event_creature positive eventEntry
139689,32820,Wild Turkey,9,26,EXCLUDED_EVENT,EXCLUDED_EVENT,EXCLUDED,,N/A,EXCLUDED_BY_POLICY,game_event_creature positive eventEntry
139690,32820,Wild Turkey,9,26,EXCLUDED_EVENT,EXCLUDED_EVENT,EXCLUDED,,N/A,EXCLUDED_BY_POLICY,game_event_creature positive eventEntry
139691,32820,Wild Turkey,9,26,EXCLUDED_EVENT,EXCLUDED_EVENT,EXCLUDED,,N/A,EXCLUDED_BY_POLICY,game_event_creature positive eventEntry
139693,32820,Wild Turkey,86,26,EXCLUDED_EVENT,EXCLUDED_EVENT,EXCLUDED,,N/A,EXCLUDED_BY_POLICY,game_event_creature positive eventEntry
139695,32820,Wild Turkey,9,26,EXCLUDED_EVENT,EXCLUDED_EVENT,EXCLUDED,,N/A,EXCLUDED_BY_POLICY,game_event_creature positive eventEntry
139696,32820,Wild Turkey,86,26,EXCLUDED_EVENT,EXCLUDED_EVENT,EXCLUDED,,N/A,EXCLUDED_BY_POLICY,game_event_creature positive eventEntry
139697,32820,Wild Turkey,86,26,EXCLUDED_EVENT,EXCLUDED_EVENT,EXCLUDED,,N/A,EXCLUDED_BY_POLICY,game_event_creature positive eventEntry
139698,32820,Wild Turkey,86,26,EXCLUDED_EVENT,EXCLUDED_EVENT,EXCLUDED,,N/A,EXCLUDED_BY_POLICY,game_event_creature positive eventEntry
139699,32820,Wild Turkey,24,26,EXCLUDED_EVENT,EXCLUDED_EVENT,EXCLUDED,,N/A,EXCLUDED_BY_POLICY,game_event_creature positive eventEntry
139701,32820,Wild Turkey,86,26,EXCLUDED_EVENT,EXCLUDED_EVENT,EXCLUDED,,N/A,EXCLUDED_BY_POLICY,game_event_creature positive eventEntry
139702,32820,Wild Turkey,86,26,EXCLUDED_EVENT,EXCLUDED_EVENT,EXCLUDED,,N/A,EXCLUDED_BY_POLICY,game_event_creature positive eventEntry
139703,32820,Wild Turkey,86,26,EXCLUDED_EVENT,EXCLUDED_EVENT,EXCLUDED,,N/A,EXCLUDED_BY_POLICY,game_event_creature positive eventEntry
139704,32820,Wild Turkey,9,26,EXCLUDED_EVENT,EXCLUDED_EVENT,EXCLUDED,,N/A,EXCLUDED_BY_POLICY,game_event_creature positive eventEntry
139705,32820,Wild Turkey,24,26,EXCLUDED_EVENT,EXCLUDED_EVENT,EXCLUDED,,N/A,EXCLUDED_BY_POLICY,game_event_creature positive eventEntry
139706,32820,Wild Turkey,9,26,EXCLUDED_EVENT,EXCLUDED_EVENT,EXCLUDED,,N/A,EXCLUDED_BY_POLICY,game_event_creature positive eventEntry
139707,32820,Wild Turkey,86,26,EXCLUDED_EVENT,EXCLUDED_EVENT,EXCLUDED,,N/A,EXCLUDED_BY_POLICY,game_event_creature positive eventEntry
139708,32820,Wild Turkey,86,26,EXCLUDED_EVENT,EXCLUDED_EVENT,EXCLUDED,,N/A,EXCLUDED_BY_POLICY,game_event_creature positive eventEntry
139709,32820,Wild Turkey,9,26,EXCLUDED_EVENT,EXCLUDED_EVENT,EXCLUDED,,N/A,EXCLUDED_BY_POLICY,game_event_creature positive eventEntry
139710,32820,Wild Turkey,86,26,EXCLUDED_EVENT,EXCLUDED_EVENT,EXCLUDED,,N/A,EXCLUDED_BY_POLICY,game_event_creature positive eventEntry
139711,32820,Wild Turkey,86,26,EXCLUDED_EVENT,EXCLUDED_EVENT,EXCLUDED,,N/A,EXCLUDED_BY_POLICY,game_event_creature positive eventEntry
139712,32820,Wild Turkey,86,26,EXCLUDED_EVENT,EXCLUDED_EVENT,EXCLUDED,,N/A,EXCLUDED_BY_POLICY,game_event_creature positive eventEntry
139713,32820,Wild Turkey,86,26,EXCLUDED_EVENT,EXCLUDED_EVENT,EXCLUDED,,N/A,EXCLUDED_BY_POLICY,game_event_creature positive eventEntry
139714,32820,Wild Turkey,9,26,EXCLUDED_EVENT,EXCLUDED_EVENT,EXCLUDED,,N/A,EXCLUDED_BY_POLICY,game_event_creature positive eventEntry
139716,32820,Wild Turkey,86,26,EXCLUDED_EVENT,EXCLUDED_EVENT,EXCLUDED,,N/A,EXCLUDED_BY_POLICY,game_event_creature positive eventEntry
139718,32820,Wild Turkey,86,26,EXCLUDED_EVENT,EXCLUDED_EVENT,EXCLUDED,,N/A,EXCLUDED_BY_POLICY,game_event_creature positive eventEntry
139721,32820,Wild Turkey,9,26,EXCLUDED_EVENT,EXCLUDED_EVENT,EXCLUDED,,N/A,EXCLUDED_BY_POLICY,game_event_creature positive eventEntry
139722,32820,Wild Turkey,86,26,EXCLUDED_EVENT,EXCLUDED_EVENT,EXCLUDED,,N/A,EXCLUDED_BY_POLICY,game_event_creature positive eventEntry
139723,32820,Wild Turkey,9,26,EXCLUDED_EVENT,EXCLUDED_EVENT,EXCLUDED,,N/A,EXCLUDED_BY_POLICY,game_event_creature positive eventEntry
139724,32820,Wild Turkey,12,26,EXCLUDED_EVENT,EXCLUDED_EVENT,EXCLUDED,,N/A,EXCLUDED_BY_POLICY,game_event_creature positive eventEntry
139727,32820,Wild Turkey,9,26,EXCLUDED_EVENT,EXCLUDED_EVENT,EXCLUDED,,N/A,EXCLUDED_BY_POLICY,game_event_creature positive eventEntry
139728,32820,Wild Turkey,86,26,EXCLUDED_EVENT,EXCLUDED_EVENT,EXCLUDED,,N/A,EXCLUDED_BY_POLICY,game_event_creature positive eventEntry
139729,32820,Wild Turkey,9,26,EXCLUDED_EVENT,EXCLUDED_EVENT,EXCLUDED,,N/A,EXCLUDED_BY_POLICY,game_event_creature positive eventEntry
139730,32820,Wild Turkey,9,26,EXCLUDED_EVENT,EXCLUDED_EVENT,EXCLUDED,,N/A,EXCLUDED_BY_POLICY,game_event_creature positive eventEntry
139731,32820,Wild Turkey,9,26,EXCLUDED_EVENT,EXCLUDED_EVENT,EXCLUDED,,N/A,EXCLUDED_BY_POLICY,game_event_creature positive eventEntry
139732,32820,Wild Turkey,9,26,EXCLUDED_EVENT,EXCLUDED_EVENT,EXCLUDED,,N/A,EXCLUDED_BY_POLICY,game_event_creature positive eventEntry
139734,32820,Wild Turkey,9,26,EXCLUDED_EVENT,EXCLUDED_EVENT,EXCLUDED,,N/A,EXCLUDED_BY_POLICY,game_event_creature positive eventEntry
139736,32820,Wild Turkey,86,26,EXCLUDED_EVENT,EXCLUDED_EVENT,EXCLUDED,,N/A,EXCLUDED_BY_POLICY,game_event_creature positive eventEntry
139738,32820,Wild Turkey,9,26,EXCLUDED_EVENT,EXCLUDED_EVENT,EXCLUDED,,N/A,EXCLUDED_BY_POLICY,game_event_creature positive eventEntry
139739,32820,Wild Turkey,9,26,EXCLUDED_EVENT,EXCLUDED_EVENT,EXCLUDED,,N/A,EXCLUDED_BY_POLICY,game_event_creature positive eventEntry
139740,32820,Wild Turkey,9,26,EXCLUDED_EVENT,EXCLUDED_EVENT,EXCLUDED,,N/A,EXCLUDED_BY_POLICY,game_event_creature positive eventEntry
139741,32820,Wild Turkey,9,26,EXCLUDED_EVENT,EXCLUDED_EVENT,EXCLUDED,,N/A,EXCLUDED_BY_POLICY,game_event_creature positive eventEntry
139742,32820,Wild Turkey,9,26,EXCLUDED_EVENT,EXCLUDED_EVENT,EXCLUDED,,N/A,EXCLUDED_BY_POLICY,game_event_creature positive eventEntry
139743,32820,Wild Turkey,9,26,EXCLUDED_EVENT,EXCLUDED_EVENT,EXCLUDED,,N/A,EXCLUDED_BY_POLICY,game_event_creature positive eventEntry
139744,32820,Wild Turkey,9,26,EXCLUDED_EVENT,EXCLUDED_EVENT,EXCLUDED,,N/A,EXCLUDED_BY_POLICY,game_event_creature positive eventEntry
139745,32820,Wild Turkey,86,26,EXCLUDED_EVENT,EXCLUDED_EVENT,EXCLUDED,,N/A,EXCLUDED_BY_POLICY,game_event_creature positive eventEntry
139746,32820,Wild Turkey,9,26,EXCLUDED_EVENT,EXCLUDED_EVENT,EXCLUDED,,N/A,EXCLUDED_BY_POLICY,game_event_creature positive eventEntry
139747,32820,Wild Turkey,9,26,EXCLUDED_EVENT,EXCLUDED_EVENT,EXCLUDED,,N/A,EXCLUDED_BY_POLICY,game_event_creature positive eventEntry
139748,32820,Wild Turkey,9,26,EXCLUDED_EVENT,EXCLUDED_EVENT,EXCLUDED,,N/A,EXCLUDED_BY_POLICY,game_event_creature positive eventEntry
139749,32820,Wild Turkey,9,26,EXCLUDED_EVENT,EXCLUDED_EVENT,EXCLUDED,,N/A,EXCLUDED_BY_POLICY,game_event_creature positive eventEntry
139750,32820,Wild Turkey,9,26,EXCLUDED_EVENT,EXCLUDED_EVENT,EXCLUDED,,N/A,EXCLUDED_BY_POLICY,game_event_creature positive eventEntry
139751,32820,Wild Turkey,9,26,EXCLUDED_EVENT,EXCLUDED_EVENT,EXCLUDED,,N/A,EXCLUDED_BY_POLICY,game_event_creature positive eventEntry
139752,32820,Wild Turkey,9,26,EXCLUDED_EVENT,EXCLUDED_EVENT,EXCLUDED,,N/A,EXCLUDED_BY_POLICY,game_event_creature positive eventEntry
139753,32820,Wild Turkey,9,26,EXCLUDED_EVENT,EXCLUDED_EVENT,EXCLUDED,,N/A,EXCLUDED_BY_POLICY,game_event_creature positive eventEntry
139754,32820,Wild Turkey,9,26,EXCLUDED_EVENT,EXCLUDED_EVENT,EXCLUDED,,N/A,EXCLUDED_BY_POLICY,game_event_creature positive eventEntry
139755,32820,Wild Turkey,9,26,EXCLUDED_EVENT,EXCLUDED_EVENT,EXCLUDED,,N/A,EXCLUDED_BY_POLICY,game_event_creature positive eventEntry
139756,32820,Wild Turkey,9,26,EXCLUDED_EVENT,EXCLUDED_EVENT,EXCLUDED,,N/A,EXCLUDED_BY_POLICY,game_event_creature positive eventEntry
139757,32820,Wild Turkey,9,26,EXCLUDED_EVENT,EXCLUDED_EVENT,EXCLUDED,,N/A,EXCLUDED_BY_POLICY,game_event_creature positive eventEntry
139758,32820,Wild Turkey,9,26,EXCLUDED_EVENT,EXCLUDED_EVENT,EXCLUDED,,N/A,EXCLUDED_BY_POLICY,game_event_creature positive eventEntry
139759,32820,Wild Turkey,9,26,EXCLUDED_EVENT,EXCLUDED_EVENT,EXCLUDED,,N/A,EXCLUDED_BY_POLICY,game_event_creature positive eventEntry
139760,32820,Wild Turkey,9,26,EXCLUDED_EVENT,EXCLUDED_EVENT,EXCLUDED,,N/A,EXCLUDED_BY_POLICY,game_event_creature positive eventEntry
139761,32820,Wild Turkey,9,26,EXCLUDED_EVENT,EXCLUDED_EVENT,EXCLUDED,,N/A,EXCLUDED_BY_POLICY,game_event_creature positive eventEntry
139762,32820,Wild Turkey,9,26,EXCLUDED_EVENT,EXCLUDED_EVENT,EXCLUDED,,N/A,EXCLUDED_BY_POLICY,game_event_creature positive eventEntry
139764,32820,Wild Turkey,9,26,EXCLUDED_EVENT,EXCLUDED_EVENT,EXCLUDED,,N/A,EXCLUDED_BY_POLICY,game_event_creature positive eventEntry
139765,32820,Wild Turkey,9,26,EXCLUDED_EVENT,EXCLUDED_EVENT,EXCLUDED,,N/A,EXCLUDED_BY_POLICY,game_event_creature positive eventEntry
139766,32820,Wild Turkey,9,26,EXCLUDED_EVENT,EXCLUDED_EVENT,EXCLUDED,,N/A,EXCLUDED_BY_POLICY,game_event_creature positive eventEntry
139767,32820,Wild Turkey,9,26,EXCLUDED_EVENT,EXCLUDED_EVENT,EXCLUDED,,N/A,EXCLUDED_BY_POLICY,game_event_creature positive eventEntry
139768,32820,Wild Turkey,9,26,EXCLUDED_EVENT,EXCLUDED_EVENT,EXCLUDED,,N/A,EXCLUDED_BY_POLICY,game_event_creature positive eventEntry
139769,32820,Wild Turkey,9,26,EXCLUDED_EVENT,EXCLUDED_EVENT,EXCLUDED,,N/A,EXCLUDED_BY_POLICY,game_event_creature positive eventEntry
139770,32820,Wild Turkey,9,26,EXCLUDED_EVENT,EXCLUDED_EVENT,EXCLUDED,,N/A,EXCLUDED_BY_POLICY,game_event_creature positive eventEntry
139771,32820,Wild Turkey,9,26,EXCLUDED_EVENT,EXCLUDED_EVENT,EXCLUDED,,N/A,EXCLUDED_BY_POLICY,game_event_creature positive eventEntry
139772,32820,Wild Turkey,9,26,EXCLUDED_EVENT,EXCLUDED_EVENT,EXCLUDED,,N/A,EXCLUDED_BY_POLICY,game_event_creature positive eventEntry
139773,32820,Wild Turkey,9,26,EXCLUDED_EVENT,EXCLUDED_EVENT,EXCLUDED,,N/A,EXCLUDED_BY_POLICY,game_event_creature positive eventEntry
139774,32820,Wild Turkey,9,26,EXCLUDED_EVENT,EXCLUDED_EVENT,EXCLUDED,,N/A,EXCLUDED_BY_POLICY,game_event_creature positive eventEntry
139775,32820,Wild Turkey,9,26,EXCLUDED_EVENT,EXCLUDED_EVENT,EXCLUDED,,N/A,EXCLUDED_BY_POLICY,game_event_creature positive eventEntry
139776,32820,Wild Turkey,9,26,EXCLUDED_EVENT,EXCLUDED_EVENT,EXCLUDED,,N/A,EXCLUDED_BY_POLICY,game_event_creature positive eventEntry
139777,32820,Wild Turkey,9,26,EXCLUDED_EVENT,EXCLUDED_EVENT,EXCLUDED,,N/A,EXCLUDED_BY_POLICY,game_event_creature positive eventEntry
139779,32820,Wild Turkey,34,26,EXCLUDED_EVENT,EXCLUDED_EVENT,EXCLUDED,,N/A,EXCLUDED_BY_POLICY,game_event_creature positive eventEntry
139780,32820,Wild Turkey,34,26,EXCLUDED_EVENT,EXCLUDED_EVENT,EXCLUDED,,N/A,EXCLUDED_BY_POLICY,game_event_creature positive eventEntry
139781,32820,Wild Turkey,34,26,EXCLUDED_EVENT,EXCLUDED_EVENT,EXCLUDED,,N/A,EXCLUDED_BY_POLICY,game_event_creature positive eventEntry
139782,32820,Wild Turkey,34,26,EXCLUDED_EVENT,EXCLUDED_EVENT,EXCLUDED,,N/A,EXCLUDED_BY_POLICY,game_event_creature positive eventEntry
139785,32820,Wild Turkey,34,26,EXCLUDED_EVENT,EXCLUDED_EVENT,EXCLUDED,,N/A,EXCLUDED_BY_POLICY,game_event_creature positive eventEntry
139786,32820,Wild Turkey,34,26,EXCLUDED_EVENT,EXCLUDED_EVENT,EXCLUDED,,N/A,EXCLUDED_BY_POLICY,game_event_creature positive eventEntry
139787,32820,Wild Turkey,34,26,EXCLUDED_EVENT,EXCLUDED_EVENT,EXCLUDED,,N/A,EXCLUDED_BY_POLICY,game_event_creature positive eventEntry
139788,32820,Wild Turkey,34,26,EXCLUDED_EVENT,EXCLUDED_EVENT,EXCLUDED,,N/A,EXCLUDED_BY_POLICY,game_event_creature positive eventEntry
139789,32820,Wild Turkey,34,26,EXCLUDED_EVENT,EXCLUDED_EVENT,EXCLUDED,,N/A,EXCLUDED_BY_POLICY,game_event_creature positive eventEntry
139791,32820,Wild Turkey,34,26,EXCLUDED_EVENT,EXCLUDED_EVENT,EXCLUDED,,N/A,EXCLUDED_BY_POLICY,game_event_creature positive eventEntry
139792,32820,Wild Turkey,34,26,EXCLUDED_EVENT,EXCLUDED_EVENT,EXCLUDED,,N/A,EXCLUDED_BY_POLICY,game_event_creature positive eventEntry
139794,32820,Wild Turkey,34,26,EXCLUDED_EVENT,EXCLUDED_EVENT,EXCLUDED,,N/A,EXCLUDED_BY_POLICY,game_event_creature positive eventEntry
139797,32820,Wild Turkey,34,26,EXCLUDED_EVENT,EXCLUDED_EVENT,EXCLUDED,,N/A,EXCLUDED_BY_POLICY,game_event_creature positive eventEntry
139798,32820,Wild Turkey,34,26,EXCLUDED_EVENT,EXCLUDED_EVENT,EXCLUDED,,N/A,EXCLUDED_BY_POLICY,game_event_creature positive eventEntry
139800,32820,Wild Turkey,34,26,EXCLUDED_EVENT,EXCLUDED_EVENT,EXCLUDED,,N/A,EXCLUDED_BY_POLICY,game_event_creature positive eventEntry
139801,32820,Wild Turkey,34,26,EXCLUDED_EVENT,EXCLUDED_EVENT,EXCLUDED,,N/A,EXCLUDED_BY_POLICY,game_event_creature positive eventEntry
139802,32820,Wild Turkey,34,26,EXCLUDED_EVENT,EXCLUDED_EVENT,EXCLUDED,,N/A,EXCLUDED_BY_POLICY,game_event_creature positive eventEntry
139805,32820,Wild Turkey,34,26,EXCLUDED_EVENT,EXCLUDED_EVENT,EXCLUDED,,N/A,EXCLUDED_BY_POLICY,game_event_creature positive eventEntry
139807,32820,Wild Turkey,34,26,EXCLUDED_EVENT,EXCLUDED_EVENT,EXCLUDED,,N/A,EXCLUDED_BY_POLICY,game_event_creature positive eventEntry
139808,32820,Wild Turkey,34,26,EXCLUDED_EVENT,EXCLUDED_EVENT,EXCLUDED,,N/A,EXCLUDED_BY_POLICY,game_event_creature positive eventEntry
139809,32820,Wild Turkey,34,26,EXCLUDED_EVENT,EXCLUDED_EVENT,EXCLUDED,,N/A,EXCLUDED_BY_POLICY,game_event_creature positive eventEntry
139810,32820,Wild Turkey,34,26,EXCLUDED_EVENT,EXCLUDED_EVENT,EXCLUDED,,N/A,EXCLUDED_BY_POLICY,game_event_creature positive eventEntry
139811,32820,Wild Turkey,34,26,EXCLUDED_EVENT,EXCLUDED_EVENT,EXCLUDED,,N/A,EXCLUDED_BY_POLICY,game_event_creature positive eventEntry
139812,32820,Wild Turkey,34,26,EXCLUDED_EVENT,EXCLUDED_EVENT,EXCLUDED,,N/A,EXCLUDED_BY_POLICY,game_event_creature positive eventEntry
139814,32820,Wild Turkey,9,26,EXCLUDED_EVENT,EXCLUDED_EVENT,EXCLUDED,,N/A,EXCLUDED_BY_POLICY,game_event_creature positive eventEntry
139815,32820,Wild Turkey,9,26,EXCLUDED_EVENT,EXCLUDED_EVENT,EXCLUDED,,N/A,EXCLUDED_BY_POLICY,game_event_creature positive eventEntry
139818,32820,Wild Turkey,12,26,EXCLUDED_EVENT,EXCLUDED_EVENT,EXCLUDED,,N/A,EXCLUDED_BY_POLICY,game_event_creature positive eventEntry
139819,32820,Wild Turkey,12,26,EXCLUDED_EVENT,EXCLUDED_EVENT,EXCLUDED,,N/A,EXCLUDED_BY_POLICY,game_event_creature positive eventEntry
139820,32820,Wild Turkey,12,26,EXCLUDED_EVENT,EXCLUDED_EVENT,EXCLUDED,,N/A,EXCLUDED_BY_POLICY,game_event_creature positive eventEntry
139821,32820,Wild Turkey,12,26,EXCLUDED_EVENT,EXCLUDED_EVENT,EXCLUDED,,N/A,EXCLUDED_BY_POLICY,game_event_creature positive eventEntry
139822,32820,Wild Turkey,12,26,EXCLUDED_EVENT,EXCLUDED_EVENT,EXCLUDED,,N/A,EXCLUDED_BY_POLICY,game_event_creature positive eventEntry
139893,32820,Wild Turkey,9,26,EXCLUDED_EVENT,EXCLUDED_EVENT,EXCLUDED,,N/A,EXCLUDED_BY_POLICY,game_event_creature positive eventEntry
139894,32820,Wild Turkey,9,26,EXCLUDED_EVENT,EXCLUDED_EVENT,EXCLUDED,,N/A,EXCLUDED_BY_POLICY,game_event_creature positive eventEntry
140120,32820,Wild Turkey,9,26,EXCLUDED_EVENT,EXCLUDED_EVENT,EXCLUDED,,N/A,EXCLUDED_BY_POLICY,game_event_creature positive eventEntry
141137,32820,Wild Turkey,12,26,EXCLUDED_EVENT,EXCLUDED_EVENT,EXCLUDED,,N/A,EXCLUDED_BY_POLICY,game_event_creature positive eventEntry
141553,32820,Wild Turkey,60,26,EXCLUDED_EVENT,EXCLUDED_EVENT,EXCLUDED,,N/A,EXCLUDED_BY_POLICY,game_event_creature positive eventEntry
141554,32820,Wild Turkey,12,26,EXCLUDED_EVENT,EXCLUDED_EVENT,EXCLUDED,,N/A,EXCLUDED_BY_POLICY,game_event_creature positive eventEntry
141555,32820,Wild Turkey,797,26,EXCLUDED_EVENT,EXCLUDED_EVENT,EXCLUDED,,N/A,EXCLUDED_BY_POLICY,game_event_creature positive eventEntry
141556,32820,Wild Turkey,12,26,EXCLUDED_EVENT,EXCLUDED_EVENT,EXCLUDED,,N/A,EXCLUDED_BY_POLICY,game_event_creature positive eventEntry
141557,32820,Wild Turkey,89,26,EXCLUDED_EVENT,EXCLUDED_EVENT,EXCLUDED,,N/A,EXCLUDED_BY_POLICY,game_event_creature positive eventEntry
141558,32820,Wild Turkey,61,26,EXCLUDED_EVENT,EXCLUDED_EVENT,EXCLUDED,,N/A,EXCLUDED_BY_POLICY,game_event_creature positive eventEntry
141567,32820,Wild Turkey,9,26,EXCLUDED_EVENT,EXCLUDED_EVENT,EXCLUDED,,N/A,EXCLUDED_BY_POLICY,game_event_creature positive eventEntry
141602,32820,Wild Turkey,12,26,EXCLUDED_EVENT,EXCLUDED_EVENT,EXCLUDED,,N/A,EXCLUDED_BY_POLICY,game_event_creature positive eventEntry
141623,32820,Wild Turkey,92,26,EXCLUDED_EVENT,EXCLUDED_EVENT,EXCLUDED,,N/A,EXCLUDED_BY_POLICY,game_event_creature positive eventEntry
141628,32820,Wild Turkey,88,26,EXCLUDED_EVENT,EXCLUDED_EVENT,EXCLUDED,,N/A,EXCLUDED_BY_POLICY,game_event_creature positive eventEntry
141634,32820,Wild Turkey,87,26,EXCLUDED_EVENT,EXCLUDED_EVENT,EXCLUDED,,N/A,EXCLUDED_BY_POLICY,game_event_creature positive eventEntry
141635,32820,Wild Turkey,12,26,EXCLUDED_EVENT,EXCLUDED_EVENT,EXCLUDED,,N/A,EXCLUDED_BY_POLICY,game_event_creature positive eventEntry
141636,32820,Wild Turkey,12,26,EXCLUDED_EVENT,EXCLUDED_EVENT,EXCLUDED,,N/A,EXCLUDED_BY_POLICY,game_event_creature positive eventEntry
141645,32820,Wild Turkey,797,26,EXCLUDED_EVENT,EXCLUDED_EVENT,EXCLUDED,,N/A,EXCLUDED_BY_POLICY,game_event_creature positive eventEntry
141646,32820,Wild Turkey,87,26,EXCLUDED_EVENT,EXCLUDED_EVENT,EXCLUDED,,N/A,EXCLUDED_BY_POLICY,game_event_creature positive eventEntry
141647,32820,Wild Turkey,88,26,EXCLUDED_EVENT,EXCLUDED_EVENT,EXCLUDED,,N/A,EXCLUDED_BY_POLICY,game_event_creature positive eventEntry
141648,32820,Wild Turkey,88,26,EXCLUDED_EVENT,EXCLUDED_EVENT,EXCLUDED,,N/A,EXCLUDED_BY_POLICY,game_event_creature positive eventEntry
141649,32820,Wild Turkey,88,26,EXCLUDED_EVENT,EXCLUDED_EVENT,EXCLUDED,,N/A,EXCLUDED_BY_POLICY,game_event_creature positive eventEntry
141661,32820,Wild Turkey,60,26,EXCLUDED_EVENT,EXCLUDED_EVENT,EXCLUDED,,N/A,EXCLUDED_BY_POLICY,game_event_creature positive eventEntry
141662,32820,Wild Turkey,120,26,EXCLUDED_EVENT,EXCLUDED_EVENT,EXCLUDED,,N/A,EXCLUDED_BY_POLICY,game_event_creature positive eventEntry
141663,32820,Wild Turkey,120,26,EXCLUDED_EVENT,EXCLUDED_EVENT,EXCLUDED,,N/A,EXCLUDED_BY_POLICY,game_event_creature positive eventEntry
141686,32820,Wild Turkey,87,26,EXCLUDED_EVENT,EXCLUDED_EVENT,EXCLUDED,,N/A,EXCLUDED_BY_POLICY,game_event_creature positive eventEntry
141707,32820,Wild Turkey,12,26,EXCLUDED_EVENT,EXCLUDED_EVENT,EXCLUDED,,N/A,EXCLUDED_BY_POLICY,game_event_creature positive eventEntry
141708,32820,Wild Turkey,12,26,EXCLUDED_EVENT,EXCLUDED_EVENT,EXCLUDED,,N/A,EXCLUDED_BY_POLICY,game_event_creature positive eventEntry
141709,32820,Wild Turkey,797,26,EXCLUDED_EVENT,EXCLUDED_EVENT,EXCLUDED,,N/A,EXCLUDED_BY_POLICY,game_event_creature positive eventEntry
141710,32820,Wild Turkey,797,26,EXCLUDED_EVENT,EXCLUDED_EVENT,EXCLUDED,,N/A,EXCLUDED_BY_POLICY,game_event_creature positive eventEntry
141722,32820,Wild Turkey,797,26,EXCLUDED_EVENT,EXCLUDED_EVENT,EXCLUDED,,N/A,EXCLUDED_BY_POLICY,game_event_creature positive eventEntry
141723,32820,Wild Turkey,12,26,EXCLUDED_EVENT,EXCLUDED_EVENT,EXCLUDED,,N/A,EXCLUDED_BY_POLICY,game_event_creature positive eventEntry
141797,32820,Wild Turkey,88,26,EXCLUDED_EVENT,EXCLUDED_EVENT,EXCLUDED,,N/A,EXCLUDED_BY_POLICY,game_event_creature positive eventEntry
141806,32820,Wild Turkey,87,26,EXCLUDED_EVENT,EXCLUDED_EVENT,EXCLUDED,,N/A,EXCLUDED_BY_POLICY,game_event_creature positive eventEntry
141815,32820,Wild Turkey,87,26,EXCLUDED_EVENT,EXCLUDED_EVENT,EXCLUDED,,N/A,EXCLUDED_BY_POLICY,game_event_creature positive eventEntry
141820,32820,Wild Turkey,87,26,EXCLUDED_EVENT,EXCLUDED_EVENT,EXCLUDED,,N/A,EXCLUDED_BY_POLICY,game_event_creature positive eventEntry
141821,32820,Wild Turkey,87,26,EXCLUDED_EVENT,EXCLUDED_EVENT,EXCLUDED,,N/A,EXCLUDED_BY_POLICY,game_event_creature positive eventEntry
141822,32820,Wild Turkey,87,26,EXCLUDED_EVENT,EXCLUDED_EVENT,EXCLUDED,,N/A,EXCLUDED_BY_POLICY,game_event_creature positive eventEntry
141824,32820,Wild Turkey,12,26,EXCLUDED_EVENT,EXCLUDED_EVENT,EXCLUDED,,N/A,EXCLUDED_BY_POLICY,game_event_creature positive eventEntry
141826,32820,Wild Turkey,12,26,EXCLUDED_EVENT,EXCLUDED_EVENT,EXCLUDED,,N/A,EXCLUDED_BY_POLICY,game_event_creature positive eventEntry
141828,32820,Wild Turkey,12,26,EXCLUDED_EVENT,EXCLUDED_EVENT,EXCLUDED,,N/A,EXCLUDED_BY_POLICY,game_event_creature positive eventEntry
141829,32820,Wild Turkey,12,26,EXCLUDED_EVENT,EXCLUDED_EVENT,EXCLUDED,,N/A,EXCLUDED_BY_POLICY,game_event_creature positive eventEntry
141830,32820,Wild Turkey,12,26,EXCLUDED_EVENT,EXCLUDED_EVENT,EXCLUDED,,N/A,EXCLUDED_BY_POLICY,game_event_creature positive eventEntry
141831,32820,Wild Turkey,12,26,EXCLUDED_EVENT,EXCLUDED_EVENT,EXCLUDED,,N/A,EXCLUDED_BY_POLICY,game_event_creature positive eventEntry
141832,32820,Wild Turkey,12,26,EXCLUDED_EVENT,EXCLUDED_EVENT,EXCLUDED,,N/A,EXCLUDED_BY_POLICY,game_event_creature positive eventEntry
141833,32820,Wild Turkey,12,26,EXCLUDED_EVENT,EXCLUDED_EVENT,EXCLUDED,,N/A,EXCLUDED_BY_POLICY,game_event_creature positive eventEntry
141834,32820,Wild Turkey,12,26,EXCLUDED_EVENT,EXCLUDED_EVENT,EXCLUDED,,N/A,EXCLUDED_BY_POLICY,game_event_creature positive eventEntry
141835,32820,Wild Turkey,12,26,EXCLUDED_EVENT,EXCLUDED_EVENT,EXCLUDED,,N/A,EXCLUDED_BY_POLICY,game_event_creature positive eventEntry
141836,32820,Wild Turkey,12,26,EXCLUDED_EVENT,EXCLUDED_EVENT,EXCLUDED,,N/A,EXCLUDED_BY_POLICY,game_event_creature positive eventEntry
141837,32820,Wild Turkey,12,26,EXCLUDED_EVENT,EXCLUDED_EVENT,EXCLUDED,,N/A,EXCLUDED_BY_POLICY,game_event_creature positive eventEntry
141838,32820,Wild Turkey,12,26,EXCLUDED_EVENT,EXCLUDED_EVENT,EXCLUDED,,N/A,EXCLUDED_BY_POLICY,game_event_creature positive eventEntry
141877,32820,Wild Turkey,88,26,EXCLUDED_EVENT,EXCLUDED_EVENT,EXCLUDED,,N/A,EXCLUDED_BY_POLICY,game_event_creature positive eventEntry
141878,32820,Wild Turkey,57,26,EXCLUDED_EVENT,EXCLUDED_EVENT,EXCLUDED,,N/A,EXCLUDED_BY_POLICY,game_event_creature positive eventEntry
141879,32820,Wild Turkey,57,26,EXCLUDED_EVENT,EXCLUDED_EVENT,EXCLUDED,,N/A,EXCLUDED_BY_POLICY,game_event_creature positive eventEntry
141880,32820,Wild Turkey,57,26,EXCLUDED_EVENT,EXCLUDED_EVENT,EXCLUDED,,N/A,EXCLUDED_BY_POLICY,game_event_creature positive eventEntry
141881,32820,Wild Turkey,57,26,EXCLUDED_EVENT,EXCLUDED_EVENT,EXCLUDED,,N/A,EXCLUDED_BY_POLICY,game_event_creature positive eventEntry
141882,32820,Wild Turkey,57,26,EXCLUDED_EVENT,EXCLUDED_EVENT,EXCLUDED,,N/A,EXCLUDED_BY_POLICY,game_event_creature positive eventEntry
141883,32820,Wild Turkey,57,26,EXCLUDED_EVENT,EXCLUDED_EVENT,EXCLUDED,,N/A,EXCLUDED_BY_POLICY,game_event_creature positive eventEntry
141884,32820,Wild Turkey,57,26,EXCLUDED_EVENT,EXCLUDED_EVENT,EXCLUDED,,N/A,EXCLUDED_BY_POLICY,game_event_creature positive eventEntry
141885,32820,Wild Turkey,57,26,EXCLUDED_EVENT,EXCLUDED_EVENT,EXCLUDED,,N/A,EXCLUDED_BY_POLICY,game_event_creature positive eventEntry
141886,32820,Wild Turkey,57,26,EXCLUDED_EVENT,EXCLUDED_EVENT,EXCLUDED,,N/A,EXCLUDED_BY_POLICY,game_event_creature positive eventEntry
141887,32820,Wild Turkey,57,26,EXCLUDED_EVENT,EXCLUDED_EVENT,EXCLUDED,,N/A,EXCLUDED_BY_POLICY,game_event_creature positive eventEntry
141888,32820,Wild Turkey,57,26,EXCLUDED_EVENT,EXCLUDED_EVENT,EXCLUDED,,N/A,EXCLUDED_BY_POLICY,game_event_creature positive eventEntry
141889,32820,Wild Turkey,57,26,EXCLUDED_EVENT,EXCLUDED_EVENT,EXCLUDED,,N/A,EXCLUDED_BY_POLICY,game_event_creature positive eventEntry
141890,32820,Wild Turkey,57,26,EXCLUDED_EVENT,EXCLUDED_EVENT,EXCLUDED,,N/A,EXCLUDED_BY_POLICY,game_event_creature positive eventEntry
141891,32820,Wild Turkey,57,26,EXCLUDED_EVENT,EXCLUDED_EVENT,EXCLUDED,,N/A,EXCLUDED_BY_POLICY,game_event_creature positive eventEntry
141892,32820,Wild Turkey,57,26,EXCLUDED_EVENT,EXCLUDED_EVENT,EXCLUDED,,N/A,EXCLUDED_BY_POLICY,game_event_creature positive eventEntry
141893,32820,Wild Turkey,57,26,EXCLUDED_EVENT,EXCLUDED_EVENT,EXCLUDED,,N/A,EXCLUDED_BY_POLICY,game_event_creature positive eventEntry
141894,32820,Wild Turkey,57,26,EXCLUDED_EVENT,EXCLUDED_EVENT,EXCLUDED,,N/A,EXCLUDED_BY_POLICY,game_event_creature positive eventEntry
141895,32820,Wild Turkey,57,26,EXCLUDED_EVENT,EXCLUDED_EVENT,EXCLUDED,,N/A,EXCLUDED_BY_POLICY,game_event_creature positive eventEntry
141896,32820,Wild Turkey,57,26,EXCLUDED_EVENT,EXCLUDED_EVENT,EXCLUDED,,N/A,EXCLUDED_BY_POLICY,game_event_creature positive eventEntry
141897,32820,Wild Turkey,57,26,EXCLUDED_EVENT,EXCLUDED_EVENT,EXCLUDED,,N/A,EXCLUDED_BY_POLICY,game_event_creature positive eventEntry
141898,32820,Wild Turkey,57,26,EXCLUDED_EVENT,EXCLUDED_EVENT,EXCLUDED,,N/A,EXCLUDED_BY_POLICY,game_event_creature positive eventEntry
141899,32820,Wild Turkey,12,26,EXCLUDED_EVENT,EXCLUDED_EVENT,EXCLUDED,,N/A,EXCLUDED_BY_POLICY,game_event_creature positive eventEntry
141900,32820,Wild Turkey,57,26,EXCLUDED_EVENT,EXCLUDED_EVENT,EXCLUDED,,N/A,EXCLUDED_BY_POLICY,game_event_creature positive eventEntry
141901,32820,Wild Turkey,12,26,EXCLUDED_EVENT,EXCLUDED_EVENT,EXCLUDED,,N/A,EXCLUDED_BY_POLICY,game_event_creature positive eventEntry
141902,32820,Wild Turkey,57,26,EXCLUDED_EVENT,EXCLUDED_EVENT,EXCLUDED,,N/A,EXCLUDED_BY_POLICY,game_event_creature positive eventEntry
141903,32820,Wild Turkey,12,26,EXCLUDED_EVENT,EXCLUDED_EVENT,EXCLUDED,,N/A,EXCLUDED_BY_POLICY,game_event_creature positive eventEntry
141910,32820,Wild Turkey,88,26,EXCLUDED_EVENT,EXCLUDED_EVENT,EXCLUDED,,N/A,EXCLUDED_BY_POLICY,game_event_creature positive eventEntry
141911,32820,Wild Turkey,12,26,EXCLUDED_EVENT,EXCLUDED_EVENT,EXCLUDED,,N/A,EXCLUDED_BY_POLICY,game_event_creature positive eventEntry
141915,32820,Wild Turkey,12,26,EXCLUDED_EVENT,EXCLUDED_EVENT,EXCLUDED,,N/A,EXCLUDED_BY_POLICY,game_event_creature positive eventEntry
141918,32820,Wild Turkey,12,26,EXCLUDED_EVENT,EXCLUDED_EVENT,EXCLUDED,,N/A,EXCLUDED_BY_POLICY,game_event_creature positive eventEntry
141919,32820,Wild Turkey,12,26,EXCLUDED_EVENT,EXCLUDED_EVENT,EXCLUDED,,N/A,EXCLUDED_BY_POLICY,game_event_creature positive eventEntry
141920,32820,Wild Turkey,12,26,EXCLUDED_EVENT,EXCLUDED_EVENT,EXCLUDED,,N/A,EXCLUDED_BY_POLICY,game_event_creature positive eventEntry
141921,32820,Wild Turkey,12,26,EXCLUDED_EVENT,EXCLUDED_EVENT,EXCLUDED,,N/A,EXCLUDED_BY_POLICY,game_event_creature positive eventEntry
141922,32820,Wild Turkey,12,26,EXCLUDED_EVENT,EXCLUDED_EVENT,EXCLUDED,,N/A,EXCLUDED_BY_POLICY,game_event_creature positive eventEntry
141923,32820,Wild Turkey,12,26,EXCLUDED_EVENT,EXCLUDED_EVENT,EXCLUDED,,N/A,EXCLUDED_BY_POLICY,game_event_creature positive eventEntry
141924,32820,Wild Turkey,12,26,EXCLUDED_EVENT,EXCLUDED_EVENT,EXCLUDED,,N/A,EXCLUDED_BY_POLICY,game_event_creature positive eventEntry
141925,32820,Wild Turkey,12,26,EXCLUDED_EVENT,EXCLUDED_EVENT,EXCLUDED,,N/A,EXCLUDED_BY_POLICY,game_event_creature positive eventEntry
141926,32820,Wild Turkey,12,26,EXCLUDED_EVENT,EXCLUDED_EVENT,EXCLUDED,,N/A,EXCLUDED_BY_POLICY,game_event_creature positive eventEntry
141929,32820,Wild Turkey,87,26,EXCLUDED_EVENT,EXCLUDED_EVENT,EXCLUDED,,N/A,EXCLUDED_BY_POLICY,game_event_creature positive eventEntry
141930,32820,Wild Turkey,12,26,EXCLUDED_EVENT,EXCLUDED_EVENT,EXCLUDED,,N/A,EXCLUDED_BY_POLICY,game_event_creature positive eventEntry
141932,32820,Wild Turkey,87,26,EXCLUDED_EVENT,EXCLUDED_EVENT,EXCLUDED,,N/A,EXCLUDED_BY_POLICY,game_event_creature positive eventEntry
141933,32820,Wild Turkey,12,26,EXCLUDED_EVENT,EXCLUDED_EVENT,EXCLUDED,,N/A,EXCLUDED_BY_POLICY,game_event_creature positive eventEntry
141934,32820,Wild Turkey,12,26,EXCLUDED_EVENT,EXCLUDED_EVENT,EXCLUDED,,N/A,EXCLUDED_BY_POLICY,game_event_creature positive eventEntry
141935,32820,Wild Turkey,12,26,EXCLUDED_EVENT,EXCLUDED_EVENT,EXCLUDED,,N/A,EXCLUDED_BY_POLICY,game_event_creature positive eventEntry
141950,32820,Wild Turkey,87,26,EXCLUDED_EVENT,EXCLUDED_EVENT,EXCLUDED,,N/A,EXCLUDED_BY_POLICY,game_event_creature positive eventEntry
141951,32820,Wild Turkey,87,26,EXCLUDED_EVENT,EXCLUDED_EVENT,EXCLUDED,,N/A,EXCLUDED_BY_POLICY,game_event_creature positive eventEntry
141952,32820,Wild Turkey,87,26,EXCLUDED_EVENT,EXCLUDED_EVENT,EXCLUDED,,N/A,EXCLUDED_BY_POLICY,game_event_creature positive eventEntry
141978,32820,Wild Turkey,87,26,EXCLUDED_EVENT,EXCLUDED_EVENT,EXCLUDED,,N/A,EXCLUDED_BY_POLICY,game_event_creature positive eventEntry
142031,32820,Wild Turkey,9,26,EXCLUDED_EVENT,EXCLUDED_EVENT,EXCLUDED,,N/A,EXCLUDED_BY_POLICY,game_event_creature positive eventEntry
142033,32820,Wild Turkey,87,26,EXCLUDED_EVENT,EXCLUDED_EVENT,EXCLUDED,,N/A,EXCLUDED_BY_POLICY,game_event_creature positive eventEntry
142034,32820,Wild Turkey,87,26,EXCLUDED_EVENT,EXCLUDED_EVENT,EXCLUDED,,N/A,EXCLUDED_BY_POLICY,game_event_creature positive eventEntry
142035,32820,Wild Turkey,87,26,EXCLUDED_EVENT,EXCLUDED_EVENT,EXCLUDED,,N/A,EXCLUDED_BY_POLICY,game_event_creature positive eventEntry
142036,32820,Wild Turkey,87,26,EXCLUDED_EVENT,EXCLUDED_EVENT,EXCLUDED,,N/A,EXCLUDED_BY_POLICY,game_event_creature positive eventEntry
142037,32820,Wild Turkey,87,26,EXCLUDED_EVENT,EXCLUDED_EVENT,EXCLUDED,,N/A,EXCLUDED_BY_POLICY,game_event_creature positive eventEntry
142043,32820,Wild Turkey,87,26,EXCLUDED_EVENT,EXCLUDED_EVENT,EXCLUDED,,N/A,EXCLUDED_BY_POLICY,game_event_creature positive eventEntry
142045,32820,Wild Turkey,12,26,EXCLUDED_EVENT,EXCLUDED_EVENT,EXCLUDED,,N/A,EXCLUDED_BY_POLICY,game_event_creature positive eventEntry
142046,32820,Wild Turkey,12,26,EXCLUDED_EVENT,EXCLUDED_EVENT,EXCLUDED,,N/A,EXCLUDED_BY_POLICY,game_event_creature positive eventEntry
142047,32820,Wild Turkey,12,26,EXCLUDED_EVENT,EXCLUDED_EVENT,EXCLUDED,,N/A,EXCLUDED_BY_POLICY,game_event_creature positive eventEntry
142048,32820,Wild Turkey,12,26,EXCLUDED_EVENT,EXCLUDED_EVENT,EXCLUDED,,N/A,EXCLUDED_BY_POLICY,game_event_creature positive eventEntry
142049,32820,Wild Turkey,12,26,EXCLUDED_EVENT,EXCLUDED_EVENT,EXCLUDED,,N/A,EXCLUDED_BY_POLICY,game_event_creature positive eventEntry
142050,32820,Wild Turkey,12,26,EXCLUDED_EVENT,EXCLUDED_EVENT,EXCLUDED,,N/A,EXCLUDED_BY_POLICY,game_event_creature positive eventEntry
142051,32820,Wild Turkey,12,26,EXCLUDED_EVENT,EXCLUDED_EVENT,EXCLUDED,,N/A,EXCLUDED_BY_POLICY,game_event_creature positive eventEntry
142052,32820,Wild Turkey,12,26,EXCLUDED_EVENT,EXCLUDED_EVENT,EXCLUDED,,N/A,EXCLUDED_BY_POLICY,game_event_creature positive eventEntry
142053,32820,Wild Turkey,87,26,EXCLUDED_EVENT,EXCLUDED_EVENT,EXCLUDED,,N/A,EXCLUDED_BY_POLICY,game_event_creature positive eventEntry
142054,32820,Wild Turkey,87,26,EXCLUDED_EVENT,EXCLUDED_EVENT,EXCLUDED,,N/A,EXCLUDED_BY_POLICY,game_event_creature positive eventEntry
142079,32820,Wild Turkey,87,26,EXCLUDED_EVENT,EXCLUDED_EVENT,EXCLUDED,,N/A,EXCLUDED_BY_POLICY,game_event_creature positive eventEntry
142080,32820,Wild Turkey,87,26,EXCLUDED_EVENT,EXCLUDED_EVENT,EXCLUDED,,N/A,EXCLUDED_BY_POLICY,game_event_creature positive eventEntry
142081,32820,Wild Turkey,87,26,EXCLUDED_EVENT,EXCLUDED_EVENT,EXCLUDED,,N/A,EXCLUDED_BY_POLICY,game_event_creature positive eventEntry
142082,32820,Wild Turkey,87,26,EXCLUDED_EVENT,EXCLUDED_EVENT,EXCLUDED,,N/A,EXCLUDED_BY_POLICY,game_event_creature positive eventEntry
142087,32820,Wild Turkey,12,26,EXCLUDED_EVENT,EXCLUDED_EVENT,EXCLUDED,,N/A,EXCLUDED_BY_POLICY,game_event_creature positive eventEntry
142089,32820,Wild Turkey,12,26,EXCLUDED_EVENT,EXCLUDED_EVENT,EXCLUDED,,N/A,EXCLUDED_BY_POLICY,game_event_creature positive eventEntry
142090,32820,Wild Turkey,12,26,EXCLUDED_EVENT,EXCLUDED_EVENT,EXCLUDED,,N/A,EXCLUDED_BY_POLICY,game_event_creature positive eventEntry
142091,32820,Wild Turkey,9,26,EXCLUDED_EVENT,EXCLUDED_EVENT,EXCLUDED,,N/A,EXCLUDED_BY_POLICY,game_event_creature positive eventEntry
142092,32820,Wild Turkey,9,26,EXCLUDED_EVENT,EXCLUDED_EVENT,EXCLUDED,,N/A,EXCLUDED_BY_POLICY,game_event_creature positive eventEntry
142093,32820,Wild Turkey,59,26,EXCLUDED_EVENT,EXCLUDED_EVENT,EXCLUDED,,N/A,EXCLUDED_BY_POLICY,game_event_creature positive eventEntry
142094,32820,Wild Turkey,59,26,EXCLUDED_EVENT,EXCLUDED_EVENT,EXCLUDED,,N/A,EXCLUDED_BY_POLICY,game_event_creature positive eventEntry
142095,32820,Wild Turkey,59,26,EXCLUDED_EVENT,EXCLUDED_EVENT,EXCLUDED,,N/A,EXCLUDED_BY_POLICY,game_event_creature positive eventEntry
142096,32820,Wild Turkey,59,26,EXCLUDED_EVENT,EXCLUDED_EVENT,EXCLUDED,,N/A,EXCLUDED_BY_POLICY,game_event_creature positive eventEntry
142097,32820,Wild Turkey,59,26,EXCLUDED_EVENT,EXCLUDED_EVENT,EXCLUDED,,N/A,EXCLUDED_BY_POLICY,game_event_creature positive eventEntry
142098,32820,Wild Turkey,59,26,EXCLUDED_EVENT,EXCLUDED_EVENT,EXCLUDED,,N/A,EXCLUDED_BY_POLICY,game_event_creature positive eventEntry
142099,32820,Wild Turkey,59,26,EXCLUDED_EVENT,EXCLUDED_EVENT,EXCLUDED,,N/A,EXCLUDED_BY_POLICY,game_event_creature positive eventEntry
142100,32820,Wild Turkey,59,26,EXCLUDED_EVENT,EXCLUDED_EVENT,EXCLUDED,,N/A,EXCLUDED_BY_POLICY,game_event_creature positive eventEntry
142101,32820,Wild Turkey,59,26,EXCLUDED_EVENT,EXCLUDED_EVENT,EXCLUDED,,N/A,EXCLUDED_BY_POLICY,game_event_creature positive eventEntry
142102,32820,Wild Turkey,59,26,EXCLUDED_EVENT,EXCLUDED_EVENT,EXCLUDED,,N/A,EXCLUDED_BY_POLICY,game_event_creature positive eventEntry
142103,32820,Wild Turkey,59,26,EXCLUDED_EVENT,EXCLUDED_EVENT,EXCLUDED,,N/A,EXCLUDED_BY_POLICY,game_event_creature positive eventEntry
142104,32820,Wild Turkey,59,26,EXCLUDED_EVENT,EXCLUDED_EVENT,EXCLUDED,,N/A,EXCLUDED_BY_POLICY,game_event_creature positive eventEntry
142105,32820,Wild Turkey,59,26,EXCLUDED_EVENT,EXCLUDED_EVENT,EXCLUDED,,N/A,EXCLUDED_BY_POLICY,game_event_creature positive eventEntry
142106,32820,Wild Turkey,59,26,EXCLUDED_EVENT,EXCLUDED_EVENT,EXCLUDED,,N/A,EXCLUDED_BY_POLICY,game_event_creature positive eventEntry
142107,32820,Wild Turkey,59,26,EXCLUDED_EVENT,EXCLUDED_EVENT,EXCLUDED,,N/A,EXCLUDED_BY_POLICY,game_event_creature positive eventEntry
142108,32820,Wild Turkey,9,26,EXCLUDED_EVENT,EXCLUDED_EVENT,EXCLUDED,,N/A,EXCLUDED_BY_POLICY,game_event_creature positive eventEntry
142109,32820,Wild Turkey,59,26,EXCLUDED_EVENT,EXCLUDED_EVENT,EXCLUDED,,N/A,EXCLUDED_BY_POLICY,game_event_creature positive eventEntry
142110,32820,Wild Turkey,59,26,EXCLUDED_EVENT,EXCLUDED_EVENT,EXCLUDED,,N/A,EXCLUDED_BY_POLICY,game_event_creature positive eventEntry
142111,32820,Wild Turkey,59,26,EXCLUDED_EVENT,EXCLUDED_EVENT,EXCLUDED,,N/A,EXCLUDED_BY_POLICY,game_event_creature positive eventEntry
142112,32820,Wild Turkey,59,26,EXCLUDED_EVENT,EXCLUDED_EVENT,EXCLUDED,,N/A,EXCLUDED_BY_POLICY,game_event_creature positive eventEntry
142113,32820,Wild Turkey,34,26,EXCLUDED_EVENT,EXCLUDED_EVENT,EXCLUDED,,N/A,EXCLUDED_BY_POLICY,game_event_creature positive eventEntry
142114,32820,Wild Turkey,34,26,EXCLUDED_EVENT,EXCLUDED_EVENT,EXCLUDED,,N/A,EXCLUDED_BY_POLICY,game_event_creature positive eventEntry
142115,32820,Wild Turkey,34,26,EXCLUDED_EVENT,EXCLUDED_EVENT,EXCLUDED,,N/A,EXCLUDED_BY_POLICY,game_event_creature positive eventEntry
142116,32820,Wild Turkey,34,26,EXCLUDED_EVENT,EXCLUDED_EVENT,EXCLUDED,,N/A,EXCLUDED_BY_POLICY,game_event_creature positive eventEntry
142117,32820,Wild Turkey,59,26,EXCLUDED_EVENT,EXCLUDED_EVENT,EXCLUDED,,N/A,EXCLUDED_BY_POLICY,game_event_creature positive eventEntry
142118,32820,Wild Turkey,59,26,EXCLUDED_EVENT,EXCLUDED_EVENT,EXCLUDED,,N/A,EXCLUDED_BY_POLICY,game_event_creature positive eventEntry
142119,32820,Wild Turkey,59,26,EXCLUDED_EVENT,EXCLUDED_EVENT,EXCLUDED,,N/A,EXCLUDED_BY_POLICY,game_event_creature positive eventEntry
142120,32820,Wild Turkey,59,26,EXCLUDED_EVENT,EXCLUDED_EVENT,EXCLUDED,,N/A,EXCLUDED_BY_POLICY,game_event_creature positive eventEntry
142121,32820,Wild Turkey,9,26,EXCLUDED_EVENT,EXCLUDED_EVENT,EXCLUDED,,N/A,EXCLUDED_BY_POLICY,game_event_creature positive eventEntry
142122,32820,Wild Turkey,9,26,EXCLUDED_EVENT,EXCLUDED_EVENT,EXCLUDED,,N/A,EXCLUDED_BY_POLICY,game_event_creature positive eventEntry
142123,32820,Wild Turkey,59,26,EXCLUDED_EVENT,EXCLUDED_EVENT,EXCLUDED,,N/A,EXCLUDED_BY_POLICY,game_event_creature positive eventEntry
142124,32820,Wild Turkey,59,26,EXCLUDED_EVENT,EXCLUDED_EVENT,EXCLUDED,,N/A,EXCLUDED_BY_POLICY,game_event_creature positive eventEntry
142125,32820,Wild Turkey,9,26,EXCLUDED_EVENT,EXCLUDED_EVENT,EXCLUDED,,N/A,EXCLUDED_BY_POLICY,game_event_creature positive eventEntry
142126,32820,Wild Turkey,9,26,EXCLUDED_EVENT,EXCLUDED_EVENT,EXCLUDED,,N/A,EXCLUDED_BY_POLICY,game_event_creature positive eventEntry
142127,32820,Wild Turkey,9,26,EXCLUDED_EVENT,EXCLUDED_EVENT,EXCLUDED,,N/A,EXCLUDED_BY_POLICY,game_event_creature positive eventEntry
142128,32820,Wild Turkey,9,26,EXCLUDED_EVENT,EXCLUDED_EVENT,EXCLUDED,,N/A,EXCLUDED_BY_POLICY,game_event_creature positive eventEntry
142129,32820,Wild Turkey,9,26,EXCLUDED_EVENT,EXCLUDED_EVENT,EXCLUDED,,N/A,EXCLUDED_BY_POLICY,game_event_creature positive eventEntry
142130,32820,Wild Turkey,9,26,EXCLUDED_EVENT,EXCLUDED_EVENT,EXCLUDED,,N/A,EXCLUDED_BY_POLICY,game_event_creature positive eventEntry
142131,32820,Wild Turkey,9,26,EXCLUDED_EVENT,EXCLUDED_EVENT,EXCLUDED,,N/A,EXCLUDED_BY_POLICY,game_event_creature positive eventEntry
142132,32820,Wild Turkey,34,26,EXCLUDED_EVENT,EXCLUDED_EVENT,EXCLUDED,,N/A,EXCLUDED_BY_POLICY,game_event_creature positive eventEntry
142133,32820,Wild Turkey,34,26,EXCLUDED_EVENT,EXCLUDED_EVENT,EXCLUDED,,N/A,EXCLUDED_BY_POLICY,game_event_creature positive eventEntry
142134,32820,Wild Turkey,34,26,EXCLUDED_EVENT,EXCLUDED_EVENT,EXCLUDED,,N/A,EXCLUDED_BY_POLICY,game_event_creature positive eventEntry
142135,32820,Wild Turkey,34,26,EXCLUDED_EVENT,EXCLUDED_EVENT,EXCLUDED,,N/A,EXCLUDED_BY_POLICY,game_event_creature positive eventEntry
142136,32820,Wild Turkey,34,26,EXCLUDED_EVENT,EXCLUDED_EVENT,EXCLUDED,,N/A,EXCLUDED_BY_POLICY,game_event_creature positive eventEntry
142137,32820,Wild Turkey,34,26,EXCLUDED_EVENT,EXCLUDED_EVENT,EXCLUDED,,N/A,EXCLUDED_BY_POLICY,game_event_creature positive eventEntry
142138,32820,Wild Turkey,34,26,EXCLUDED_EVENT,EXCLUDED_EVENT,EXCLUDED,,N/A,EXCLUDED_BY_POLICY,game_event_creature positive eventEntry
142139,32820,Wild Turkey,34,26,EXCLUDED_EVENT,EXCLUDED_EVENT,EXCLUDED,,N/A,EXCLUDED_BY_POLICY,game_event_creature positive eventEntry
142155,32820,Wild Turkey,12,26,EXCLUDED_EVENT,EXCLUDED_EVENT,EXCLUDED,,N/A,EXCLUDED_BY_POLICY,game_event_creature positive eventEntry
142181,32820,Wild Turkey,12,26,EXCLUDED_EVENT,EXCLUDED_EVENT,EXCLUDED,,N/A,EXCLUDED_BY_POLICY,game_event_creature positive eventEntry
142182,32820,Wild Turkey,12,26,EXCLUDED_EVENT,EXCLUDED_EVENT,EXCLUDED,,N/A,EXCLUDED_BY_POLICY,game_event_creature positive eventEntry
142183,32820,Wild Turkey,12,26,EXCLUDED_EVENT,EXCLUDED_EVENT,EXCLUDED,,N/A,EXCLUDED_BY_POLICY,game_event_creature positive eventEntry
142184,32820,Wild Turkey,12,26,EXCLUDED_EVENT,EXCLUDED_EVENT,EXCLUDED,,N/A,EXCLUDED_BY_POLICY,game_event_creature positive eventEntry
142185,32820,Wild Turkey,12,26,EXCLUDED_EVENT,EXCLUDED_EVENT,EXCLUDED,,N/A,EXCLUDED_BY_POLICY,game_event_creature positive eventEntry
142186,32820,Wild Turkey,12,26,EXCLUDED_EVENT,EXCLUDED_EVENT,EXCLUDED,,N/A,EXCLUDED_BY_POLICY,game_event_creature positive eventEntry
142187,32820,Wild Turkey,12,26,EXCLUDED_EVENT,EXCLUDED_EVENT,EXCLUDED,,N/A,EXCLUDED_BY_POLICY,game_event_creature positive eventEntry
142188,32820,Wild Turkey,12,26,EXCLUDED_EVENT,EXCLUDED_EVENT,EXCLUDED,,N/A,EXCLUDED_BY_POLICY,game_event_creature positive eventEntry
142189,32820,Wild Turkey,12,26,EXCLUDED_EVENT,EXCLUDED_EVENT,EXCLUDED,,N/A,EXCLUDED_BY_POLICY,game_event_creature positive eventEntry
142190,32820,Wild Turkey,12,26,EXCLUDED_EVENT,EXCLUDED_EVENT,EXCLUDED,,N/A,EXCLUDED_BY_POLICY,game_event_creature positive eventEntry
142191,32820,Wild Turkey,12,26,EXCLUDED_EVENT,EXCLUDED_EVENT,EXCLUDED,,N/A,EXCLUDED_BY_POLICY,game_event_creature positive eventEntry
142192,32820,Wild Turkey,12,26,EXCLUDED_EVENT,EXCLUDED_EVENT,EXCLUDED,,N/A,EXCLUDED_BY_POLICY,game_event_creature positive eventEntry
142193,32820,Wild Turkey,12,26,EXCLUDED_EVENT,EXCLUDED_EVENT,EXCLUDED,,N/A,EXCLUDED_BY_POLICY,game_event_creature positive eventEntry
142194,32820,Wild Turkey,12,26,EXCLUDED_EVENT,EXCLUDED_EVENT,EXCLUDED,,N/A,EXCLUDED_BY_POLICY,game_event_creature positive eventEntry
142195,32820,Wild Turkey,12,26,EXCLUDED_EVENT,EXCLUDED_EVENT,EXCLUDED,,N/A,EXCLUDED_BY_POLICY,game_event_creature positive eventEntry
142196,32820,Wild Turkey,12,26,EXCLUDED_EVENT,EXCLUDED_EVENT,EXCLUDED,,N/A,EXCLUDED_BY_POLICY,game_event_creature positive eventEntry
142197,32820,Wild Turkey,12,26,EXCLUDED_EVENT,EXCLUDED_EVENT,EXCLUDED,,N/A,EXCLUDED_BY_POLICY,game_event_creature positive eventEntry
142198,32820,Wild Turkey,12,26,EXCLUDED_EVENT,EXCLUDED_EVENT,EXCLUDED,,N/A,EXCLUDED_BY_POLICY,game_event_creature positive eventEntry
142199,32820,Wild Turkey,12,26,EXCLUDED_EVENT,EXCLUDED_EVENT,EXCLUDED,,N/A,EXCLUDED_BY_POLICY,game_event_creature positive eventEntry
142200,32820,Wild Turkey,12,26,EXCLUDED_EVENT,EXCLUDED_EVENT,EXCLUDED,,N/A,EXCLUDED_BY_POLICY,game_event_creature positive eventEntry
142201,32820,Wild Turkey,12,26,EXCLUDED_EVENT,EXCLUDED_EVENT,EXCLUDED,,N/A,EXCLUDED_BY_POLICY,game_event_creature positive eventEntry
142202,32820,Wild Turkey,12,26,EXCLUDED_EVENT,EXCLUDED_EVENT,EXCLUDED,,N/A,EXCLUDED_BY_POLICY,game_event_creature positive eventEntry
146006,97,Riverpaw Runt,60,,INCLUDED,HOSTILE_HUMANOID,FULL_AGENT,hostile_humanoid,NO,ACCEPTED_DEFAULT,template:97
146007,97,Riverpaw Runt,60,,INCLUDED,HOSTILE_HUMANOID,FULL_AGENT,hostile_humanoid,NO,ACCEPTED_DEFAULT,template:97
146008,97,Riverpaw Runt,60,,INCLUDED,HOSTILE_HUMANOID,FULL_AGENT,hostile_humanoid,NO,ACCEPTED_DEFAULT,template:97
146009,97,Riverpaw Runt,60,,INCLUDED,HOSTILE_HUMANOID,FULL_AGENT,hostile_humanoid,NO,ACCEPTED_DEFAULT,template:97
146010,97,Riverpaw Runt,63,,INCLUDED,HOSTILE_HUMANOID,FULL_AGENT,hostile_humanoid,NO,ACCEPTED_DEFAULT,template:97
146011,97,Riverpaw Runt,63,,INCLUDED,HOSTILE_HUMANOID,FULL_AGENT,hostile_humanoid,NO,ACCEPTED_DEFAULT,template:97
146012,97,Riverpaw Runt,60,,INCLUDED,HOSTILE_HUMANOID,FULL_AGENT,hostile_humanoid,NO,ACCEPTED_DEFAULT,template:97
146014,97,Riverpaw Runt,60,,INCLUDED,HOSTILE_HUMANOID,FULL_AGENT,hostile_humanoid,NO,ACCEPTED_DEFAULT,template:97
146015,97,Riverpaw Runt,63,,INCLUDED,HOSTILE_HUMANOID,FULL_AGENT,hostile_humanoid,NO,ACCEPTED_DEFAULT,template:97
146016,97,Riverpaw Runt,63,,INCLUDED,HOSTILE_HUMANOID,FULL_AGENT,hostile_humanoid,NO,ACCEPTED_DEFAULT,template:97
146017,97,Riverpaw Runt,86,,INCLUDED,HOSTILE_HUMANOID,FULL_AGENT,hostile_humanoid,NO,ACCEPTED_DEFAULT,template:97
146018,97,Riverpaw Runt,86,,INCLUDED,HOSTILE_HUMANOID,FULL_AGENT,hostile_humanoid,NO,ACCEPTED_DEFAULT,template:97
146019,97,Riverpaw Runt,86,,INCLUDED,HOSTILE_HUMANOID,FULL_AGENT,hostile_humanoid,NO,ACCEPTED_DEFAULT,template:97
146020,97,Riverpaw Runt,86,,INCLUDED,HOSTILE_HUMANOID,FULL_AGENT,hostile_humanoid,NO,ACCEPTED_DEFAULT,template:97
146021,97,Riverpaw Runt,86,,INCLUDED,HOSTILE_HUMANOID,FULL_AGENT,hostile_humanoid,NO,ACCEPTED_DEFAULT,template:97
146022,97,Riverpaw Runt,86,,INCLUDED,HOSTILE_HUMANOID,FULL_AGENT,hostile_humanoid,NO,ACCEPTED_DEFAULT,template:97
146023,97,Riverpaw Runt,86,,INCLUDED,HOSTILE_HUMANOID,FULL_AGENT,hostile_humanoid,NO,ACCEPTED_DEFAULT,template:97
146024,97,Riverpaw Runt,86,,INCLUDED,HOSTILE_HUMANOID,FULL_AGENT,hostile_humanoid,NO,ACCEPTED_DEFAULT,template:97
146025,97,Riverpaw Runt,86,,INCLUDED,HOSTILE_HUMANOID,FULL_AGENT,hostile_humanoid,NO,ACCEPTED_DEFAULT,template:97
146026,97,Riverpaw Runt,86,,INCLUDED,HOSTILE_HUMANOID,FULL_AGENT,hostile_humanoid,NO,ACCEPTED_DEFAULT,template:97
146027,97,Riverpaw Runt,86,,INCLUDED,HOSTILE_HUMANOID,FULL_AGENT,hostile_humanoid,NO,ACCEPTED_DEFAULT,template:97
146028,97,Riverpaw Runt,86,,INCLUDED,HOSTILE_HUMANOID,FULL_AGENT,hostile_humanoid,NO,ACCEPTED_DEFAULT,template:97
146029,478,Riverpaw Outrunner,60,,INCLUDED,HOSTILE_HUMANOID,FULL_AGENT,hostile_humanoid,NO,ACCEPTED_DEFAULT,template:478
146030,478,Riverpaw Outrunner,60,,INCLUDED,HOSTILE_HUMANOID,FULL_AGENT,hostile_humanoid,NO,ACCEPTED_DEFAULT,template:478
146031,478,Riverpaw Outrunner,60,,INCLUDED,HOSTILE_HUMANOID,FULL_AGENT,hostile_humanoid,NO,ACCEPTED_DEFAULT,template:478
146032,478,Riverpaw Outrunner,60,,INCLUDED,HOSTILE_HUMANOID,FULL_AGENT,hostile_humanoid,NO,ACCEPTED_DEFAULT,template:478
146033,478,Riverpaw Outrunner,60,,INCLUDED,HOSTILE_HUMANOID,FULL_AGENT,hostile_humanoid,NO,ACCEPTED_DEFAULT,template:478
146034,478,Riverpaw Outrunner,60,,INCLUDED,HOSTILE_HUMANOID,FULL_AGENT,hostile_humanoid,NO,ACCEPTED_DEFAULT,template:478
146035,478,Riverpaw Outrunner,60,,INCLUDED,HOSTILE_HUMANOID,FULL_AGENT,hostile_humanoid,NO,ACCEPTED_DEFAULT,template:478
146036,478,Riverpaw Outrunner,60,,INCLUDED,HOSTILE_HUMANOID,FULL_AGENT,hostile_humanoid,NO,ACCEPTED_DEFAULT,template:478
146037,478,Riverpaw Outrunner,60,,INCLUDED,HOSTILE_HUMANOID,FULL_AGENT,hostile_humanoid,NO,ACCEPTED_DEFAULT,template:478
146038,478,Riverpaw Outrunner,60,,INCLUDED,HOSTILE_HUMANOID,FULL_AGENT,hostile_humanoid,NO,ACCEPTED_DEFAULT,template:478
146039,478,Riverpaw Outrunner,60,,INCLUDED,HOSTILE_HUMANOID,FULL_AGENT,hostile_humanoid,NO,ACCEPTED_DEFAULT,template:478
146040,478,Riverpaw Outrunner,60,,INCLUDED,HOSTILE_HUMANOID,FULL_AGENT,hostile_humanoid,NO,ACCEPTED_DEFAULT,template:478
146041,478,Riverpaw Outrunner,60,,INCLUDED,HOSTILE_HUMANOID,FULL_AGENT,hostile_humanoid,NO,ACCEPTED_DEFAULT,template:478
146042,478,Riverpaw Outrunner,60,,INCLUDED,HOSTILE_HUMANOID,FULL_AGENT,hostile_humanoid,NO,ACCEPTED_DEFAULT,template:478
146043,478,Riverpaw Outrunner,60,,INCLUDED,HOSTILE_HUMANOID,FULL_AGENT,hostile_humanoid,NO,ACCEPTED_DEFAULT,template:478
146044,478,Riverpaw Outrunner,60,,INCLUDED,HOSTILE_HUMANOID,FULL_AGENT,hostile_humanoid,NO,ACCEPTED_DEFAULT,template:478
146045,478,Riverpaw Outrunner,60,,INCLUDED,HOSTILE_HUMANOID,FULL_AGENT,hostile_humanoid,NO,ACCEPTED_DEFAULT,template:478
146046,478,Riverpaw Outrunner,60,,INCLUDED,HOSTILE_HUMANOID,FULL_AGENT,hostile_humanoid,NO,ACCEPTED_DEFAULT,template:478
146047,478,Riverpaw Outrunner,60,,INCLUDED,HOSTILE_HUMANOID,FULL_AGENT,hostile_humanoid,NO,ACCEPTED_DEFAULT,template:478
146048,478,Riverpaw Outrunner,60,,INCLUDED,HOSTILE_HUMANOID,FULL_AGENT,hostile_humanoid,NO,ACCEPTED_DEFAULT,template:478
146049,478,Riverpaw Outrunner,60,,INCLUDED,HOSTILE_HUMANOID,FULL_AGENT,hostile_humanoid,NO,ACCEPTED_DEFAULT,template:478
146050,478,Riverpaw Outrunner,60,,INCLUDED,HOSTILE_HUMANOID,FULL_AGENT,hostile_humanoid,NO,ACCEPTED_DEFAULT,template:478
146051,478,Riverpaw Outrunner,60,,INCLUDED,HOSTILE_HUMANOID,FULL_AGENT,hostile_humanoid,NO,ACCEPTED_DEFAULT,template:478
146052,478,Riverpaw Outrunner,60,,INCLUDED,HOSTILE_HUMANOID,FULL_AGENT,hostile_humanoid,NO,ACCEPTED_DEFAULT,template:478
146053,478,Riverpaw Outrunner,60,,INCLUDED,HOSTILE_HUMANOID,FULL_AGENT,hostile_humanoid,NO,ACCEPTED_DEFAULT,template:478
146054,478,Riverpaw Outrunner,60,,INCLUDED,HOSTILE_HUMANOID,FULL_AGENT,hostile_humanoid,NO,ACCEPTED_DEFAULT,template:478
146056,478,Riverpaw Outrunner,60,,INCLUDED,HOSTILE_HUMANOID,FULL_AGENT,hostile_humanoid,NO,ACCEPTED_DEFAULT,template:478
146057,478,Riverpaw Outrunner,60,,INCLUDED,HOSTILE_HUMANOID,FULL_AGENT,hostile_humanoid,NO,ACCEPTED_DEFAULT,template:478
146058,478,Riverpaw Outrunner,60,,INCLUDED,HOSTILE_HUMANOID,FULL_AGENT,hostile_humanoid,NO,ACCEPTED_DEFAULT,template:478
146059,478,Riverpaw Outrunner,60,,INCLUDED,HOSTILE_HUMANOID,FULL_AGENT,hostile_humanoid,NO,ACCEPTED_DEFAULT,template:478
146060,478,Riverpaw Outrunner,60,,INCLUDED,HOSTILE_HUMANOID,FULL_AGENT,hostile_humanoid,NO,ACCEPTED_DEFAULT,template:478
146061,478,Riverpaw Outrunner,60,,INCLUDED,HOSTILE_HUMANOID,FULL_AGENT,hostile_humanoid,NO,ACCEPTED_DEFAULT,template:478
146062,478,Riverpaw Outrunner,60,,INCLUDED,HOSTILE_HUMANOID,FULL_AGENT,hostile_humanoid,NO,ACCEPTED_DEFAULT,template:478
146063,478,Riverpaw Outrunner,60,,INCLUDED,HOSTILE_HUMANOID,FULL_AGENT,hostile_humanoid,NO,ACCEPTED_DEFAULT,template:478
146064,478,Riverpaw Outrunner,60,,INCLUDED,HOSTILE_HUMANOID,FULL_AGENT,hostile_humanoid,NO,ACCEPTED_DEFAULT,template:478
146065,478,Riverpaw Outrunner,86,,INCLUDED,HOSTILE_HUMANOID,FULL_AGENT,hostile_humanoid,NO,ACCEPTED_DEFAULT,template:478
146066,478,Riverpaw Outrunner,86,,INCLUDED,HOSTILE_HUMANOID,FULL_AGENT,hostile_humanoid,NO,ACCEPTED_DEFAULT,template:478
146067,478,Riverpaw Outrunner,86,,INCLUDED,HOSTILE_HUMANOID,FULL_AGENT,hostile_humanoid,NO,ACCEPTED_DEFAULT,template:478
146068,478,Riverpaw Outrunner,86,,INCLUDED,HOSTILE_HUMANOID,FULL_AGENT,hostile_humanoid,NO,ACCEPTED_DEFAULT,template:478
146069,478,Riverpaw Outrunner,86,,INCLUDED,HOSTILE_HUMANOID,FULL_AGENT,hostile_humanoid,NO,ACCEPTED_DEFAULT,template:478
146070,478,Riverpaw Outrunner,86,,INCLUDED,HOSTILE_HUMANOID,FULL_AGENT,hostile_humanoid,NO,ACCEPTED_DEFAULT,template:478
146071,478,Riverpaw Outrunner,86,,INCLUDED,HOSTILE_HUMANOID,FULL_AGENT,hostile_humanoid,NO,ACCEPTED_DEFAULT,template:478
146072,478,Riverpaw Outrunner,86,,INCLUDED,HOSTILE_HUMANOID,FULL_AGENT,hostile_humanoid,NO,ACCEPTED_DEFAULT,template:478
146073,478,Riverpaw Outrunner,86,,INCLUDED,HOSTILE_HUMANOID,FULL_AGENT,hostile_humanoid,NO,ACCEPTED_DEFAULT,template:478
146074,478,Riverpaw Outrunner,86,,INCLUDED,HOSTILE_HUMANOID,FULL_AGENT,hostile_humanoid,NO,ACCEPTED_DEFAULT,template:478
146075,478,Riverpaw Outrunner,86,,INCLUDED,HOSTILE_HUMANOID,FULL_AGENT,hostile_humanoid,NO,ACCEPTED_DEFAULT,template:478
146076,478,Riverpaw Outrunner,86,,INCLUDED,HOSTILE_HUMANOID,FULL_AGENT,hostile_humanoid,NO,ACCEPTED_DEFAULT,template:478
146077,478,Riverpaw Outrunner,86,,INCLUDED,HOSTILE_HUMANOID,FULL_AGENT,hostile_humanoid,NO,ACCEPTED_DEFAULT,template:478
146078,478,Riverpaw Outrunner,86,,INCLUDED,HOSTILE_HUMANOID,FULL_AGENT,hostile_humanoid,NO,ACCEPTED_DEFAULT,template:478
146079,478,Riverpaw Outrunner,86,,INCLUDED,HOSTILE_HUMANOID,FULL_AGENT,hostile_humanoid,NO,ACCEPTED_DEFAULT,template:478
146080,478,Riverpaw Outrunner,86,,INCLUDED,HOSTILE_HUMANOID,FULL_AGENT,hostile_humanoid,NO,ACCEPTED_DEFAULT,template:478
146081,478,Riverpaw Outrunner,86,,INCLUDED,HOSTILE_HUMANOID,FULL_AGENT,hostile_humanoid,NO,ACCEPTED_DEFAULT,template:478
146082,478,Riverpaw Outrunner,86,,INCLUDED,HOSTILE_HUMANOID,FULL_AGENT,hostile_humanoid,NO,ACCEPTED_DEFAULT,template:478
146083,478,Riverpaw Outrunner,86,,INCLUDED,HOSTILE_HUMANOID,FULL_AGENT,hostile_humanoid,NO,ACCEPTED_DEFAULT,template:478
146084,478,Riverpaw Outrunner,86,,INCLUDED,HOSTILE_HUMANOID,FULL_AGENT,hostile_humanoid,NO,ACCEPTED_DEFAULT,template:478
146085,478,Riverpaw Outrunner,86,,INCLUDED,HOSTILE_HUMANOID,FULL_AGENT,hostile_humanoid,NO,ACCEPTED_DEFAULT,template:478
146086,478,Riverpaw Outrunner,86,,INCLUDED,HOSTILE_HUMANOID,FULL_AGENT,hostile_humanoid,NO,ACCEPTED_DEFAULT,template:478
146087,478,Riverpaw Outrunner,86,,INCLUDED,HOSTILE_HUMANOID,FULL_AGENT,hostile_humanoid,NO,ACCEPTED_DEFAULT,template:478
146088,478,Riverpaw Outrunner,86,,INCLUDED,HOSTILE_HUMANOID,FULL_AGENT,hostile_humanoid,NO,ACCEPTED_DEFAULT,template:478
146089,478,Riverpaw Outrunner,86,,INCLUDED,HOSTILE_HUMANOID,FULL_AGENT,hostile_humanoid,NO,ACCEPTED_DEFAULT,template:478
146090,478,Riverpaw Outrunner,86,,INCLUDED,HOSTILE_HUMANOID,FULL_AGENT,hostile_humanoid,NO,ACCEPTED_DEFAULT,template:478
146091,478,Riverpaw Outrunner,86,,INCLUDED,HOSTILE_HUMANOID,FULL_AGENT,hostile_humanoid,NO,ACCEPTED_DEFAULT,template:478
146092,478,Riverpaw Outrunner,86,,INCLUDED,HOSTILE_HUMANOID,FULL_AGENT,hostile_humanoid,NO,ACCEPTED_DEFAULT,template:478
146093,525,Mangy Wolf,60,,INCLUDED,PREDATOR,FULL_AGENT,predator,NO,ACCEPTED_DEFAULT,template:525
146094,525,Mangy Wolf,12,,INCLUDED,PREDATOR,FULL_AGENT,predator,NO,ACCEPTED_DEFAULT,template:525
146095,525,Mangy Wolf,120,,INCLUDED,PREDATOR,FULL_AGENT,predator,NO,ACCEPTED_DEFAULT,template:525
146096,525,Mangy Wolf,120,,INCLUDED,PREDATOR,FULL_AGENT,predator,NO,ACCEPTED_DEFAULT,template:525
146097,525,Mangy Wolf,12,,INCLUDED,PREDATOR,FULL_AGENT,predator,NO,ACCEPTED_DEFAULT,template:525
146098,525,Mangy Wolf,12,,INCLUDED,PREDATOR,FULL_AGENT,predator,NO,ACCEPTED_DEFAULT,template:525
146099,525,Mangy Wolf,120,,INCLUDED,PREDATOR,FULL_AGENT,predator,NO,ACCEPTED_DEFAULT,template:525
146100,525,Mangy Wolf,12,,INCLUDED,PREDATOR,FULL_AGENT,predator,NO,ACCEPTED_DEFAULT,template:525
146101,525,Mangy Wolf,12,,INCLUDED,PREDATOR,FULL_AGENT,predator,NO,ACCEPTED_DEFAULT,template:525
146102,525,Mangy Wolf,12,,INCLUDED,PREDATOR,FULL_AGENT,predator,NO,ACCEPTED_DEFAULT,template:525
146103,525,Mangy Wolf,60,,INCLUDED,PREDATOR,FULL_AGENT,predator,NO,ACCEPTED_DEFAULT,template:525
146104,525,Mangy Wolf,60,,INCLUDED,PREDATOR,FULL_AGENT,predator,NO,ACCEPTED_DEFAULT,template:525
146105,525,Mangy Wolf,12,,INCLUDED,PREDATOR,FULL_AGENT,predator,NO,ACCEPTED_DEFAULT,template:525
146106,525,Mangy Wolf,12,,INCLUDED,PREDATOR,FULL_AGENT,predator,NO,ACCEPTED_DEFAULT,template:525
146107,525,Mangy Wolf,60,,INCLUDED,PREDATOR,FULL_AGENT,predator,NO,ACCEPTED_DEFAULT,template:525
146108,525,Mangy Wolf,12,,INCLUDED,PREDATOR,FULL_AGENT,predator,NO,ACCEPTED_DEFAULT,template:525
146109,525,Mangy Wolf,12,,INCLUDED,PREDATOR,FULL_AGENT,predator,NO,ACCEPTED_DEFAULT,template:525
146110,525,Mangy Wolf,12,,INCLUDED,PREDATOR,FULL_AGENT,predator,NO,ACCEPTED_DEFAULT,template:525
146111,525,Mangy Wolf,12,,INCLUDED,PREDATOR,FULL_AGENT,predator,NO,ACCEPTED_DEFAULT,template:525
146112,525,Mangy Wolf,12,,INCLUDED,PREDATOR,FULL_AGENT,predator,NO,ACCEPTED_DEFAULT,template:525
146113,525,Mangy Wolf,12,,INCLUDED,PREDATOR,FULL_AGENT,predator,NO,ACCEPTED_DEFAULT,template:525
146114,525,Mangy Wolf,12,,INCLUDED,PREDATOR,FULL_AGENT,predator,NO,ACCEPTED_DEFAULT,template:525
146115,525,Mangy Wolf,12,,INCLUDED,PREDATOR,FULL_AGENT,predator,NO,ACCEPTED_DEFAULT,template:525
146116,525,Mangy Wolf,12,,INCLUDED,PREDATOR,FULL_AGENT,predator,NO,ACCEPTED_DEFAULT,template:525
146117,525,Mangy Wolf,12,,INCLUDED,PREDATOR,FULL_AGENT,predator,NO,ACCEPTED_DEFAULT,template:525
146118,525,Mangy Wolf,18,,INCLUDED,PREDATOR,FULL_AGENT,predator,NO,ACCEPTED_DEFAULT,template:525
146119,525,Mangy Wolf,18,,INCLUDED,PREDATOR,FULL_AGENT,predator,NO,ACCEPTED_DEFAULT,template:525
146120,525,Mangy Wolf,18,,INCLUDED,PREDATOR,FULL_AGENT,predator,NO,ACCEPTED_DEFAULT,template:525
146121,525,Mangy Wolf,60,,INCLUDED,PREDATOR,FULL_AGENT,predator,NO,ACCEPTED_DEFAULT,template:525
146122,525,Mangy Wolf,12,,INCLUDED,PREDATOR,FULL_AGENT,predator,NO,ACCEPTED_DEFAULT,template:525
146123,525,Mangy Wolf,12,,INCLUDED,PREDATOR,FULL_AGENT,predator,NO,ACCEPTED_DEFAULT,template:525
146124,525,Mangy Wolf,12,,INCLUDED,PREDATOR,FULL_AGENT,predator,NO,ACCEPTED_DEFAULT,template:525
146125,525,Mangy Wolf,18,,INCLUDED,PREDATOR,FULL_AGENT,predator,NO,ACCEPTED_DEFAULT,template:525
146126,525,Mangy Wolf,18,,INCLUDED,PREDATOR,FULL_AGENT,predator,NO,ACCEPTED_DEFAULT,template:525
146127,525,Mangy Wolf,18,,INCLUDED,PREDATOR,FULL_AGENT,predator,NO,ACCEPTED_DEFAULT,template:525
146128,525,Mangy Wolf,18,,INCLUDED,PREDATOR,FULL_AGENT,predator,NO,ACCEPTED_DEFAULT,template:525
146129,525,Mangy Wolf,12,,INCLUDED,PREDATOR,FULL_AGENT,predator,NO,ACCEPTED_DEFAULT,template:525
146130,525,Mangy Wolf,12,,INCLUDED,PREDATOR,FULL_AGENT,predator,NO,ACCEPTED_DEFAULT,template:525
146131,525,Mangy Wolf,18,,INCLUDED,PREDATOR,FULL_AGENT,predator,NO,ACCEPTED_DEFAULT,template:525
146132,525,Mangy Wolf,12,,INCLUDED,PREDATOR,FULL_AGENT,predator,NO,ACCEPTED_DEFAULT,template:525
146133,525,Mangy Wolf,87,,INCLUDED,PREDATOR,FULL_AGENT,predator,NO,ACCEPTED_DEFAULT,template:525
146134,525,Mangy Wolf,18,,INCLUDED,PREDATOR,FULL_AGENT,predator,NO,ACCEPTED_DEFAULT,template:525
146135,525,Mangy Wolf,12,,INCLUDED,PREDATOR,FULL_AGENT,predator,NO,ACCEPTED_DEFAULT,template:525
146136,525,Mangy Wolf,12,,INCLUDED,PREDATOR,FULL_AGENT,predator,NO,ACCEPTED_DEFAULT,template:525
146137,525,Mangy Wolf,89,,INCLUDED,PREDATOR,FULL_AGENT,predator,NO,ACCEPTED_DEFAULT,template:525
146138,525,Mangy Wolf,92,,INCLUDED,PREDATOR,FULL_AGENT,predator,NO,ACCEPTED_DEFAULT,template:525
146139,525,Mangy Wolf,12,,INCLUDED,PREDATOR,FULL_AGENT,predator,NO,ACCEPTED_DEFAULT,template:525
146140,525,Mangy Wolf,12,,INCLUDED,PREDATOR,FULL_AGENT,predator,NO,ACCEPTED_DEFAULT,template:525
146141,525,Mangy Wolf,12,,INCLUDED,PREDATOR,FULL_AGENT,predator,NO,ACCEPTED_DEFAULT,template:525
146142,525,Mangy Wolf,18,,INCLUDED,PREDATOR,FULL_AGENT,predator,NO,ACCEPTED_DEFAULT,template:525
146143,525,Mangy Wolf,12,,INCLUDED,PREDATOR,FULL_AGENT,predator,NO,ACCEPTED_DEFAULT,template:525
146144,525,Mangy Wolf,12,,INCLUDED,PREDATOR,FULL_AGENT,predator,NO,ACCEPTED_DEFAULT,template:525
146145,525,Mangy Wolf,18,,INCLUDED,PREDATOR,FULL_AGENT,predator,NO,ACCEPTED_DEFAULT,template:525
146146,525,Mangy Wolf,18,,INCLUDED,PREDATOR,FULL_AGENT,predator,NO,ACCEPTED_DEFAULT,template:525
146147,525,Mangy Wolf,18,,INCLUDED,PREDATOR,FULL_AGENT,predator,NO,ACCEPTED_DEFAULT,template:525
146148,525,Mangy Wolf,12,,INCLUDED,PREDATOR,FULL_AGENT,predator,NO,ACCEPTED_DEFAULT,template:525
146149,525,Mangy Wolf,12,,INCLUDED,PREDATOR,FULL_AGENT,predator,NO,ACCEPTED_DEFAULT,template:525
146150,525,Mangy Wolf,12,,INCLUDED,PREDATOR,FULL_AGENT,predator,NO,ACCEPTED_DEFAULT,template:525
146151,525,Mangy Wolf,87,,INCLUDED,PREDATOR,FULL_AGENT,predator,NO,ACCEPTED_DEFAULT,template:525
146152,525,Mangy Wolf,18,,INCLUDED,PREDATOR,FULL_AGENT,predator,NO,ACCEPTED_DEFAULT,template:525
146153,525,Mangy Wolf,18,,INCLUDED,PREDATOR,FULL_AGENT,predator,NO,ACCEPTED_DEFAULT,template:525
146154,525,Mangy Wolf,18,,INCLUDED,PREDATOR,FULL_AGENT,predator,NO,ACCEPTED_DEFAULT,template:525
146155,525,Mangy Wolf,18,,INCLUDED,PREDATOR,FULL_AGENT,predator,NO,ACCEPTED_DEFAULT,template:525
146156,525,Mangy Wolf,18,,INCLUDED,PREDATOR,FULL_AGENT,predator,NO,ACCEPTED_DEFAULT,template:525
146157,525,Mangy Wolf,12,,INCLUDED,PREDATOR,FULL_AGENT,predator,NO,ACCEPTED_DEFAULT,template:525
146158,525,Mangy Wolf,12,,INCLUDED,PREDATOR,FULL_AGENT,predator,NO,ACCEPTED_DEFAULT,template:525
146159,525,Mangy Wolf,18,,INCLUDED,PREDATOR,FULL_AGENT,predator,NO,ACCEPTED_DEFAULT,template:525
146160,525,Mangy Wolf,12,,INCLUDED,PREDATOR,FULL_AGENT,predator,NO,ACCEPTED_DEFAULT,template:525
146161,525,Mangy Wolf,18,,INCLUDED,PREDATOR,FULL_AGENT,predator,NO,ACCEPTED_DEFAULT,template:525
146162,525,Mangy Wolf,18,,INCLUDED,PREDATOR,FULL_AGENT,predator,NO,ACCEPTED_DEFAULT,template:525
146163,525,Mangy Wolf,12,,INCLUDED,PREDATOR,FULL_AGENT,predator,NO,ACCEPTED_DEFAULT,template:525
146164,525,Mangy Wolf,18,,INCLUDED,PREDATOR,FULL_AGENT,predator,NO,ACCEPTED_DEFAULT,template:525
146165,525,Mangy Wolf,18,,INCLUDED,PREDATOR,FULL_AGENT,predator,NO,ACCEPTED_DEFAULT,template:525
146166,525,Mangy Wolf,12,,INCLUDED,PREDATOR,FULL_AGENT,predator,NO,ACCEPTED_DEFAULT,template:525
146167,525,Mangy Wolf,18,,INCLUDED,PREDATOR,FULL_AGENT,predator,NO,ACCEPTED_DEFAULT,template:525
146168,525,Mangy Wolf,92,,INCLUDED,PREDATOR,FULL_AGENT,predator,NO,ACCEPTED_DEFAULT,template:525
146169,525,Mangy Wolf,18,,INCLUDED,PREDATOR,FULL_AGENT,predator,NO,ACCEPTED_DEFAULT,template:525
146170,525,Mangy Wolf,18,,INCLUDED,PREDATOR,FULL_AGENT,predator,NO,ACCEPTED_DEFAULT,template:525
146171,525,Mangy Wolf,12,,INCLUDED,PREDATOR,FULL_AGENT,predator,NO,ACCEPTED_DEFAULT,template:525
146172,525,Mangy Wolf,12,,INCLUDED,PREDATOR,FULL_AGENT,predator,NO,ACCEPTED_DEFAULT,template:525
146173,525,Mangy Wolf,12,,INCLUDED,PREDATOR,FULL_AGENT,predator,NO,ACCEPTED_DEFAULT,template:525
146174,525,Mangy Wolf,12,,INCLUDED,PREDATOR,FULL_AGENT,predator,NO,ACCEPTED_DEFAULT,template:525
146175,525,Mangy Wolf,12,,INCLUDED,PREDATOR,FULL_AGENT,predator,NO,ACCEPTED_DEFAULT,template:525
146176,525,Mangy Wolf,12,,INCLUDED,PREDATOR,FULL_AGENT,predator,NO,ACCEPTED_DEFAULT,template:525
146177,822,Young Forest Bear,64,,INCLUDED,PREDATOR,FULL_AGENT,predator,NO,ACCEPTED_DEFAULT,template:822
146178,822,Young Forest Bear,60,,INCLUDED,PREDATOR,FULL_AGENT,predator,NO,ACCEPTED_DEFAULT,template:822
146179,822,Young Forest Bear,57,,INCLUDED,PREDATOR,FULL_AGENT,predator,NO,ACCEPTED_DEFAULT,template:822
146180,822,Young Forest Bear,57,,INCLUDED,PREDATOR,FULL_AGENT,predator,NO,ACCEPTED_DEFAULT,template:822
146181,822,Young Forest Bear,797,,INCLUDED,PREDATOR,FULL_AGENT,predator,NO,ACCEPTED_DEFAULT,template:822
146182,822,Young Forest Bear,798,,INCLUDED,PREDATOR,FULL_AGENT,predator,NO,ACCEPTED_DEFAULT,template:822
146183,822,Young Forest Bear,12,,INCLUDED,PREDATOR,FULL_AGENT,predator,NO,ACCEPTED_DEFAULT,template:822
146184,822,Young Forest Bear,60,,INCLUDED,PREDATOR,FULL_AGENT,predator,NO,ACCEPTED_DEFAULT,template:822
146185,822,Young Forest Bear,12,,INCLUDED,PREDATOR,FULL_AGENT,predator,NO,ACCEPTED_DEFAULT,template:822
146186,822,Young Forest Bear,797,,INCLUDED,PREDATOR,FULL_AGENT,predator,NO,ACCEPTED_DEFAULT,template:822
146187,822,Young Forest Bear,798,,INCLUDED,PREDATOR,FULL_AGENT,predator,NO,ACCEPTED_DEFAULT,template:822
146188,822,Young Forest Bear,60,,INCLUDED,PREDATOR,FULL_AGENT,predator,NO,ACCEPTED_DEFAULT,template:822
146189,822,Young Forest Bear,62,,INCLUDED,PREDATOR,FULL_AGENT,predator,NO,ACCEPTED_DEFAULT,template:822
146190,822,Young Forest Bear,12,,INCLUDED,PREDATOR,FULL_AGENT,predator,NO,ACCEPTED_DEFAULT,template:822
146191,822,Young Forest Bear,12,,INCLUDED,PREDATOR,FULL_AGENT,predator,NO,ACCEPTED_DEFAULT,template:822
146192,822,Young Forest Bear,12,,INCLUDED,PREDATOR,FULL_AGENT,predator,NO,ACCEPTED_DEFAULT,template:822
146193,822,Young Forest Bear,12,,INCLUDED,PREDATOR,FULL_AGENT,predator,NO,ACCEPTED_DEFAULT,template:822
146194,822,Young Forest Bear,12,,INCLUDED,PREDATOR,FULL_AGENT,predator,NO,ACCEPTED_DEFAULT,template:822
146195,822,Young Forest Bear,12,,INCLUDED,PREDATOR,FULL_AGENT,predator,NO,ACCEPTED_DEFAULT,template:822
146196,822,Young Forest Bear,12,,INCLUDED,PREDATOR,FULL_AGENT,predator,NO,ACCEPTED_DEFAULT,template:822
146197,822,Young Forest Bear,62,,INCLUDED,PREDATOR,FULL_AGENT,predator,NO,ACCEPTED_DEFAULT,template:822
146198,822,Young Forest Bear,798,,INCLUDED,PREDATOR,FULL_AGENT,predator,NO,ACCEPTED_DEFAULT,template:822
146199,822,Young Forest Bear,798,,INCLUDED,PREDATOR,FULL_AGENT,predator,NO,ACCEPTED_DEFAULT,template:822
146200,822,Young Forest Bear,12,,INCLUDED,PREDATOR,FULL_AGENT,predator,NO,ACCEPTED_DEFAULT,template:822
146201,822,Young Forest Bear,798,,INCLUDED,PREDATOR,FULL_AGENT,predator,NO,ACCEPTED_DEFAULT,template:822
146202,822,Young Forest Bear,12,,INCLUDED,PREDATOR,FULL_AGENT,predator,NO,ACCEPTED_DEFAULT,template:822
146203,822,Young Forest Bear,12,,INCLUDED,PREDATOR,FULL_AGENT,predator,NO,ACCEPTED_DEFAULT,template:822
146204,822,Young Forest Bear,12,,INCLUDED,PREDATOR,FULL_AGENT,predator,NO,ACCEPTED_DEFAULT,template:822
146205,822,Young Forest Bear,12,,INCLUDED,PREDATOR,FULL_AGENT,predator,NO,ACCEPTED_DEFAULT,template:822
146206,822,Young Forest Bear,120,,INCLUDED,PREDATOR,FULL_AGENT,predator,NO,ACCEPTED_DEFAULT,template:822
146207,822,Young Forest Bear,12,,INCLUDED,PREDATOR,FULL_AGENT,predator,NO,ACCEPTED_DEFAULT,template:822
146208,822,Young Forest Bear,12,,INCLUDED,PREDATOR,FULL_AGENT,predator,NO,ACCEPTED_DEFAULT,template:822
146209,822,Young Forest Bear,12,,INCLUDED,PREDATOR,FULL_AGENT,predator,NO,ACCEPTED_DEFAULT,template:822
146210,822,Young Forest Bear,62,,INCLUDED,PREDATOR,FULL_AGENT,predator,NO,ACCEPTED_DEFAULT,template:822
146211,822,Young Forest Bear,88,,INCLUDED,PREDATOR,FULL_AGENT,predator,NO,ACCEPTED_DEFAULT,template:822
146212,822,Young Forest Bear,18,,INCLUDED,PREDATOR,FULL_AGENT,predator,NO,ACCEPTED_DEFAULT,template:822
146213,822,Young Forest Bear,12,,INCLUDED,PREDATOR,FULL_AGENT,predator,NO,ACCEPTED_DEFAULT,template:822
146214,822,Young Forest Bear,91,,INCLUDED,PREDATOR,FULL_AGENT,predator,NO,ACCEPTED_DEFAULT,template:822
146215,822,Young Forest Bear,88,,INCLUDED,PREDATOR,FULL_AGENT,predator,NO,ACCEPTED_DEFAULT,template:822
146216,822,Young Forest Bear,88,,INCLUDED,PREDATOR,FULL_AGENT,predator,NO,ACCEPTED_DEFAULT,template:822
146217,822,Young Forest Bear,91,,INCLUDED,PREDATOR,FULL_AGENT,predator,NO,ACCEPTED_DEFAULT,template:822
146218,822,Young Forest Bear,12,,INCLUDED,PREDATOR,FULL_AGENT,predator,NO,ACCEPTED_DEFAULT,template:822
146219,822,Young Forest Bear,91,,INCLUDED,PREDATOR,FULL_AGENT,predator,NO,ACCEPTED_DEFAULT,template:822
146220,822,Young Forest Bear,88,,INCLUDED,PREDATOR,FULL_AGENT,predator,NO,ACCEPTED_DEFAULT,template:822
146221,822,Young Forest Bear,86,,INCLUDED,PREDATOR,FULL_AGENT,predator,NO,ACCEPTED_DEFAULT,template:822
146222,822,Young Forest Bear,86,,INCLUDED,PREDATOR,FULL_AGENT,predator,NO,ACCEPTED_DEFAULT,template:822
146223,822,Young Forest Bear,88,,INCLUDED,PREDATOR,FULL_AGENT,predator,NO,ACCEPTED_DEFAULT,template:822
146248,13321,Frog,60,,INCLUDED,PREY_FAUNA,LIGHTWEIGHT_BACKGROUND,fauna,NO,ACCEPTED_DEFAULT,template:13321
146249,13321,Frog,60,,INCLUDED,PREY_FAUNA,LIGHTWEIGHT_BACKGROUND,fauna,NO,ACCEPTED_DEFAULT,template:13321
146259,13321,Frog,60,,INCLUDED,PREY_FAUNA,LIGHTWEIGHT_BACKGROUND,fauna,NO,ACCEPTED_DEFAULT,template:13321
146260,13321,Frog,60,,INCLUDED,PREY_FAUNA,LIGHTWEIGHT_BACKGROUND,fauna,NO,ACCEPTED_DEFAULT,template:13321
146262,13321,Frog,60,,INCLUDED,PREY_FAUNA,LIGHTWEIGHT_BACKGROUND,fauna,NO,ACCEPTED_DEFAULT,template:13321
146270,13321,Frog,64,,INCLUDED,PREY_FAUNA,LIGHTWEIGHT_BACKGROUND,fauna,NO,ACCEPTED_DEFAULT,template:13321
146274,13321,Frog,57,,INCLUDED,PREY_FAUNA,LIGHTWEIGHT_BACKGROUND,fauna,NO,ACCEPTED_DEFAULT,template:13321
146276,13321,Frog,57,,INCLUDED,PREY_FAUNA,LIGHTWEIGHT_BACKGROUND,fauna,NO,ACCEPTED_DEFAULT,template:13321
146277,13321,Frog,64,,INCLUDED,PREY_FAUNA,LIGHTWEIGHT_BACKGROUND,fauna,NO,ACCEPTED_DEFAULT,template:13321
146280,13321,Frog,64,,INCLUDED,PREY_FAUNA,LIGHTWEIGHT_BACKGROUND,fauna,NO,ACCEPTED_DEFAULT,template:13321
146281,13321,Frog,57,,INCLUDED,PREY_FAUNA,LIGHTWEIGHT_BACKGROUND,fauna,NO,ACCEPTED_DEFAULT,template:13321
146283,13321,Frog,57,,INCLUDED,PREY_FAUNA,LIGHTWEIGHT_BACKGROUND,fauna,NO,ACCEPTED_DEFAULT,template:13321
146284,13321,Frog,60,,INCLUDED,PREY_FAUNA,LIGHTWEIGHT_BACKGROUND,fauna,NO,ACCEPTED_DEFAULT,template:13321
146286,13321,Frog,60,,INCLUDED,PREY_FAUNA,LIGHTWEIGHT_BACKGROUND,fauna,NO,ACCEPTED_DEFAULT,template:13321
146288,13321,Frog,60,,INCLUDED,PREY_FAUNA,LIGHTWEIGHT_BACKGROUND,fauna,NO,ACCEPTED_DEFAULT,template:13321
146293,13321,Frog,60,,INCLUDED,PREY_FAUNA,LIGHTWEIGHT_BACKGROUND,fauna,NO,ACCEPTED_DEFAULT,template:13321
146294,13321,Frog,60,,INCLUDED,PREY_FAUNA,LIGHTWEIGHT_BACKGROUND,fauna,NO,ACCEPTED_DEFAULT,template:13321
146295,13321,Frog,64,,INCLUDED,PREY_FAUNA,LIGHTWEIGHT_BACKGROUND,fauna,NO,ACCEPTED_DEFAULT,template:13321
146296,13321,Frog,60,,INCLUDED,PREY_FAUNA,LIGHTWEIGHT_BACKGROUND,fauna,NO,ACCEPTED_DEFAULT,template:13321
146297,13321,Frog,63,,INCLUDED,PREY_FAUNA,LIGHTWEIGHT_BACKGROUND,fauna,NO,ACCEPTED_DEFAULT,template:13321
146298,13321,Frog,60,,INCLUDED,PREY_FAUNA,LIGHTWEIGHT_BACKGROUND,fauna,NO,ACCEPTED_DEFAULT,template:13321
146299,13321,Frog,63,,INCLUDED,PREY_FAUNA,LIGHTWEIGHT_BACKGROUND,fauna,NO,ACCEPTED_DEFAULT,template:13321
146301,13321,Frog,63,,INCLUDED,PREY_FAUNA,LIGHTWEIGHT_BACKGROUND,fauna,NO,ACCEPTED_DEFAULT,template:13321
146303,13321,Frog,63,,INCLUDED,PREY_FAUNA,LIGHTWEIGHT_BACKGROUND,fauna,NO,ACCEPTED_DEFAULT,template:13321
146304,13321,Frog,63,,INCLUDED,PREY_FAUNA,LIGHTWEIGHT_BACKGROUND,fauna,NO,ACCEPTED_DEFAULT,template:13321
146306,13321,Frog,63,,INCLUDED,PREY_FAUNA,LIGHTWEIGHT_BACKGROUND,fauna,NO,ACCEPTED_DEFAULT,template:13321
146307,13321,Frog,60,,INCLUDED,PREY_FAUNA,LIGHTWEIGHT_BACKGROUND,fauna,NO,ACCEPTED_DEFAULT,template:13321
146308,13321,Frog,63,,INCLUDED,PREY_FAUNA,LIGHTWEIGHT_BACKGROUND,fauna,NO,ACCEPTED_DEFAULT,template:13321
146309,13321,Frog,63,,INCLUDED,PREY_FAUNA,LIGHTWEIGHT_BACKGROUND,fauna,NO,ACCEPTED_DEFAULT,template:13321
146313,13321,Frog,63,,INCLUDED,PREY_FAUNA,LIGHTWEIGHT_BACKGROUND,fauna,NO,ACCEPTED_DEFAULT,template:13321
146317,13321,Frog,797,,INCLUDED,PREY_FAUNA,LIGHTWEIGHT_BACKGROUND,fauna,NO,ACCEPTED_DEFAULT,template:13321
146318,13321,Frog,797,,INCLUDED,PREY_FAUNA,LIGHTWEIGHT_BACKGROUND,fauna,NO,ACCEPTED_DEFAULT,template:13321
146319,13321,Frog,797,,INCLUDED,PREY_FAUNA,LIGHTWEIGHT_BACKGROUND,fauna,NO,ACCEPTED_DEFAULT,template:13321
146324,13321,Frog,60,,INCLUDED,PREY_FAUNA,LIGHTWEIGHT_BACKGROUND,fauna,NO,ACCEPTED_DEFAULT,template:13321
146327,13321,Frog,60,,INCLUDED,PREY_FAUNA,LIGHTWEIGHT_BACKGROUND,fauna,NO,ACCEPTED_DEFAULT,template:13321
146333,13321,Frog,12,,INCLUDED,PREY_FAUNA,LIGHTWEIGHT_BACKGROUND,fauna,NO,ACCEPTED_DEFAULT,template:13321
146335,13321,Frog,60,,INCLUDED,PREY_FAUNA,LIGHTWEIGHT_BACKGROUND,fauna,NO,ACCEPTED_DEFAULT,template:13321
146337,13321,Frog,60,,INCLUDED,PREY_FAUNA,LIGHTWEIGHT_BACKGROUND,fauna,NO,ACCEPTED_DEFAULT,template:13321
146338,13321,Frog,797,,INCLUDED,PREY_FAUNA,LIGHTWEIGHT_BACKGROUND,fauna,NO,ACCEPTED_DEFAULT,template:13321
146340,13321,Frog,12,,INCLUDED,PREY_FAUNA,LIGHTWEIGHT_BACKGROUND,fauna,NO,ACCEPTED_DEFAULT,template:13321
146341,13321,Frog,797,,INCLUDED,PREY_FAUNA,LIGHTWEIGHT_BACKGROUND,fauna,NO,ACCEPTED_DEFAULT,template:13321
146342,13321,Frog,12,,INCLUDED,PREY_FAUNA,LIGHTWEIGHT_BACKGROUND,fauna,NO,ACCEPTED_DEFAULT,template:13321
146343,13321,Frog,60,,INCLUDED,PREY_FAUNA,LIGHTWEIGHT_BACKGROUND,fauna,NO,ACCEPTED_DEFAULT,template:13321
146346,13321,Frog,797,,INCLUDED,PREY_FAUNA,LIGHTWEIGHT_BACKGROUND,fauna,NO,ACCEPTED_DEFAULT,template:13321
146351,13321,Frog,797,,INCLUDED,PREY_FAUNA,LIGHTWEIGHT_BACKGROUND,fauna,NO,ACCEPTED_DEFAULT,template:13321
146352,13321,Frog,60,,INCLUDED,PREY_FAUNA,LIGHTWEIGHT_BACKGROUND,fauna,NO,ACCEPTED_DEFAULT,template:13321
146356,13321,Frog,60,,INCLUDED,PREY_FAUNA,LIGHTWEIGHT_BACKGROUND,fauna,NO,ACCEPTED_DEFAULT,template:13321
146357,13321,Frog,62,,INCLUDED,PREY_FAUNA,LIGHTWEIGHT_BACKGROUND,fauna,NO,ACCEPTED_DEFAULT,template:13321
146358,13321,Frog,62,,INCLUDED,PREY_FAUNA,LIGHTWEIGHT_BACKGROUND,fauna,NO,ACCEPTED_DEFAULT,template:13321
146359,13321,Frog,62,,INCLUDED,PREY_FAUNA,LIGHTWEIGHT_BACKGROUND,fauna,NO,ACCEPTED_DEFAULT,template:13321
146360,13321,Frog,12,,INCLUDED,PREY_FAUNA,LIGHTWEIGHT_BACKGROUND,fauna,NO,ACCEPTED_DEFAULT,template:13321
146361,13321,Frog,62,,INCLUDED,PREY_FAUNA,LIGHTWEIGHT_BACKGROUND,fauna,NO,ACCEPTED_DEFAULT,template:13321
146363,13321,Frog,62,,INCLUDED,PREY_FAUNA,LIGHTWEIGHT_BACKGROUND,fauna,NO,ACCEPTED_DEFAULT,template:13321
146364,13321,Frog,12,,INCLUDED,PREY_FAUNA,LIGHTWEIGHT_BACKGROUND,fauna,NO,ACCEPTED_DEFAULT,template:13321
146365,13321,Frog,62,,INCLUDED,PREY_FAUNA,LIGHTWEIGHT_BACKGROUND,fauna,NO,ACCEPTED_DEFAULT,template:13321
146366,13321,Frog,63,,INCLUDED,PREY_FAUNA,LIGHTWEIGHT_BACKGROUND,fauna,NO,ACCEPTED_DEFAULT,template:13321
146367,13321,Frog,62,,INCLUDED,PREY_FAUNA,LIGHTWEIGHT_BACKGROUND,fauna,NO,ACCEPTED_DEFAULT,template:13321
146368,13321,Frog,63,,INCLUDED,PREY_FAUNA,LIGHTWEIGHT_BACKGROUND,fauna,NO,ACCEPTED_DEFAULT,template:13321
146369,13321,Frog,62,,INCLUDED,PREY_FAUNA,LIGHTWEIGHT_BACKGROUND,fauna,NO,ACCEPTED_DEFAULT,template:13321
146370,13321,Frog,63,,INCLUDED,PREY_FAUNA,LIGHTWEIGHT_BACKGROUND,fauna,NO,ACCEPTED_DEFAULT,template:13321
146371,13321,Frog,62,,INCLUDED,PREY_FAUNA,LIGHTWEIGHT_BACKGROUND,fauna,NO,ACCEPTED_DEFAULT,template:13321
146377,13321,Frog,62,,INCLUDED,PREY_FAUNA,LIGHTWEIGHT_BACKGROUND,fauna,NO,ACCEPTED_DEFAULT,template:13321
146379,13321,Frog,62,,INCLUDED,PREY_FAUNA,LIGHTWEIGHT_BACKGROUND,fauna,NO,ACCEPTED_DEFAULT,template:13321
146380,13321,Frog,60,,INCLUDED,PREY_FAUNA,LIGHTWEIGHT_BACKGROUND,fauna,NO,ACCEPTED_DEFAULT,template:13321
146386,13321,Frog,12,,INCLUDED,PREY_FAUNA,LIGHTWEIGHT_BACKGROUND,fauna,NO,ACCEPTED_DEFAULT,template:13321
146387,13321,Frog,60,,INCLUDED,PREY_FAUNA,LIGHTWEIGHT_BACKGROUND,fauna,NO,ACCEPTED_DEFAULT,template:13321
146389,13321,Frog,12,,INCLUDED,PREY_FAUNA,LIGHTWEIGHT_BACKGROUND,fauna,NO,ACCEPTED_DEFAULT,template:13321
146390,13321,Frog,12,,INCLUDED,PREY_FAUNA,LIGHTWEIGHT_BACKGROUND,fauna,NO,ACCEPTED_DEFAULT,template:13321
146391,13321,Frog,12,,INCLUDED,PREY_FAUNA,LIGHTWEIGHT_BACKGROUND,fauna,NO,ACCEPTED_DEFAULT,template:13321
146392,13321,Frog,12,,INCLUDED,PREY_FAUNA,LIGHTWEIGHT_BACKGROUND,fauna,NO,ACCEPTED_DEFAULT,template:13321
146393,13321,Frog,12,,INCLUDED,PREY_FAUNA,LIGHTWEIGHT_BACKGROUND,fauna,NO,ACCEPTED_DEFAULT,template:13321
146394,13321,Frog,60,,INCLUDED,PREY_FAUNA,LIGHTWEIGHT_BACKGROUND,fauna,NO,ACCEPTED_DEFAULT,template:13321
146395,13321,Frog,63,,INCLUDED,PREY_FAUNA,LIGHTWEIGHT_BACKGROUND,fauna,NO,ACCEPTED_DEFAULT,template:13321
146396,13321,Frog,60,,INCLUDED,PREY_FAUNA,LIGHTWEIGHT_BACKGROUND,fauna,NO,ACCEPTED_DEFAULT,template:13321
146397,13321,Frog,12,,INCLUDED,PREY_FAUNA,LIGHTWEIGHT_BACKGROUND,fauna,NO,ACCEPTED_DEFAULT,template:13321
146398,13321,Frog,12,,INCLUDED,PREY_FAUNA,LIGHTWEIGHT_BACKGROUND,fauna,NO,ACCEPTED_DEFAULT,template:13321
146399,13321,Frog,12,,INCLUDED,PREY_FAUNA,LIGHTWEIGHT_BACKGROUND,fauna,NO,ACCEPTED_DEFAULT,template:13321
146400,13321,Frog,12,,INCLUDED,PREY_FAUNA,LIGHTWEIGHT_BACKGROUND,fauna,NO,ACCEPTED_DEFAULT,template:13321
146401,13321,Frog,12,,INCLUDED,PREY_FAUNA,LIGHTWEIGHT_BACKGROUND,fauna,NO,ACCEPTED_DEFAULT,template:13321
146402,13321,Frog,60,,INCLUDED,PREY_FAUNA,LIGHTWEIGHT_BACKGROUND,fauna,NO,ACCEPTED_DEFAULT,template:13321
146403,13321,Frog,60,,INCLUDED,PREY_FAUNA,LIGHTWEIGHT_BACKGROUND,fauna,NO,ACCEPTED_DEFAULT,template:13321
146407,13321,Frog,12,,INCLUDED,PREY_FAUNA,LIGHTWEIGHT_BACKGROUND,fauna,NO,ACCEPTED_DEFAULT,template:13321
146410,13321,Frog,12,,INCLUDED,PREY_FAUNA,LIGHTWEIGHT_BACKGROUND,fauna,NO,ACCEPTED_DEFAULT,template:13321
146411,13321,Frog,60,,INCLUDED,PREY_FAUNA,LIGHTWEIGHT_BACKGROUND,fauna,NO,ACCEPTED_DEFAULT,template:13321
146412,13321,Frog,12,,INCLUDED,PREY_FAUNA,LIGHTWEIGHT_BACKGROUND,fauna,NO,ACCEPTED_DEFAULT,template:13321
146413,13321,Frog,12,,INCLUDED,PREY_FAUNA,LIGHTWEIGHT_BACKGROUND,fauna,NO,ACCEPTED_DEFAULT,template:13321
146414,13321,Frog,12,,INCLUDED,PREY_FAUNA,LIGHTWEIGHT_BACKGROUND,fauna,NO,ACCEPTED_DEFAULT,template:13321
146415,13321,Frog,12,,INCLUDED,PREY_FAUNA,LIGHTWEIGHT_BACKGROUND,fauna,NO,ACCEPTED_DEFAULT,template:13321
146416,13321,Frog,12,,INCLUDED,PREY_FAUNA,LIGHTWEIGHT_BACKGROUND,fauna,NO,ACCEPTED_DEFAULT,template:13321
146417,13321,Frog,12,,INCLUDED,PREY_FAUNA,LIGHTWEIGHT_BACKGROUND,fauna,NO,ACCEPTED_DEFAULT,template:13321
146418,13321,Frog,12,,INCLUDED,PREY_FAUNA,LIGHTWEIGHT_BACKGROUND,fauna,NO,ACCEPTED_DEFAULT,template:13321
146419,13321,Frog,12,,INCLUDED,PREY_FAUNA,LIGHTWEIGHT_BACKGROUND,fauna,NO,ACCEPTED_DEFAULT,template:13321
146420,13321,Frog,12,,INCLUDED,PREY_FAUNA,LIGHTWEIGHT_BACKGROUND,fauna,NO,ACCEPTED_DEFAULT,template:13321
146421,13321,Frog,12,,INCLUDED,PREY_FAUNA,LIGHTWEIGHT_BACKGROUND,fauna,NO,ACCEPTED_DEFAULT,template:13321
146422,13321,Frog,60,,INCLUDED,PREY_FAUNA,LIGHTWEIGHT_BACKGROUND,fauna,NO,ACCEPTED_DEFAULT,template:13321
146423,13321,Frog,12,,INCLUDED,PREY_FAUNA,LIGHTWEIGHT_BACKGROUND,fauna,NO,ACCEPTED_DEFAULT,template:13321
146424,13321,Frog,12,,INCLUDED,PREY_FAUNA,LIGHTWEIGHT_BACKGROUND,fauna,NO,ACCEPTED_DEFAULT,template:13321
146425,13321,Frog,12,,INCLUDED,PREY_FAUNA,LIGHTWEIGHT_BACKGROUND,fauna,NO,ACCEPTED_DEFAULT,template:13321
146426,13321,Frog,12,,INCLUDED,PREY_FAUNA,LIGHTWEIGHT_BACKGROUND,fauna,NO,ACCEPTED_DEFAULT,template:13321
146427,13321,Frog,18,,INCLUDED,PREY_FAUNA,LIGHTWEIGHT_BACKGROUND,fauna,NO,ACCEPTED_DEFAULT,template:13321
146428,13321,Frog,18,,INCLUDED,PREY_FAUNA,LIGHTWEIGHT_BACKGROUND,fauna,NO,ACCEPTED_DEFAULT,template:13321
146429,13321,Frog,18,,INCLUDED,PREY_FAUNA,LIGHTWEIGHT_BACKGROUND,fauna,NO,ACCEPTED_DEFAULT,template:13321
146430,13321,Frog,18,,INCLUDED,PREY_FAUNA,LIGHTWEIGHT_BACKGROUND,fauna,NO,ACCEPTED_DEFAULT,template:13321
146431,13321,Frog,18,,INCLUDED,PREY_FAUNA,LIGHTWEIGHT_BACKGROUND,fauna,NO,ACCEPTED_DEFAULT,template:13321
146432,13321,Frog,18,,INCLUDED,PREY_FAUNA,LIGHTWEIGHT_BACKGROUND,fauna,NO,ACCEPTED_DEFAULT,template:13321
146433,13321,Frog,18,,INCLUDED,PREY_FAUNA,LIGHTWEIGHT_BACKGROUND,fauna,NO,ACCEPTED_DEFAULT,template:13321
146434,13321,Frog,88,,INCLUDED,PREY_FAUNA,LIGHTWEIGHT_BACKGROUND,fauna,NO,ACCEPTED_DEFAULT,template:13321
146435,13321,Frog,89,,INCLUDED,PREY_FAUNA,LIGHTWEIGHT_BACKGROUND,fauna,NO,ACCEPTED_DEFAULT,template:13321
146436,13321,Frog,18,,INCLUDED,PREY_FAUNA,LIGHTWEIGHT_BACKGROUND,fauna,NO,ACCEPTED_DEFAULT,template:13321
146437,13321,Frog,18,,INCLUDED,PREY_FAUNA,LIGHTWEIGHT_BACKGROUND,fauna,NO,ACCEPTED_DEFAULT,template:13321
146438,13321,Frog,18,,INCLUDED,PREY_FAUNA,LIGHTWEIGHT_BACKGROUND,fauna,NO,ACCEPTED_DEFAULT,template:13321
146439,13321,Frog,18,,INCLUDED,PREY_FAUNA,LIGHTWEIGHT_BACKGROUND,fauna,NO,ACCEPTED_DEFAULT,template:13321
146440,13321,Frog,18,,INCLUDED,PREY_FAUNA,LIGHTWEIGHT_BACKGROUND,fauna,NO,ACCEPTED_DEFAULT,template:13321
146441,13321,Frog,18,,INCLUDED,PREY_FAUNA,LIGHTWEIGHT_BACKGROUND,fauna,NO,ACCEPTED_DEFAULT,template:13321
146442,13321,Frog,18,,INCLUDED,PREY_FAUNA,LIGHTWEIGHT_BACKGROUND,fauna,NO,ACCEPTED_DEFAULT,template:13321
146443,13321,Frog,18,,INCLUDED,PREY_FAUNA,LIGHTWEIGHT_BACKGROUND,fauna,NO,ACCEPTED_DEFAULT,template:13321
146444,13321,Frog,18,,INCLUDED,PREY_FAUNA,LIGHTWEIGHT_BACKGROUND,fauna,NO,ACCEPTED_DEFAULT,template:13321
146445,13321,Frog,18,,INCLUDED,PREY_FAUNA,LIGHTWEIGHT_BACKGROUND,fauna,NO,ACCEPTED_DEFAULT,template:13321
146446,13321,Frog,18,,INCLUDED,PREY_FAUNA,LIGHTWEIGHT_BACKGROUND,fauna,NO,ACCEPTED_DEFAULT,template:13321
146447,13321,Frog,18,,INCLUDED,PREY_FAUNA,LIGHTWEIGHT_BACKGROUND,fauna,NO,ACCEPTED_DEFAULT,template:13321
146448,13321,Frog,18,,INCLUDED,PREY_FAUNA,LIGHTWEIGHT_BACKGROUND,fauna,NO,ACCEPTED_DEFAULT,template:13321
146449,13321,Frog,18,,INCLUDED,PREY_FAUNA,LIGHTWEIGHT_BACKGROUND,fauna,NO,ACCEPTED_DEFAULT,template:13321
146450,13321,Frog,18,,INCLUDED,PREY_FAUNA,LIGHTWEIGHT_BACKGROUND,fauna,NO,ACCEPTED_DEFAULT,template:13321
146451,13321,Frog,18,,INCLUDED,PREY_FAUNA,LIGHTWEIGHT_BACKGROUND,fauna,NO,ACCEPTED_DEFAULT,template:13321
146452,13321,Frog,18,,INCLUDED,PREY_FAUNA,LIGHTWEIGHT_BACKGROUND,fauna,NO,ACCEPTED_DEFAULT,template:13321
146453,13321,Frog,92,,INCLUDED,PREY_FAUNA,LIGHTWEIGHT_BACKGROUND,fauna,NO,ACCEPTED_DEFAULT,template:13321
146454,13321,Frog,12,,INCLUDED,PREY_FAUNA,LIGHTWEIGHT_BACKGROUND,fauna,NO,ACCEPTED_DEFAULT,template:13321
146455,13321,Frog,18,,INCLUDED,PREY_FAUNA,LIGHTWEIGHT_BACKGROUND,fauna,NO,ACCEPTED_DEFAULT,template:13321
146456,13321,Frog,18,,INCLUDED,PREY_FAUNA,LIGHTWEIGHT_BACKGROUND,fauna,NO,ACCEPTED_DEFAULT,template:13321
146457,13321,Frog,12,,INCLUDED,PREY_FAUNA,LIGHTWEIGHT_BACKGROUND,fauna,NO,ACCEPTED_DEFAULT,template:13321
146458,13321,Frog,92,,INCLUDED,PREY_FAUNA,LIGHTWEIGHT_BACKGROUND,fauna,NO,ACCEPTED_DEFAULT,template:13321
146459,13321,Frog,18,,INCLUDED,PREY_FAUNA,LIGHTWEIGHT_BACKGROUND,fauna,NO,ACCEPTED_DEFAULT,template:13321
146460,13321,Frog,92,,INCLUDED,PREY_FAUNA,LIGHTWEIGHT_BACKGROUND,fauna,NO,ACCEPTED_DEFAULT,template:13321
146461,13321,Frog,92,,INCLUDED,PREY_FAUNA,LIGHTWEIGHT_BACKGROUND,fauna,NO,ACCEPTED_DEFAULT,template:13321
146462,13321,Frog,18,,INCLUDED,PREY_FAUNA,LIGHTWEIGHT_BACKGROUND,fauna,NO,ACCEPTED_DEFAULT,template:13321
146463,13321,Frog,18,,INCLUDED,PREY_FAUNA,LIGHTWEIGHT_BACKGROUND,fauna,NO,ACCEPTED_DEFAULT,template:13321
146464,13321,Frog,18,,INCLUDED,PREY_FAUNA,LIGHTWEIGHT_BACKGROUND,fauna,NO,ACCEPTED_DEFAULT,template:13321
146465,13321,Frog,18,,INCLUDED,PREY_FAUNA,LIGHTWEIGHT_BACKGROUND,fauna,NO,ACCEPTED_DEFAULT,template:13321
146466,13321,Frog,92,,INCLUDED,PREY_FAUNA,LIGHTWEIGHT_BACKGROUND,fauna,NO,ACCEPTED_DEFAULT,template:13321
146467,13321,Frog,18,,INCLUDED,PREY_FAUNA,LIGHTWEIGHT_BACKGROUND,fauna,NO,ACCEPTED_DEFAULT,template:13321
146468,13321,Frog,18,,INCLUDED,PREY_FAUNA,LIGHTWEIGHT_BACKGROUND,fauna,NO,ACCEPTED_DEFAULT,template:13321
146469,13321,Frog,92,,INCLUDED,PREY_FAUNA,LIGHTWEIGHT_BACKGROUND,fauna,NO,ACCEPTED_DEFAULT,template:13321
146470,13321,Frog,92,,INCLUDED,PREY_FAUNA,LIGHTWEIGHT_BACKGROUND,fauna,NO,ACCEPTED_DEFAULT,template:13321
146471,13321,Frog,18,,INCLUDED,PREY_FAUNA,LIGHTWEIGHT_BACKGROUND,fauna,NO,ACCEPTED_DEFAULT,template:13321
146472,13321,Frog,18,,INCLUDED,PREY_FAUNA,LIGHTWEIGHT_BACKGROUND,fauna,NO,ACCEPTED_DEFAULT,template:13321
146473,13321,Frog,18,,INCLUDED,PREY_FAUNA,LIGHTWEIGHT_BACKGROUND,fauna,NO,ACCEPTED_DEFAULT,template:13321
146474,13321,Frog,18,,INCLUDED,PREY_FAUNA,LIGHTWEIGHT_BACKGROUND,fauna,NO,ACCEPTED_DEFAULT,template:13321
146475,13321,Frog,18,,INCLUDED,PREY_FAUNA,LIGHTWEIGHT_BACKGROUND,fauna,NO,ACCEPTED_DEFAULT,template:13321
146476,13321,Frog,18,,INCLUDED,PREY_FAUNA,LIGHTWEIGHT_BACKGROUND,fauna,NO,ACCEPTED_DEFAULT,template:13321
146477,13321,Frog,18,,INCLUDED,PREY_FAUNA,LIGHTWEIGHT_BACKGROUND,fauna,NO,ACCEPTED_DEFAULT,template:13321
146478,13321,Frog,18,,INCLUDED,PREY_FAUNA,LIGHTWEIGHT_BACKGROUND,fauna,NO,ACCEPTED_DEFAULT,template:13321
146479,13321,Frog,18,,INCLUDED,PREY_FAUNA,LIGHTWEIGHT_BACKGROUND,fauna,NO,ACCEPTED_DEFAULT,template:13321
146480,13321,Frog,18,,INCLUDED,PREY_FAUNA,LIGHTWEIGHT_BACKGROUND,fauna,NO,ACCEPTED_DEFAULT,template:13321
146481,13321,Frog,86,,INCLUDED,PREY_FAUNA,LIGHTWEIGHT_BACKGROUND,fauna,NO,ACCEPTED_DEFAULT,template:13321
146482,13321,Frog,18,,INCLUDED,PREY_FAUNA,LIGHTWEIGHT_BACKGROUND,fauna,NO,ACCEPTED_DEFAULT,template:13321
146483,13321,Frog,86,,INCLUDED,PREY_FAUNA,LIGHTWEIGHT_BACKGROUND,fauna,NO,ACCEPTED_DEFAULT,template:13321
146484,13321,Frog,92,,INCLUDED,PREY_FAUNA,LIGHTWEIGHT_BACKGROUND,fauna,NO,ACCEPTED_DEFAULT,template:13321
146485,13321,Frog,92,,INCLUDED,PREY_FAUNA,LIGHTWEIGHT_BACKGROUND,fauna,NO,ACCEPTED_DEFAULT,template:13321
146486,13321,Frog,86,,INCLUDED,PREY_FAUNA,LIGHTWEIGHT_BACKGROUND,fauna,NO,ACCEPTED_DEFAULT,template:13321
146487,13321,Frog,18,,INCLUDED,PREY_FAUNA,LIGHTWEIGHT_BACKGROUND,fauna,NO,ACCEPTED_DEFAULT,template:13321
146488,13321,Frog,18,,INCLUDED,PREY_FAUNA,LIGHTWEIGHT_BACKGROUND,fauna,NO,ACCEPTED_DEFAULT,template:13321
146489,13321,Frog,18,,INCLUDED,PREY_FAUNA,LIGHTWEIGHT_BACKGROUND,fauna,NO,ACCEPTED_DEFAULT,template:13321
146490,13321,Frog,86,,INCLUDED,PREY_FAUNA,LIGHTWEIGHT_BACKGROUND,fauna,NO,ACCEPTED_DEFAULT,template:13321
146491,13321,Frog,86,,INCLUDED,PREY_FAUNA,LIGHTWEIGHT_BACKGROUND,fauna,NO,ACCEPTED_DEFAULT,template:13321
146492,13321,Frog,86,,INCLUDED,PREY_FAUNA,LIGHTWEIGHT_BACKGROUND,fauna,NO,ACCEPTED_DEFAULT,template:13321
146493,13321,Frog,86,,INCLUDED,PREY_FAUNA,LIGHTWEIGHT_BACKGROUND,fauna,NO,ACCEPTED_DEFAULT,template:13321
146494,13321,Frog,86,,INCLUDED,PREY_FAUNA,LIGHTWEIGHT_BACKGROUND,fauna,NO,ACCEPTED_DEFAULT,template:13321
146495,13321,Frog,86,,INCLUDED,PREY_FAUNA,LIGHTWEIGHT_BACKGROUND,fauna,NO,ACCEPTED_DEFAULT,template:13321
146496,13321,Frog,86,,INCLUDED,PREY_FAUNA,LIGHTWEIGHT_BACKGROUND,fauna,NO,ACCEPTED_DEFAULT,template:13321
146497,13321,Frog,86,,INCLUDED,PREY_FAUNA,LIGHTWEIGHT_BACKGROUND,fauna,NO,ACCEPTED_DEFAULT,template:13321
146498,13321,Frog,86,,INCLUDED,PREY_FAUNA,LIGHTWEIGHT_BACKGROUND,fauna,NO,ACCEPTED_DEFAULT,template:13321
146499,13321,Frog,86,,INCLUDED,PREY_FAUNA,LIGHTWEIGHT_BACKGROUND,fauna,NO,ACCEPTED_DEFAULT,template:13321
146500,13321,Frog,86,,INCLUDED,PREY_FAUNA,LIGHTWEIGHT_BACKGROUND,fauna,NO,ACCEPTED_DEFAULT,template:13321
146501,13321,Frog,86,,INCLUDED,PREY_FAUNA,LIGHTWEIGHT_BACKGROUND,fauna,NO,ACCEPTED_DEFAULT,template:13321
146502,13321,Frog,86,,INCLUDED,PREY_FAUNA,LIGHTWEIGHT_BACKGROUND,fauna,NO,ACCEPTED_DEFAULT,template:13321
146503,13321,Frog,86,,INCLUDED,PREY_FAUNA,LIGHTWEIGHT_BACKGROUND,fauna,NO,ACCEPTED_DEFAULT,template:13321
146504,13321,Frog,86,,INCLUDED,PREY_FAUNA,LIGHTWEIGHT_BACKGROUND,fauna,NO,ACCEPTED_DEFAULT,template:13321
146505,13321,Frog,86,,INCLUDED,PREY_FAUNA,LIGHTWEIGHT_BACKGROUND,fauna,NO,ACCEPTED_DEFAULT,template:13321
146506,13321,Frog,86,,INCLUDED,PREY_FAUNA,LIGHTWEIGHT_BACKGROUND,fauna,NO,ACCEPTED_DEFAULT,template:13321
146507,13321,Frog,86,,INCLUDED,PREY_FAUNA,LIGHTWEIGHT_BACKGROUND,fauna,NO,ACCEPTED_DEFAULT,template:13321
146508,13321,Frog,86,,INCLUDED,PREY_FAUNA,LIGHTWEIGHT_BACKGROUND,fauna,NO,ACCEPTED_DEFAULT,template:13321
146509,13321,Frog,86,,INCLUDED,PREY_FAUNA,LIGHTWEIGHT_BACKGROUND,fauna,NO,ACCEPTED_DEFAULT,template:13321
146510,13321,Frog,86,,INCLUDED,PREY_FAUNA,LIGHTWEIGHT_BACKGROUND,fauna,NO,ACCEPTED_DEFAULT,template:13321
146511,13321,Frog,86,,INCLUDED,PREY_FAUNA,LIGHTWEIGHT_BACKGROUND,fauna,NO,ACCEPTED_DEFAULT,template:13321
146512,13321,Frog,12,,INCLUDED,PREY_FAUNA,LIGHTWEIGHT_BACKGROUND,fauna,NO,ACCEPTED_DEFAULT,template:13321
146513,13321,Frog,86,,INCLUDED,PREY_FAUNA,LIGHTWEIGHT_BACKGROUND,fauna,NO,ACCEPTED_DEFAULT,template:13321
146514,13321,Frog,86,,INCLUDED,PREY_FAUNA,LIGHTWEIGHT_BACKGROUND,fauna,NO,ACCEPTED_DEFAULT,template:13321
146515,13321,Frog,86,,INCLUDED,PREY_FAUNA,LIGHTWEIGHT_BACKGROUND,fauna,NO,ACCEPTED_DEFAULT,template:13321
146516,13321,Frog,86,,INCLUDED,PREY_FAUNA,LIGHTWEIGHT_BACKGROUND,fauna,NO,ACCEPTED_DEFAULT,template:13321
146517,13321,Frog,12,,INCLUDED,PREY_FAUNA,LIGHTWEIGHT_BACKGROUND,fauna,NO,ACCEPTED_DEFAULT,template:13321
146518,13321,Frog,86,,INCLUDED,PREY_FAUNA,LIGHTWEIGHT_BACKGROUND,fauna,NO,ACCEPTED_DEFAULT,template:13321
146519,13321,Frog,86,,INCLUDED,PREY_FAUNA,LIGHTWEIGHT_BACKGROUND,fauna,NO,ACCEPTED_DEFAULT,template:13321
146520,13321,Frog,86,,INCLUDED,PREY_FAUNA,LIGHTWEIGHT_BACKGROUND,fauna,NO,ACCEPTED_DEFAULT,template:13321
146521,13321,Frog,86,,INCLUDED,PREY_FAUNA,LIGHTWEIGHT_BACKGROUND,fauna,NO,ACCEPTED_DEFAULT,template:13321
146522,13321,Frog,86,,INCLUDED,PREY_FAUNA,LIGHTWEIGHT_BACKGROUND,fauna,NO,ACCEPTED_DEFAULT,template:13321
146523,13321,Frog,86,,INCLUDED,PREY_FAUNA,LIGHTWEIGHT_BACKGROUND,fauna,NO,ACCEPTED_DEFAULT,template:13321
146524,13321,Frog,86,,INCLUDED,PREY_FAUNA,LIGHTWEIGHT_BACKGROUND,fauna,NO,ACCEPTED_DEFAULT,template:13321
146525,13321,Frog,12,,INCLUDED,PREY_FAUNA,LIGHTWEIGHT_BACKGROUND,fauna,NO,ACCEPTED_DEFAULT,template:13321
146526,13321,Frog,86,,INCLUDED,PREY_FAUNA,LIGHTWEIGHT_BACKGROUND,fauna,NO,ACCEPTED_DEFAULT,template:13321
146527,13321,Frog,86,,INCLUDED,PREY_FAUNA,LIGHTWEIGHT_BACKGROUND,fauna,NO,ACCEPTED_DEFAULT,template:13321
146528,13321,Frog,86,,INCLUDED,PREY_FAUNA,LIGHTWEIGHT_BACKGROUND,fauna,NO,ACCEPTED_DEFAULT,template:13321
146529,13321,Frog,12,,INCLUDED,PREY_FAUNA,LIGHTWEIGHT_BACKGROUND,fauna,NO,ACCEPTED_DEFAULT,template:13321
146530,13321,Frog,12,,INCLUDED,PREY_FAUNA,LIGHTWEIGHT_BACKGROUND,fauna,NO,ACCEPTED_DEFAULT,template:13321
146531,13321,Frog,86,,INCLUDED,PREY_FAUNA,LIGHTWEIGHT_BACKGROUND,fauna,NO,ACCEPTED_DEFAULT,template:13321
146532,13321,Frog,86,,INCLUDED,PREY_FAUNA,LIGHTWEIGHT_BACKGROUND,fauna,NO,ACCEPTED_DEFAULT,template:13321
146533,13321,Frog,86,,INCLUDED,PREY_FAUNA,LIGHTWEIGHT_BACKGROUND,fauna,NO,ACCEPTED_DEFAULT,template:13321
146534,13321,Frog,86,,INCLUDED,PREY_FAUNA,LIGHTWEIGHT_BACKGROUND,fauna,NO,ACCEPTED_DEFAULT,template:13321
146535,13321,Frog,86,,INCLUDED,PREY_FAUNA,LIGHTWEIGHT_BACKGROUND,fauna,NO,ACCEPTED_DEFAULT,template:13321
146536,13321,Frog,86,,INCLUDED,PREY_FAUNA,LIGHTWEIGHT_BACKGROUND,fauna,NO,ACCEPTED_DEFAULT,template:13321
146537,13321,Frog,86,,INCLUDED,PREY_FAUNA,LIGHTWEIGHT_BACKGROUND,fauna,NO,ACCEPTED_DEFAULT,template:13321
146538,13321,Frog,86,,INCLUDED,PREY_FAUNA,LIGHTWEIGHT_BACKGROUND,fauna,NO,ACCEPTED_DEFAULT,template:13321
146539,13321,Frog,86,,INCLUDED,PREY_FAUNA,LIGHTWEIGHT_BACKGROUND,fauna,NO,ACCEPTED_DEFAULT,template:13321
146540,13321,Frog,86,,INCLUDED,PREY_FAUNA,LIGHTWEIGHT_BACKGROUND,fauna,NO,ACCEPTED_DEFAULT,template:13321
146541,13321,Frog,86,,INCLUDED,PREY_FAUNA,LIGHTWEIGHT_BACKGROUND,fauna,NO,ACCEPTED_DEFAULT,template:13321
146542,13321,Frog,86,,INCLUDED,PREY_FAUNA,LIGHTWEIGHT_BACKGROUND,fauna,NO,ACCEPTED_DEFAULT,template:13321
146543,13321,Frog,86,,INCLUDED,PREY_FAUNA,LIGHTWEIGHT_BACKGROUND,fauna,NO,ACCEPTED_DEFAULT,template:13321
146544,13321,Frog,86,,INCLUDED,PREY_FAUNA,LIGHTWEIGHT_BACKGROUND,fauna,NO,ACCEPTED_DEFAULT,template:13321
146545,13321,Frog,86,,INCLUDED,PREY_FAUNA,LIGHTWEIGHT_BACKGROUND,fauna,NO,ACCEPTED_DEFAULT,template:13321
146546,13321,Frog,86,,INCLUDED,PREY_FAUNA,LIGHTWEIGHT_BACKGROUND,fauna,NO,ACCEPTED_DEFAULT,template:13321
146547,13321,Frog,86,,INCLUDED,PREY_FAUNA,LIGHTWEIGHT_BACKGROUND,fauna,NO,ACCEPTED_DEFAULT,template:13321
146548,13321,Frog,86,,INCLUDED,PREY_FAUNA,LIGHTWEIGHT_BACKGROUND,fauna,NO,ACCEPTED_DEFAULT,template:13321
146549,13321,Frog,86,,INCLUDED,PREY_FAUNA,LIGHTWEIGHT_BACKGROUND,fauna,NO,ACCEPTED_DEFAULT,template:13321
146550,13321,Frog,86,,INCLUDED,PREY_FAUNA,LIGHTWEIGHT_BACKGROUND,fauna,NO,ACCEPTED_DEFAULT,template:13321
146551,13321,Frog,86,,INCLUDED,PREY_FAUNA,LIGHTWEIGHT_BACKGROUND,fauna,NO,ACCEPTED_DEFAULT,template:13321
146552,13321,Frog,86,,INCLUDED,PREY_FAUNA,LIGHTWEIGHT_BACKGROUND,fauna,NO,ACCEPTED_DEFAULT,template:13321
146553,13321,Frog,86,,INCLUDED,PREY_FAUNA,LIGHTWEIGHT_BACKGROUND,fauna,NO,ACCEPTED_DEFAULT,template:13321
146554,13321,Frog,86,,INCLUDED,PREY_FAUNA,LIGHTWEIGHT_BACKGROUND,fauna,NO,ACCEPTED_DEFAULT,template:13321
146555,13321,Frog,86,,INCLUDED,PREY_FAUNA,LIGHTWEIGHT_BACKGROUND,fauna,NO,ACCEPTED_DEFAULT,template:13321
146556,13321,Frog,86,,INCLUDED,PREY_FAUNA,LIGHTWEIGHT_BACKGROUND,fauna,NO,ACCEPTED_DEFAULT,template:13321
146557,13321,Frog,86,,INCLUDED,PREY_FAUNA,LIGHTWEIGHT_BACKGROUND,fauna,NO,ACCEPTED_DEFAULT,template:13321
146558,13321,Frog,86,,INCLUDED,PREY_FAUNA,LIGHTWEIGHT_BACKGROUND,fauna,NO,ACCEPTED_DEFAULT,template:13321
146559,13321,Frog,86,,INCLUDED,PREY_FAUNA,LIGHTWEIGHT_BACKGROUND,fauna,NO,ACCEPTED_DEFAULT,template:13321
146560,13321,Frog,86,,INCLUDED,PREY_FAUNA,LIGHTWEIGHT_BACKGROUND,fauna,NO,ACCEPTED_DEFAULT,template:13321
146561,13321,Frog,86,,INCLUDED,PREY_FAUNA,LIGHTWEIGHT_BACKGROUND,fauna,NO,ACCEPTED_DEFAULT,template:13321
152267,32799,Spring Collector,87,9,EXCLUDED_EVENT,EXCLUDED_EVENT,EXCLUDED,,N/A,EXCLUDED_BY_POLICY,game_event_creature positive eventEntry
152271,32836,Noblegarden Vendor,87,9,EXCLUDED_EVENT,EXCLUDED_EVENT,EXCLUDED,,N/A,EXCLUDED_BY_POLICY,game_event_creature positive eventEntry
152381,16592,Midsummer Bonfire,87,1,EXCLUDED_EVENT,EXCLUDED_EVENT,EXCLUDED,,N/A,EXCLUDED_BY_POLICY,game_event_creature positive eventEntry
207090,23507,Elwynn Pink Elekk,12,24,EXCLUDED_EVENT,EXCLUDED_EVENT,EXCLUDED,,N/A,EXCLUDED_BY_POLICY,game_event_creature positive eventEntry
207091,23507,Elwynn Pink Elekk,12,24,EXCLUDED_EVENT,EXCLUDED_EVENT,EXCLUDED,,N/A,EXCLUDED_BY_POLICY,game_event_creature positive eventEntry
207092,23507,Elwynn Pink Elekk,12,24,EXCLUDED_EVENT,EXCLUDED_EVENT,EXCLUDED,,N/A,EXCLUDED_BY_POLICY,game_event_creature positive eventEntry
207093,23507,Elwynn Pink Elekk,12,24,EXCLUDED_EVENT,EXCLUDED_EVENT,EXCLUDED,,N/A,EXCLUDED_BY_POLICY,game_event_creature positive eventEntry
207094,23507,Elwynn Pink Elekk,12,24,EXCLUDED_EVENT,EXCLUDED_EVENT,EXCLUDED,,N/A,EXCLUDED_BY_POLICY,game_event_creature positive eventEntry
207095,23507,Elwynn Pink Elekk,12,24,EXCLUDED_EVENT,EXCLUDED_EVENT,EXCLUDED,,N/A,EXCLUDED_BY_POLICY,game_event_creature positive eventEntry
207096,23507,Elwynn Pink Elekk,12,24,EXCLUDED_EVENT,EXCLUDED_EVENT,EXCLUDED,,N/A,EXCLUDED_BY_POLICY,game_event_creature positive eventEntry
207097,23507,Elwynn Pink Elekk,12,24,EXCLUDED_EVENT,EXCLUDED_EVENT,EXCLUDED,,N/A,EXCLUDED_BY_POLICY,game_event_creature positive eventEntry
207098,23507,Elwynn Pink Elekk,12,24,EXCLUDED_EVENT,EXCLUDED_EVENT,EXCLUDED,,N/A,EXCLUDED_BY_POLICY,game_event_creature positive eventEntry
207099,23507,Elwynn Pink Elekk,12,24,EXCLUDED_EVENT,EXCLUDED_EVENT,EXCLUDED,,N/A,EXCLUDED_BY_POLICY,game_event_creature positive eventEntry
207100,23507,Elwynn Pink Elekk,12,24,EXCLUDED_EVENT,EXCLUDED_EVENT,EXCLUDED,,N/A,EXCLUDED_BY_POLICY,game_event_creature positive eventEntry
207101,23507,Elwynn Pink Elekk,12,24,EXCLUDED_EVENT,EXCLUDED_EVENT,EXCLUDED,,N/A,EXCLUDED_BY_POLICY,game_event_creature positive eventEntry
207102,23507,Elwynn Pink Elekk,12,24,EXCLUDED_EVENT,EXCLUDED_EVENT,EXCLUDED,,N/A,EXCLUDED_BY_POLICY,game_event_creature positive eventEntry
207103,23507,Elwynn Pink Elekk,12,24,EXCLUDED_EVENT,EXCLUDED_EVENT,EXCLUDED,,N/A,EXCLUDED_BY_POLICY,game_event_creature positive eventEntry
207104,23507,Elwynn Pink Elekk,12,24,EXCLUDED_EVENT,EXCLUDED_EVENT,EXCLUDED,,N/A,EXCLUDED_BY_POLICY,game_event_creature positive eventEntry
207105,23507,Elwynn Pink Elekk,12,24,EXCLUDED_EVENT,EXCLUDED_EVENT,EXCLUDED,,N/A,EXCLUDED_BY_POLICY,game_event_creature positive eventEntry
207106,23507,Elwynn Pink Elekk,12,24,EXCLUDED_EVENT,EXCLUDED_EVENT,EXCLUDED,,N/A,EXCLUDED_BY_POLICY,game_event_creature positive eventEntry
207107,23507,Elwynn Pink Elekk,12,24,EXCLUDED_EVENT,EXCLUDED_EVENT,EXCLUDED,,N/A,EXCLUDED_BY_POLICY,game_event_creature positive eventEntry
207108,23507,Elwynn Pink Elekk,12,24,EXCLUDED_EVENT,EXCLUDED_EVENT,EXCLUDED,,N/A,EXCLUDED_BY_POLICY,game_event_creature positive eventEntry
207109,23507,Elwynn Pink Elekk,12,24,EXCLUDED_EVENT,EXCLUDED_EVENT,EXCLUDED,,N/A,EXCLUDED_BY_POLICY,game_event_creature positive eventEntry
207110,23507,Elwynn Pink Elekk,12,24,EXCLUDED_EVENT,EXCLUDED_EVENT,EXCLUDED,,N/A,EXCLUDED_BY_POLICY,game_event_creature positive eventEntry
207111,23507,Elwynn Pink Elekk,12,24,EXCLUDED_EVENT,EXCLUDED_EVENT,EXCLUDED,,N/A,EXCLUDED_BY_POLICY,game_event_creature positive eventEntry
208818,38035,Chemical Wagon,89,8,EXCLUDED_EVENT,EXCLUDED_EVENT,EXCLUDED,,N/A,EXCLUDED_BY_POLICY,game_event_creature positive eventEntry
208842,38065,Crown Supply Sentry,12,8,EXCLUDED_EVENT,EXCLUDED_EVENT,EXCLUDED,,N/A,EXCLUDED_BY_POLICY,game_event_creature positive eventEntry
208843,38065,Crown Supply Sentry,12,8,EXCLUDED_EVENT,EXCLUDED_EVENT,EXCLUDED,,N/A,EXCLUDED_BY_POLICY,game_event_creature positive eventEntry
208891,37214,Crown Lackey,89,8,EXCLUDED_EVENT,EXCLUDED_EVENT,EXCLUDED,,N/A,EXCLUDED_BY_POLICY,game_event_creature positive eventEntry
208892,37214,Crown Lackey,89,8,EXCLUDED_EVENT,EXCLUDED_EVENT,EXCLUDED,,N/A,EXCLUDED_BY_POLICY,game_event_creature positive eventEntry
208893,37214,Crown Lackey,89,8,EXCLUDED_EVENT,EXCLUDED_EVENT,EXCLUDED,,N/A,EXCLUDED_BY_POLICY,game_event_creature positive eventEntry
208894,37214,Crown Lackey,89,8,EXCLUDED_EVENT,EXCLUDED_EVENT,EXCLUDED,,N/A,EXCLUDED_BY_POLICY,game_event_creature positive eventEntry
208895,37214,Crown Lackey,89,8,EXCLUDED_EVENT,EXCLUDED_EVENT,EXCLUDED,,N/A,EXCLUDED_BY_POLICY,game_event_creature positive eventEntry
