spawn_id,entry,name,subname,map_id,zone_id,area_id,position_x,position_y,position_z,orientation,spawntimesecs,wander_distance,spawn_movement_type,spawn_npcflag,spawn_unit_flags,spawn_dynamicflags,minlevel,maxlevel,faction_template_id,template_npcflag,rank,creature_type,creature_family,type_flags,template_movement_type,template_unit_flags,flags_extra,ai_name,script_name,path_id,template_spawn_count
11,1215,Alchemist Mallory,Alchemy Trainer,0,12,12,-9056,152.629,115.116,3.159,300,0,0,0,0,0,26,26,12,81,0,7,0,0,0,512,66,,,NULL,1
12,1218,Herbalist Pomeroy,Herbalism Trainer,0,12,12,-9060,148.566,115.222,1.606,300,0,0,0,0,0,10,10,12,81,0,7,0,0,0,512,66,,,NULL,1
30,794,Matt,NULL,0,12,18,-9387.13,-117.859,58.862,2.818,300,0,0,0,0,0,1,1,12,0,0,7,0,0,0,768,66,SmartAI,,NULL,1
247,80,Kobold Laborer,,0,12,12,-8534,-199,83.681,3.142,300,7,1,0,0,0,3,4,25,0,0,7,0,0,1,0,2,SmartAI,,NULL,25
4312,46,Murloc Forager,,0,12,62,-9917.74,-847.071,19.9035,4.6241,300,5,1,0,0,0,9,10,18,0,0,7,0,0,1,32768,0,SmartAI,,NULL,58
8969,14849,Darkmoon Faire Carnie,NULL,0,12,87,-9528.68,92.4662,58.9648,6.0912,300,0,0,0,0,0,25,25,1555,1,0,7,0,0,0,768,66,SmartAI,,0,11
8971,14849,Darkmoon Faire Carnie,NULL,0,12,87,-9530.22,96.3252,58.9648,0.628319,300,0,0,0,0,0,25,25,1555,1,0,7,0,0,0,768,66,SmartAI,,0,11
11006,24519,Costumed Orphan Matron,,0,12,87,-9429.92,56.1355,56.7913,2.98451,43200,0,0,0,0,0,12,12,1732,3,0,7,0,0,0,0,66,,,NULL,1
11007,23712,Touring Orphan,,0,12,87,-9431.01,58.3279,56.7729,5.48033,43200,0,0,0,0,0,1,3,12,1,0,7,0,0,0,768,66,SmartAI,,NULL,4
11008,23712,Touring Orphan,,0,12,87,-9428.72,54.0571,56.819,1.91986,43200,0,0,0,0,0,1,3,12,1,0,7,0,0,0,768,66,SmartAI,,NULL,4
11009,23712,Touring Orphan,,0,12,87,-9431.32,55.0524,56.6871,0.6239,43200,0,0,0,0,0,1,3,12,1,0,7,0,0,0,768,66,SmartAI,,NULL,4
11010,23712,Touring Orphan,,0,12,87,-9431.98,56.7107,56.6996,6.16101,43200,0,0,0,0,0,1,3,12,1,0,7,0,0,0,768,66,SmartAI,,NULL,4
12604,14849,Darkmoon Faire Carnie,NULL,0,12,12,-9581.36,59.2771,61.5242,0.308834,300,0,0,0,0,0,25,25,1555,1,0,7,0,0,0,768,66,SmartAI,,0,11
17650,6491,Spirit Healer,,0,12,88,-9554.16,-1367.13,51.202,4.91271,300,0,0,0,0,0,60,60,35,16385,0,7,0,2,1,768,66,,,NULL,4
27660,14849,Darkmoon Faire Carnie,NULL,0,12,12,-9551.95,134.237,58.9648,1.72788,300,0,0,0,0,0,25,25,1555,1,0,7,0,0,0,768,66,SmartAI,,0,11
38004,14849,Darkmoon Faire Carnie,NULL,0,12,87,-9547.84,73.6699,58.9674,4.64258,300,0,0,0,0,0,25,25,1555,1,0,7,0,0,0,768,66,SmartAI,,0,11
42598,14849,Darkmoon Faire Carnie,NULL,0,12,87,-9537.16,70.2721,59.0065,5.03524,300,0,0,0,0,0,25,25,1555,1,0,7,0,0,0,768,66,SmartAI,,0,11
42601,14849,Darkmoon Faire Carnie,NULL,0,12,87,-9545.6,116.265,59.2087,4.90953,300,0,0,0,0,0,25,25,1555,1,0,7,0,0,0,768,66,SmartAI,,0,11
44187,14849,Darkmoon Faire Carnie,NULL,0,12,87,-9532.41,67.9315,58.9648,5.39307,300,0,0,0,0,0,25,25,1555,1,0,7,0,0,0,768,66,SmartAI,,0,11
46801,14849,Darkmoon Faire Carnie,NULL,0,12,87,-9546.6,124.032,59.3384,4.87607,300,0,0,0,0,0,25,25,1555,1,0,7,0,0,0,768,66,SmartAI,,0,11
48875,1423,Stormwind Guard,,0,12,60,-9779.24,815.569,25.9716,3.52556,300,0,0,0,0,0,22,25,11,1,0,7,0,0,0,32768,32832,,,0,38
52415,15303,Maxima Blastenheimer,Darkmoon Faire Cannoneer,0,12,12,-9568.32,-7.84619,63.0966,1.79769,300,0,0,0,0,0,35,35,1555,1,0,7,0,0,0,768,66,,,NULL,1
52416,14833,Chronos,He Who Never Forgets!,0,12,12,-9579.25,21.7913,60.7461,5.05203,300,0,0,0,0,0,55,55,1555,3,0,7,0,0,0,768,66,,,NULL,1
53941,24484,Brewfest Reveler,,0,12,12,-9145.26,339.64,90.6757,0.052739,300,0,0,0,0,0,50,50,775,0,0,7,0,0,0,768,66,,npc_brewfest_reveler,0,10
53942,14869,Pygmy Cockatrice,NULL,0,12,87,-9554.05,125.139,59.0065,1.47803,300,5,1,0,0,0,1,1,1555,0,0,1,0,0,0,768,66,,,NULL,4
53996,14388,Rogue Black Drake,NULL,0,12,12,-8217,-499,197.379,2.145,300,5,1,0,0,0,50,52,1394,0,0,2,0,0,1,0,64,SmartAI,,NULL,3
53997,14388,Rogue Black Drake,NULL,0,12,12,-8205,-483,193.823,2.678,300,5,1,0,0,0,50,52,1394,0,0,2,0,0,1,0,64,SmartAI,,NULL,3
53998,14388,Rogue Black Drake,NULL,0,12,12,-8184,-577,200.644,4.471,300,5,1,0,0,0,50,52,1394,0,0,2,0,0,1,0,64,SmartAI,,NULL,3
54000,14390,Expeditionary Mountaineer,NULL,0,12,12,-8208,-485,193.739,5.354,300,5,1,0,0,0,36,40,57,0,1,7,0,0,1,64,0,SmartAI,,NULL,1
54003,14393,Expeditionary Priest,NULL,0,12,12,-8177,-594,200.167,0.811,300,0,0,0,0,0,37,42,57,0,1,7,0,0,1,64,64,SmartAI,,NULL,1
56323,14868,Hornsley,NULL,0,12,87,-9538.58,133.231,58.9648,4.03171,300,0,0,0,0,0,8,8,1555,0,0,1,0,0,0,768,66,,,NULL,1
56324,14871,Morja,NULL,0,12,87,-9566.38,31.1655,61.4444,1.58992,300,0,0,0,0,0,12,12,1555,3,0,7,0,0,0,768,66,,,NULL,1
56326,14869,Pygmy Cockatrice,NULL,0,12,87,-9549.82,112.997,59.0065,3.32908,300,5,1,0,0,0,1,1,1555,0,0,1,0,0,0,768,66,,,NULL,4
56342,14829,Yebb Neblegear,NULL,0,12,12,-9548.9,141.163,58.9648,4.83456,300,0,0,0,0,0,55,55,1555,3,0,7,0,0,0,768,66,,,NULL,1
56497,14846,Lhara,Darkmoon Faire Exotic Goods,0,12,87,-9557.49,105.464,58.9648,4.64258,300,0,0,0,0,0,35,35,1555,129,0,7,0,0,0,768,66,SmartAI,,NULL,1
56498,14828,Gelvas Grimegate,Darkmoon Faire Ticket Redemption,0,12,87,-9533.65,95.1698,58.9648,4.03171,300,0,0,0,0,0,25,25,1555,3,0,7,0,0,0,768,66,SmartAI,,NULL,1
56499,10445,Selina Dourman,Darkmoon Faire Information,0,12,87,-9541.73,87.4378,59.3029,6.23082,300,0,0,0,0,0,30,30,1555,1,0,7,0,0,0,768,66,,,NULL,1
56600,14823,Silas Darkmoon,,0,12,87,-9554.4,81.7822,59.0065,1.08224,300,0,0,0,0,0,61,61,1555,3,1,7,0,0,0,768,66,SmartAI,,NULL,1
56611,14827,Burth,NULL,0,12,87,-9558.14,78.5432,59.0065,0.488762,300,0,0,0,0,0,60,60,1555,3,0,7,0,0,0,768,66,,,NULL,1
56612,14864,Khaz Modan Ram,NULL,0,12,87,-9542.36,114.763,59.1315,3.3116,300,5,1,0,0,0,5,5,1555,0,0,1,0,0,0,768,66,,,NULL,2
56613,14849,Darkmoon Faire Carnie,NULL,0,12,12,-9571.82,90.374,59.0065,0.978225,300,0,0,0,0,0,25,25,1555,1,0,7,0,0,0,768,66,SmartAI,,0,11
56614,14841,Rinling,NULL,0,12,12,-9576.4,87.7237,58.9648,6.23082,300,0,0,0,0,0,55,55,1555,3,0,7,0,0,0,768,66,,,NULL,1
56615,14822,Sayge,,0,12,87,-9536.62,73.2432,58.9648,1.90241,300,0,0,0,0,0,55,55,1555,3,0,7,0,0,0,768,66,SmartAI,,NULL,1
56617,14847,Professor Thaddeus Paleo,Darkmoon Faire Cards & Exotic Goods,0,12,87,-9560.98,103.642,58.9648,5.5676,300,0,0,0,0,0,35,35,1555,131,0,7,0,0,0,768,66,SmartAI,,NULL,1
56618,14869,Pygmy Cockatrice,NULL,0,12,87,-9540.22,123.264,59.0065,5.01385,300,0,0,0,0,0,1,1,1555,0,0,1,0,0,0,768,66,,,NULL,4
56621,14845,Stamp Thunderhorn,Darkmoon Faire Food Vendor,0,12,87,-9564.5,72.2799,59.1869,0.663225,300,0,0,0,0,0,35,35,1555,641,0,7,0,0,0,768,66,SmartAI,,NULL,1
56623,14844,Sylannia,Darkmoon Faire Drink Vendor,0,12,87,-9561.12,69.9691,59.2053,1.01229,300,0,0,0,0,0,35,35,1555,641,0,7,0,0,0,768,66,SmartAI,,NULL,1
56624,14866,Flik's Frog,NULL,0,12,87,-9502.26,77.9182,57.5324,4.62012,300,0,2,0,0,0,5,5,1555,1,0,1,0,0,0,768,66,,,4529920,1
56625,14860,Flik,,0,12,87,-9502.26,77.9182,57.5324,2.40195,300,0,0,0,0,0,4,4,1555,129,0,7,0,0,0,768,66,SmartAI,,NULL,1
56680,14849,Darkmoon Faire Carnie,NULL,0,12,87,-9544.69,73.6216,59.0065,0.573501,300,0,0,0,0,0,25,25,1555,1,0,7,0,0,0,768,66,SmartAI,,0,11
57163,14869,Pygmy Cockatrice,NULL,0,12,12,-9547.29,137.246,58.9143,5.09003,300,5,1,0,0,0,1,1,1555,0,0,1,0,0,0,768,66,,,NULL,4
57168,14864,Khaz Modan Ram,NULL,0,12,87,-9545.21,130.871,59.0065,4.36626,300,5,1,0,0,0,5,5,1555,0,0,1,0,0,0,768,66,,,NULL,2
57441,14865,Felinni,NULL,0,12,87,-9555.53,115.845,58.9683,5.74213,300,0,0,0,0,0,10,10,1555,0,1,1,2,0,0,832,66,,,NULL,1
61987,14832,Kerri Hicks,The Strongest Woman Alive!,0,12,87,-9558.18,130.175,58.9648,5.70723,300,0,0,0,0,0,55,55,1555,3,0,7,0,0,0,768,64,SmartAI,,NULL,1
70557,15565,Elder Stormbrow,NULL,0,12,87,-9391.43,142.467,61.1422,3.02569,300,0,0,0,0,0,60,60,35,3,0,7,0,0,0,0,64,,,NULL,1
79601,46,Murloc Forager,,0,12,62,-9915.98,-846.381,20.0111,4.87445,300,5,1,0,0,0,9,10,18,0,0,7,0,0,1,32768,0,SmartAI,,NULL,58
79602,46,Murloc Forager,,0,12,62,-9893.45,-747.853,20.6947,3.57606,300,5,1,0,0,0,9,10,18,0,0,7,0,0,1,32768,0,SmartAI,,NULL,58
79603,46,Murloc Forager,,0,12,62,-9860.71,-711.289,29.0377,6.05668,300,5,1,0,0,0,9,10,18,0,0,7,0,0,1,32768,0,SmartAI,,NULL,58
79604,721,Rabbit,,0,12,12,-9774.17,-544.481,34.3062,2.44885,300,15,1,0,0,0,1,1,31,0,0,8,0,0,1,0,66,,,NULL,94
79605,524,Rockhide Boar,NULL,0,12,12,-9751.72,-603.903,39.7345,4.76923,300,15,1,0,0,0,7,8,189,0,0,1,5,1,1,0,0,SmartAI,,NULL,90
79606,524,Rockhide Boar,NULL,0,12,12,-9787.24,-648.918,36.1254,1.70107,300,15,1,0,0,0,7,8,189,0,0,1,5,1,1,0,0,SmartAI,,NULL,90
79607,2442,Cow,,0,12,12,-9751.14,-643.177,42.1577,5.78197,300,15,1,0,0,0,5,5,190,0,0,8,0,0,1,0,64,,,NULL,46
79608,46,Murloc Forager,,0,12,12,-9804.3,-612.081,31.5397,0.363205,300,5,1,0,0,0,9,10,18,0,0,7,0,0,1,32768,0,SmartAI,,NULL,58
79610,524,Rockhide Boar,NULL,0,12,12,-9823,-565.919,27.2956,1.95566,300,15,1,0,0,0,7,8,189,0,0,1,5,1,1,0,0,SmartAI,,NULL,90
79611,524,Rockhide Boar,NULL,0,12,12,-9748.33,-554.43,38.2072,0.345816,300,15,1,0,0,0,7,8,189,0,0,1,5,1,1,0,0,SmartAI,,NULL,90
79612,524,Rockhide Boar,NULL,0,12,12,-9785.26,-568.395,33.5413,1.97565,300,15,1,0,0,0,7,8,189,0,0,1,5,1,1,0,0,SmartAI,,NULL,90
79613,721,Rabbit,,0,12,12,-9753.6,-650.283,41.7763,1.42828,300,15,1,0,0,0,1,1,31,0,0,8,0,0,1,0,66,,,NULL,94
79615,524,Rockhide Boar,NULL,0,12,12,-9684.52,-550.147,49.0968,1.22744,300,15,1,0,0,0,7,8,189,0,0,1,5,1,1,0,0,SmartAI,,NULL,90
79616,524,Rockhide Boar,NULL,0,12,12,-9664.94,-522.64,51.4993,3.76278,300,15,1,0,0,0,7,8,189,0,0,1,5,1,1,0,0,SmartAI,,NULL,90
79617,524,Rockhide Boar,NULL,0,12,12,-9670.05,-496.888,51.4968,0.165244,300,15,1,0,0,0,7,8,189,0,0,1,5,1,1,0,0,SmartAI,,NULL,90
79618,524,Rockhide Boar,NULL,0,12,12,-9623.76,-490.877,58.2497,4.21573,300,15,1,0,0,0,7,8,189,0,0,1,5,1,1,0,0,SmartAI,,NULL,90
79619,285,Murloc,NULL,0,12,18,-9473.71,-431.412,59.8586,4.67748,300,0,0,0,0,0,6,7,18,0,0,7,0,0,1,32768,0,,,NULL,35
79620,285,Murloc,NULL,0,12,18,-9479.72,-430.688,58.7018,5.53269,300,0,0,0,0,0,6,7,18,0,0,7,0,0,1,32768,0,,,NULL,35
79621,285,Murloc,NULL,0,12,18,-9484.21,-423.217,59.9518,1.26246,300,0,0,0,0,0,6,7,18,0,0,7,0,0,1,32768,0,,,NULL,35
79622,285,Murloc,NULL,0,12,18,-9500.72,-434.34,56.3074,2.20692,300,0,0,0,0,0,6,7,18,0,0,7,0,0,1,32768,0,,,NULL,35
79623,285,Murloc,NULL,0,12,18,-9485.44,-409.706,59.806,2.51726,300,0,0,0,0,0,6,7,18,0,0,7,0,0,1,32768,0,,,NULL,35
79624,285,Murloc,NULL,0,12,18,-9487.15,-437.875,58.9326,4.38078,300,0,0,0,0,0,6,7,18,0,0,7,0,0,1,32768,0,,,NULL,35
79625,735,Murloc Streamrunner,NULL,0,12,18,-9547.14,-449.578,60.4493,2.82642,300,5,1,0,0,0,6,7,18,0,0,7,0,0,1,32768,0,,,NULL,21
79627,285,Murloc,NULL,0,12,18,-9484.85,-328.59,54.8925,0.418879,300,0,0,0,0,0,6,7,18,0,0,7,0,0,1,32768,0,,,NULL,35
79628,6491,Spirit Healer,,0,12,12,-9341,165.021,61.641,1.096,300,0,0,0,0,0,60,60,35,16385,0,7,0,2,1,768,66,,,NULL,4
79629,285,Murloc,NULL,0,12,18,-9456.27,-331.956,55.4854,2.46553,300,5,1,0,0,0,6,7,18,0,0,7,0,0,1,32768,0,,,NULL,35
79630,735,Murloc Streamrunner,NULL,0,12,18,-9411.46,-324.322,58.8521,4.71239,300,0,0,0,0,0,6,7,18,0,0,7,0,0,1,32768,0,,,NULL,21
79632,735,Murloc Streamrunner,NULL,0,12,18,-9445.9,-287.94,57.978,3.96317,300,0,0,0,0,0,6,7,18,0,0,7,0,0,1,32768,0,,,NULL,21
79634,285,Murloc,NULL,0,12,18,-9476.74,-194.136,56.734,0.994268,300,0,0,0,0,0,6,7,18,0,0,7,0,0,1,32768,0,,,NULL,35
79635,285,Murloc,NULL,0,12,18,-9472.11,-220.709,56.3165,4.6669,300,0,0,0,0,0,6,7,18,0,0,7,0,0,1,32768,0,,,NULL,35
79637,6306,Helene Peltskinner,Skinning Trainer,0,12,87,-9380.23,-69.5295,64.5206,4.55531,300,0,0,0,0,0,12,12,12,80,0,7,0,0,0,512,66,,,NULL,1
79638,805,Cameron,NULL,0,12,87,-9368.42,-66.4754,69.202,3.14159,300,0,0,0,0,0,1,1,12,0,0,7,0,0,0,768,66,,npc_cameron,NULL,1
79639,806,John,NULL,0,12,87,-9377.48,-67.8297,69.202,0.296706,300,0,0,0,0,0,1,1,12,0,0,7,0,0,0,768,66,,,NULL,1
79640,804,Dana,NULL,0,12,87,-9372.38,-65.4995,69.202,4.20624,300,0,0,0,0,0,1,1,12,0,0,7,0,0,0,768,66,,,NULL,1
79641,811,Jose,NULL,0,12,87,-9371.01,-71.2081,69.202,1.93731,300,0,0,0,0,0,1,1,12,0,0,7,0,0,0,768,66,,,NULL,1
79642,807,Lisa,NULL,0,12,87,-9373.52,-67.7177,69.202,1.11701,300,0,0,0,0,0,1,1,12,0,0,7,0,0,0,768,66,,,NULL,1
79643,810,Aaron,NULL,0,12,87,-9374.94,-62.5165,69.202,5.20108,300,0,0,0,0,0,1,1,12,0,0,7,0,0,0,768,66,,,NULL,1
79644,721,Rabbit,,0,12,87,-9455.02,-29.2894,59.511,3.34436,300,15,1,0,0,0,1,1,31,0,0,8,0,0,1,0,66,,,NULL,94
79645,917,Keryn Sylvius,Rogue Trainer,0,12,87,-9465.79,12.6454,63.9038,1.09956,300,0,0,0,0,0,11,11,12,51,0,7,0,0,0,512,66,SmartAI,,NULL,1
79646,2329,Michelle Belle,Physician,0,12,87,-9456.81,29.361,63.9038,2.96706,300,0,0,0,0,0,11,11,12,81,0,7,0,0,0,512,66,,,NULL,1
79647,465,Barkeep Dobbins,Bartender,0,12,87,-9459.98,8.41135,57.1459,1.46608,300,0,0,0,0,0,10,10,12,640,0,7,0,0,0,512,66,,,NULL,1
79648,299,Diseased Young Wolf,,0,12,87,-9393.36,52.5792,59.7772,3.15888,300,15,1,0,0,0,1,1,32,0,0,1,1,1,1,0,0,,,NULL,45
79649,721,Rabbit,,0,12,12,-9348.23,121.802,63.349,5.73038,300,15,1,0,0,0,1,1,31,0,0,8,0,0,1,0,66,,,NULL,94
79651,299,Diseased Young Wolf,,0,12,12,-9262.65,87.3409,71.9365,5.75499,300,15,1,0,0,0,1,1,32,0,0,1,1,1,1,0,0,,,NULL,45
79652,883,Deer,,0,12,12,-9255.45,128.083,70.8557,4.96116,300,15,1,0,0,0,5,5,31,0,0,8,0,0,1,0,66,,,NULL,45
79653,94,Defias Cutpurse,NULL,0,12,12,-9190.44,187.539,73.7134,3.28073,300,5,1,0,0,0,5,6,17,0,0,7,0,0,1,0,0,SmartAI,,NULL,40
79864,68,Stormwind City Guard,NULL,0,12,12,-9095.62,422.026,92.0445,4.04916,300,0,0,0,0,0,75,75,11,1,0,7,0,0,0,32768,98368,SmartAI,,NULL,3
79865,68,Stormwind City Guard,NULL,0,12,12,-9085.59,408.559,92.1695,3.47321,300,0,0,0,0,0,75,75,11,1,0,7,0,0,0,32768,98368,SmartAI,,NULL,3
79866,721,Rabbit,,0,12,12,-9076.24,380.184,92.6135,1.75777,300,15,1,0,0,0,1,1,31,0,0,8,0,0,1,0,66,,,NULL,94
79867,721,Rabbit,,0,12,12,-9145.99,417.829,93.9833,1.5708,300,15,1,0,0,0,1,1,31,0,0,8,0,0,1,0,66,,,NULL,94
79868,890,Fawn,NULL,0,12,12,-9181.07,414.55,89.6092,4.7957,300,0,0,0,0,0,1,1,31,0,0,8,0,0,1,0,66,,,NULL,13
79869,883,Deer,,0,12,12,-9188.38,420.498,90.8592,2.98929,300,15,1,0,0,0,5,5,31,0,0,8,0,0,1,0,66,,,NULL,45
79870,721,Rabbit,,0,12,12,-9172.34,469.566,104.185,0.505691,300,15,1,0,0,0,1,1,31,0,0,8,0,0,1,0,66,,,NULL,94
79871,2442,Cow,,0,12,12,-9189.98,430.771,92.4673,3.3122,300,15,1,0,0,0,5,5,190,0,0,8,0,0,1,0,64,,,NULL,46
79872,721,Rabbit,,0,12,12,-9139.18,355.357,91.7032,4.10822,300,15,1,0,0,0,1,1,31,0,0,8,0,0,1,0,66,,,NULL,94
79873,721,Rabbit,,0,12,12,-9214.43,344.521,73.7192,2.74268,300,15,1,0,0,0,1,1,31,0,0,8,0,0,1,0,66,,,NULL,94
79874,883,Deer,,0,12,12,-9205.02,340.429,73.3442,5.27145,300,15,1,0,0,0,5,5,31,0,0,8,0,0,1,0,66,,,NULL,45
79875,1423,Stormwind Guard,,0,12,12,-9181.74,310.279,78.9794,1.58252,300,0,0,0,0,0,22,25,11,1,0,7,0,0,0,32768,32832,,,0,38
79877,94,Defias Cutpurse,NULL,0,12,12,-9244.15,235.741,71.5773,3.70428,300,5,1,0,0,0,5,6,17,0,0,7,0,0,1,0,0,SmartAI,,NULL,40
79878,883,Deer,,0,12,12,-9234.25,254.141,72.9114,2.8935,300,15,1,0,0,0,5,5,31,0,0,8,0,0,1,0,66,,,NULL,45
79879,890,Fawn,NULL,0,12,12,-9231.44,253.441,72.8208,2.89989,300,10,1,0,0,0,1,1,31,0,0,8,0,0,1,0,66,,,NULL,13
79880,2442,Cow,,0,12,12,-9225.26,259.278,72.6654,4.66506,300,15,1,0,0,0,5,5,190,0,0,8,0,0,1,0,64,,,NULL,46
79881,5917,Clara Charles,NULL,0,12,12,-9266.12,354.4,76.6919,2.2945,300,0,2,0,0,0,1,2,12,0,0,7,0,0,0,0,2,SmartAI,,6390480,1
79882,721,Rabbit,,0,12,12,-9213.91,273.681,74.2265,4.57673,300,15,1,0,0,0,1,1,31,0,0,8,0,0,1,0,66,,,NULL,94
79883,30,Forest Spider,NULL,0,12,12,-9233.27,271.076,72.78,3.25266,300,15,1,0,0,0,5,6,22,0,0,1,3,1,1,0,0,SmartAI,,NULL,16
79884,721,Rabbit,,0,12,12,-9215.63,192.999,69.4072,2.10084,300,15,1,0,0,0,1,1,31,0,0,8,0,0,1,0,66,,,NULL,94
79885,94,Defias Cutpurse,NULL,0,12,12,-9188.66,161.699,72.6103,4.88241,300,5,1,0,0,0,5,6,17,0,0,7,0,0,1,0,0,SmartAI,,NULL,40
79886,721,Rabbit,,0,12,12,-9221.01,106.726,73.9549,4.82008,300,15,1,0,0,0,1,1,31,0,0,8,0,0,1,0,66,,,NULL,94
79887,94,Defias Cutpurse,NULL,0,12,12,-9174.65,97.281,76.4627,1.23191,300,5,1,0,0,0,5,6,17,0,0,7,0,0,1,0,0,SmartAI,,NULL,40
79888,94,Defias Cutpurse,NULL,0,12,12,-9162.37,84.6315,77.0762,1.91986,300,0,0,0,0,0,5,6,17,0,0,7,0,0,1,0,0,SmartAI,,NULL,40
79889,94,Defias Cutpurse,NULL,0,12,12,-9158.63,88.1075,76.4952,3.05433,300,0,0,0,0,0,5,6,17,0,0,7,0,0,1,0,0,SmartAI,,NULL,40
79890,94,Defias Cutpurse,NULL,0,12,12,-9162.57,94.5477,76.3557,3.78736,300,0,0,0,0,0,5,6,17,0,0,7,0,0,1,0,0,SmartAI,,NULL,40
79891,94,Defias Cutpurse,NULL,0,12,12,-9185.47,118.826,74.5898,4.68115,300,5,1,0,0,0,5,6,17,0,0,7,0,0,1,0,0,SmartAI,,NULL,40
79892,94,Defias Cutpurse,NULL,0,12,12,-9217.67,120.189,73.5781,4.78424,300,5,1,0,0,0,5,6,17,0,0,7,0,0,1,0,0,SmartAI,,NULL,40
79893,94,Defias Cutpurse,NULL,0,12,12,-9237.66,40.2561,73.3568,3.72285,300,5,1,0,0,0,5,6,17,0,0,7,0,0,1,0,0,SmartAI,,NULL,40
79894,299,Diseased Young Wolf,,0,12,12,-9221.41,46.3592,74.7942,6.15518,300,15,1,0,0,0,1,1,32,0,0,1,1,1,1,0,0,,,NULL,45
79896,94,Defias Cutpurse,NULL,0,12,12,-9143.14,58.0315,77.4185,5.11831,300,5,1,0,0,0,5,6,17,0,0,7,0,0,1,0,0,SmartAI,,NULL,40
79897,94,Defias Cutpurse,NULL,0,12,12,-9178.42,37.4651,77.9614,4.87576,300,5,1,0,0,0,5,6,17,0,0,7,0,0,1,0,0,SmartAI,,NULL,40
79898,94,Defias Cutpurse,NULL,0,12,12,-9197.86,73.8136,77.4574,4.42985,300,5,1,0,0,0,5,6,17,0,0,7,0,0,1,0,0,SmartAI,,NULL,40
79900,299,Diseased Young Wolf,,0,12,12,-9222.11,-39.7406,73.8181,1.76359,300,15,1,0,0,0,1,1,32,0,0,1,1,1,1,0,0,,,NULL,45
79901,94,Defias Cutpurse,NULL,0,12,12,-9251.36,-11.6955,73.4498,4.86727,300,5,1,0,0,0,5,6,17,0,0,7,0,0,1,0,0,SmartAI,,NULL,40
79902,6368,Cat,NULL,0,12,12,-9177.55,-10.9676,79.1202,0.208455,300,8,1,0,0,0,1,1,188,0,0,8,0,0,1,0,66,,,NULL,9
79903,6368,Cat,NULL,0,12,12,-9185.84,-6.26367,77.9952,3.85509,300,8,1,0,0,0,1,1,188,0,0,8,0,0,1,0,66,,,NULL,9
79904,6368,Cat,NULL,0,12,12,-9164.44,-6.83258,79.4985,3.37061,300,8,1,0,0,0,1,1,188,0,0,8,0,0,1,0,66,,,NULL,9
79905,7385,Bombay Cat,NULL,0,12,12,-9173.6,-0.252902,80.3948,1.99512,300,3,1,0,0,0,1,1,188,0,0,12,0,0,0,768,66,SmartAI,,NULL,1
79906,6368,Cat,NULL,0,12,12,-9159.23,-1.84042,79.3735,6.06882,300,8,1,0,0,0,1,1,188,0,0,8,0,0,1,0,66,,,NULL,9
79907,94,Defias Cutpurse,NULL,0,12,12,-9213.33,19.113,77.096,0.692428,300,5,1,0,0,0,5,6,17,0,0,7,0,0,1,0,0,SmartAI,,NULL,40
79908,7381,Silver Tabby Cat,NULL,0,12,12,-9173.94,1.30174,80.3945,6.09201,300,3,1,0,0,0,1,1,188,0,0,12,0,0,0,768,66,SmartAI,,NULL,1
79909,7382,Orange Tabby Cat,NULL,0,12,12,-9170.25,2.46752,80.4049,1.56278,300,3,1,0,0,0,1,1,188,0,0,12,0,0,0,768,66,SmartAI,,NULL,1
79910,7384,Cornish Rex Cat,NULL,0,12,12,-9175.33,3.87259,80.3912,4.33778,300,3,1,0,0,0,1,1,188,0,0,12,0,0,1,768,66,SmartAI,,0,1
79911,6368,Cat,NULL,0,12,12,-9180.5,13.5264,79.2606,5.98203,300,8,1,0,0,0,1,1,188,0,0,8,0,0,1,0,66,,,NULL,9
79912,6367,Donni Anthania,Crazy Cat Lady,0,12,12,-9176.5,0.704102,80.4761,5.79449,300,0,0,0,0,0,5,5,12,128,0,7,0,0,0,512,66,,,NULL,1
79913,6368,Cat,NULL,0,12,12,-9188.4,5.30065,78.1142,1.12691,300,8,1,0,0,0,1,1,188,0,0,8,0,0,1,0,66,,,NULL,9
79914,6368,Cat,NULL,0,12,12,-9156.63,15.9581,78.5701,1.64355,300,8,1,0,0,0,1,1,188,0,0,8,0,0,1,0,66,,,NULL,9
79915,6368,Cat,NULL,0,12,12,-9163.13,7.73827,79.0701,3.57267,300,8,1,0,0,0,1,1,188,0,0,8,0,0,1,0,66,,,NULL,9
79916,6368,Cat,NULL,0,12,12,-9167.8,17.7601,78.9207,4.27481,300,8,1,0,0,0,1,1,188,0,0,8,0,0,1,0,66,,,NULL,9
79917,94,Defias Cutpurse,NULL,0,12,12,-9120.66,38.1426,82.754,5.63773,300,5,1,0,0,0,5,6,17,0,0,7,0,0,1,0,0,SmartAI,,NULL,40
79918,2442,Cow,,0,12,12,-9167.85,13.3317,79.0457,3.00682,300,3,1,0,0,0,5,5,190,0,0,8,0,0,1,0,64,,,NULL,46
79919,2442,Cow,,0,12,12,-9157.46,13.7152,78.6951,3.12673,300,3,1,0,0,0,5,5,190,0,0,8,0,0,1,0,64,,,NULL,46
79920,299,Diseased Young Wolf,,0,12,12,-9290,-10.2439,69.4036,5.69506,300,15,1,0,0,0,1,1,32,0,0,1,1,1,1,0,0,,,NULL,45
79922,2442,Cow,,0,12,12,-9226.41,-59.2634,74.2215,3.07871,300,15,1,0,0,0,5,5,190,0,0,8,0,0,1,0,64,,,NULL,46
79923,94,Defias Cutpurse,NULL,0,12,12,-9109.14,6.64692,88.2881,5.75035,300,5,1,0,0,0,5,6,17,0,0,7,0,0,1,0,0,SmartAI,,NULL,40
79924,883,Deer,,0,12,12,-9097.14,-14.5558,91.0138,5.11138,300,15,1,0,0,0,5,5,31,0,0,8,0,0,1,0,66,,,NULL,45
79925,6774,Falkhaan Isenstrider,NULL,0,12,9,-9044.56,-45.9817,88.4193,3.08923,300,0,0,0,0,0,10,10,12,2,0,7,0,0,0,768,66,,,NULL,1
79926,1642,Northshire Guard,NULL,0,12,9,-9047.58,-101.24,88.3071,1.98968,300,0,0,0,0,0,65,65,11,0,0,7,0,0,0,0,64,,,NULL,7
79927,1642,Northshire Guard,NULL,0,12,9,-9047.72,-65.2479,88.182,4.62545,300,0,2,0,0,0,65,65,11,0,0,7,0,0,0,0,64,,,6394160,7
79928,299,Diseased Young Wolf,,0,12,9,-9025.26,-113.884,87.6897,5.90885,300,15,1,0,0,0,1,1,32,0,0,1,1,1,1,0,0,,,NULL,45
79929,1642,Northshire Guard,NULL,0,12,9,-9061.28,-46.7949,88.795,1.5708,300,0,0,0,0,0,65,65,11,0,0,7,0,0,0,0,64,,,0,7
79930,1642,Northshire Guard,NULL,0,12,9,-9060.42,-39.0625,88.295,4.71239,300,0,0,0,0,0,65,65,11,0,0,7,0,0,0,0,64,,,0,7
79931,1642,Northshire Guard,NULL,0,12,12,-9034.7,7.06125,88.0834,5.06145,300,0,0,0,0,0,65,65,11,0,0,7,0,0,0,0,64,,,0,7
79932,1642,Northshire Guard,NULL,0,12,9,-9022.7,2.68442,88.3783,2.48363,300,0,2,0,0,0,65,65,11,0,0,7,0,0,0,0,64,,,6394560,7
79933,299,Diseased Young Wolf,,0,12,9,-8953.62,-48.5983,91.9745,1.52582,300,15,1,0,0,0,1,1,32,0,0,1,1,1,1,0,0,,,NULL,45
79934,299,Diseased Young Wolf,,0,12,9,-8971.19,-52.8166,91.7821,5.59298,300,15,1,0,0,0,1,1,32,0,0,1,1,1,1,0,0,,,NULL,45
79935,299,Diseased Young Wolf,,0,12,9,-8979.68,-64.6176,90.3669,4.30211,300,15,1,0,0,0,1,1,32,0,0,1,1,1,1,0,0,,,NULL,45
79936,299,Diseased Young Wolf,,0,12,9,-8970.22,-87.6545,87.0364,3.96984,300,15,1,0,0,0,1,1,32,0,0,1,1,1,1,0,0,,,NULL,45
79937,299,Diseased Young Wolf,,0,12,9,-8952.08,-83.9177,88.1923,5.93131,300,15,1,0,0,0,1,1,32,0,0,1,1,1,1,0,0,,,NULL,45
79938,299,Diseased Young Wolf,,0,12,9,-9002.51,-129.957,84.2971,2.56219,300,15,1,0,0,0,1,1,32,0,0,1,1,1,1,0,0,,,NULL,45
79939,299,Diseased Young Wolf,,0,12,9,-8938.02,-49.7685,90.7206,2.82973,300,15,1,0,0,0,1,1,32,0,0,1,1,1,1,0,0,,,NULL,45
79940,299,Diseased Young Wolf,,0,12,9,-8925.81,-38.3764,92.0904,6.08847,300,15,1,0,0,0,1,1,32,0,0,1,1,1,1,0,0,,,NULL,45
79941,299,Diseased Young Wolf,,0,12,9,-8919.35,-52.6967,87.9581,0.302009,300,15,1,0,0,0,1,1,32,0,0,1,1,1,1,0,0,,,NULL,45
79942,823,Deputy Willem,NULL,0,12,9,-8947.64,-132.319,83.7199,3.33358,300,0,0,0,0,0,18,18,12,2,0,7,0,0,0,768,66,,,NULL,1
79943,5403,Riding White Stallion,,0,12,9,-8933.85,-166.93,81.0317,0,300,0,0,0,0,0,1,2,35,0,0,1,0,0,0,0,2,,,NULL,2
79944,721,Rabbit,,0,12,9,-8954.53,-161.289,81.7223,4.62946,300,15,1,0,0,0,1,1,31,0,0,8,0,0,1,0,66,,,NULL,94
79945,299,Diseased Young Wolf,,0,12,9,-8993.86,-153.85,81.1214,0.192583,300,15,1,0,0,0,1,1,32,0,0,1,1,1,1,0,0,,,NULL,45
79946,299,Diseased Young Wolf,,0,12,9,-9023.11,-141.786,83.659,2.96681,300,15,1,0,0,0,1,1,32,0,0,1,1,1,1,0,0,,,NULL,45
79947,721,Rabbit,,0,12,9,-8931.63,-137.105,82.8369,1.21334,300,15,1,0,0,0,1,1,31,0,0,8,0,0,1,0,66,,,NULL,94
79948,1642,Northshire Guard,NULL,0,12,9,-8914.44,-134.267,80.5523,5.17342,300,0,2,0,0,0,65,65,11,0,0,7,0,0,0,0,64,,,6395840,7
79949,11940,Merissa Stilwell,NULL,0,12,87,-9478.9,49.9652,57.313,6.1665,300,0,0,0,0,0,5,5,12,2,0,7,0,0,0,768,66,,,NULL,1
79950,152,Brother Danil,General Supplies,0,12,9,-8901.59,-112.716,82.0314,3.31613,300,0,0,0,0,0,5,5,12,384,0,7,0,0,0,768,66,,,NULL,1
79951,190,Dermot Johns,Cloth & Leather Armor Merchant,0,12,9,-8897.71,-115.328,81.9982,3.78736,300,0,0,0,0,0,5,5,12,4224,0,7,0,0,0,768,66,,,NULL,1
79952,1213,Godric Rothgar,Armorer & Shieldcrafter,0,12,9,-8898.23,-119.838,82.016,2.74017,300,0,0,0,0,0,5,5,12,4224,0,7,0,0,0,768,66,,,NULL,1
79953,78,Janos Hammerknuckle,Weaponsmith,0,12,9,-8909.46,-104.163,82.0314,4.39823,300,0,0,0,0,0,5,5,12,4224,0,7,0,0,0,768,66,,,NULL,1
79954,299,Diseased Young Wolf,,0,12,9,-8867.79,-69.8964,84.732,2.01698,300,15,1,0,0,0,1,1,32,0,0,1,1,1,1,0,0,,,NULL,45
79955,299,Diseased Young Wolf,,0,12,9,-8879.21,-50.3677,86.811,3.42225,300,15,1,0,0,0,1,1,32,0,0,1,1,1,1,0,0,,,NULL,45
79956,69,Diseased Timber Wolf,NULL,0,12,9,-8872.65,-57.9788,86.311,1.4592,300,5,1,0,0,0,2,2,32,0,0,1,1,1,1,0,0,,,NULL,36
79957,299,Diseased Young Wolf,,0,12,9,-8918.72,-73.92,88.3627,5.72065,300,15,1,0,0,0,1,1,32,0,0,1,1,1,1,0,0,,,NULL,45
79958,299,Diseased Young Wolf,,0,12,9,-8883.51,-59.0416,85.936,5.39762,300,15,1,0,0,0,1,1,32,0,0,1,1,1,1,0,0,,,NULL,45
79959,299,Diseased Young Wolf,,0,12,9,-8886.96,-85.4681,85.3813,1.99338,300,15,1,0,0,0,1,1,32,0,0,1,1,1,1,0,0,,,NULL,45
79960,299,Diseased Young Wolf,,0,12,9,-8876.07,-114.909,81.2399,5.51329,300,15,1,0,0,0,1,1,32,0,0,1,1,1,1,0,0,,,NULL,45
79961,69,Diseased Timber Wolf,NULL,0,12,9,-8989.88,-170.731,78.3374,1.19042,300,5,1,0,0,0,2,2,32,0,0,1,1,1,1,0,0,,,NULL,36
79962,198,Khelden Bremen,Mage Trainer,0,12,24,-8851.57,-188.234,89.4958,2.9147,300,0,0,0,0,0,5,5,12,51,0,7,0,0,0,768,66,,,NULL,1
79963,375,Priestess Anetta,Priest Trainer,0,12,24,-8853.59,-193.336,82.1157,2.54818,300,0,0,0,0,0,5,5,12,51,0,7,0,0,0,768,66,,,NULL,1
79964,911,Llane Beshere,Warrior Trainer,0,12,24,-8918.36,-208.411,82.3088,6.05629,300,0,0,0,0,0,5,5,12,51,0,7,0,0,0,768,66,,,NULL,1
79965,6373,Dane Winslow,,0,12,9,-8927.62,-201.787,80.6824,2.26893,300,0,0,0,0,0,8,8,12,0,0,7,0,0,0,768,66,,,NULL,1
79966,459,Drusilla La Salle,Warlock Trainer,0,12,9,-8926.74,-195.589,80.7714,2.79253,300,0,0,0,0,0,5,5,12,51,0,7,0,0,0,768,66,,,NULL,1
79967,925,Brother Sammuel,Paladin Trainer,0,12,24,-8914.57,-215.016,82.2996,1.20428,300,0,0,0,0,0,5,5,12,51,0,7,0,0,0,768,66,,,NULL,1
79968,952,Brother Neals,NULL,0,12,24,-8902.13,-181.646,113.24,0.872665,300,0,0,0,0,0,50,50,12,2,0,7,0,0,0,768,66,,,NULL,1
79969,951,Brother Paxton,Librarian,0,12,24,-8874.87,-186.332,82.1206,1.309,300,0,0,0,0,0,27,27,12,2,0,7,0,0,0,768,66,,,NULL,1
79970,197,Marshal McBride,NULL,0,12,24,-8902.59,-162.606,82.0223,2.04204,300,0,0,0,0,0,20,20,12,3,0,7,0,0,0,768,66,SmartAI,,NULL,1
79971,196,Eagan Peltskinner,NULL,0,12,9,-8869.22,-163.237,80.9719,0.959931,300,0,0,0,0,0,3,3,12,2,0,7,0,0,0,768,66,,,NULL,1
79972,721,Rabbit,,0,12,9,-8890.02,-214.179,80.9554,5.9517,300,15,1,0,0,0,1,1,31,0,0,8,0,0,1,0,66,,,NULL,94
79974,299,Diseased Young Wolf,,0,12,9,-8826.85,-159.473,80.208,3.99024,300,15,1,0,0,0,1,1,32,0,0,1,1,1,1,0,0,,,NULL,45
79975,69,Diseased Timber Wolf,NULL,0,12,9,-8851.41,-84.09,84.0794,5.4171,300,5,1,0,0,0,2,2,32,0,0,1,1,1,1,0,0,,,NULL,36
79976,299,Diseased Young Wolf,,0,12,9,-8860.79,-87.9941,82.4953,4.86537,300,15,1,0,0,0,1,1,32,0,0,1,1,1,1,0,0,,,NULL,45
79977,299,Diseased Young Wolf,,0,12,9,-8815.7,-110.295,82.4108,1.8314,300,15,1,0,0,0,1,1,32,0,0,1,1,1,1,0,0,,,NULL,45
79978,299,Diseased Young Wolf,,0,12,9,-8820.1,-91.1454,84.7704,2.26079,300,15,1,0,0,0,1,1,32,0,0,1,1,1,1,0,0,,,NULL,45
79979,299,Diseased Young Wolf,,0,12,9,-8844.26,-45.0241,86.9295,1.89413,300,15,1,0,0,0,1,1,32,0,0,1,1,1,1,0,0,,,NULL,45
79980,299,Diseased Young Wolf,,0,12,9,-8854.87,-106.428,80.9344,5.97907,300,15,1,0,0,0,1,1,32,0,0,1,1,1,1,0,0,,,NULL,45
79981,299,Diseased Young Wolf,,0,12,9,-8827.2,-100.013,84.4858,5.23202,300,15,1,0,0,0,1,1,32,0,0,1,1,1,1,0,0,,,NULL,45
79982,299,Diseased Young Wolf,,0,12,9,-8820.37,-79.6791,86.4006,6.21158,300,15,1,0,0,0,1,1,32,0,0,1,1,1,1,0,0,,,NULL,45
79983,299,Diseased Young Wolf,,0,12,9,-8828.87,-69.3906,87.0256,0.512979,300,15,1,0,0,0,1,1,32,0,0,1,1,1,1,0,0,,,NULL,45
79984,299,Diseased Young Wolf,,0,12,9,-8856.48,-131.607,81.3476,3.83983,300,15,1,0,0,0,1,1,32,0,0,1,1,1,1,0,0,,,NULL,45
79985,299,Diseased Young Wolf,,0,12,9,-8838.49,-133.395,81.3375,4.58528,300,15,1,0,0,0,1,1,32,0,0,1,1,1,1,0,0,,,NULL,45
79986,915,Jorik Kerridan,Rogue Trainer,0,12,9,-8863.47,-210.905,80.755,4.41568,300,0,0,0,0,0,5,5,12,51,0,7,0,0,0,768,66,SmartAI,,NULL,1
79987,69,Diseased Timber Wolf,NULL,0,12,9,-8813.36,-179.602,82.1866,1.63724,300,5,1,0,0,0,2,2,32,0,0,1,1,1,1,0,0,,,NULL,36
79988,299,Diseased Young Wolf,,0,12,9,-8810.28,-179.303,82.069,1.96849,300,15,1,0,0,0,1,1,32,0,0,1,1,1,1,0,0,,,NULL,45
79989,69,Diseased Timber Wolf,NULL,0,12,9,-8804.49,-136.622,83.6897,3.02099,300,5,1,0,0,0,2,2,32,0,0,1,1,1,1,0,0,,,NULL,36
79990,299,Diseased Young Wolf,,0,12,9,-8806.25,-143.212,83.57,1.33151,300,15,1,0,0,0,1,1,32,0,0,1,1,1,1,0,0,,,NULL,45
79991,721,Rabbit,,0,12,9,-8829.68,-213.486,83.9962,1.54931,300,15,1,0,0,0,1,1,31,0,0,8,0,0,1,0,66,,,NULL,94
79992,6,Kobold Vermin,,0,12,9,-8783.05,-161.565,82.0352,0.904036,300,5,1,0,0,0,1,2,25,0,0,7,0,0,1,0,2,SmartAI,,NULL,33
79993,6,Kobold Vermin,,0,12,9,-8774.13,-184.494,83.1764,1.59099,300,5,1,0,0,0,1,2,25,0,0,7,0,0,1,0,2,SmartAI,,NULL,33
79994,6,Kobold Vermin,,0,12,9,-8794.45,-170.399,81.5514,1.74907,300,5,1,0,0,0,1,2,25,0,0,7,0,0,1,0,2,SmartAI,,NULL,33
79995,6,Kobold Vermin,,0,12,9,-8794.96,-134.15,83.0352,2.1558,300,5,1,0,0,0,1,2,25,0,0,7,0,0,1,0,2,SmartAI,,NULL,33
79996,6,Kobold Vermin,,0,12,9,-8789.91,-143.313,82.7331,2.96193,300,5,1,0,0,0,1,2,25,0,0,7,0,0,1,0,2,SmartAI,,NULL,33
79997,69,Diseased Timber Wolf,NULL,0,12,9,-8747.56,-135.783,83.7125,5.44551,300,5,1,0,0,0,2,2,32,0,0,1,1,1,1,0,0,,,NULL,36
79998,6,Kobold Vermin,,0,12,9,-8768.46,-176.434,83.4446,3.31613,300,0,0,0,0,0,1,2,25,0,0,7,0,0,1,0,2,SmartAI,,NULL,33
79999,6,Kobold Vermin,,0,12,9,-8752.95,-160.776,84.243,2.22203,300,5,1,0,0,0,1,2,25,0,0,7,0,0,1,0,2,SmartAI,,NULL,33
80000,6,Kobold Vermin,,0,12,9,-8779.8,-195.355,84.0514,3.78246,300,5,1,0,0,0,1,2,25,0,0,7,0,0,1,0,2,SmartAI,,NULL,33
80001,6,Kobold Vermin,,0,12,9,-8775.9,-148.466,81.4102,4.05152,300,5,1,0,0,0,1,2,25,0,0,7,0,0,1,0,2,SmartAI,,NULL,33
80002,6,Kobold Vermin,,0,12,9,-8785.46,-171.229,81.6764,5.11032,300,5,1,0,0,0,1,2,25,0,0,7,0,0,1,0,2,SmartAI,,NULL,33
80003,257,Kobold Worker,,0,12,9,-8763.31,-159.256,82.9625,5.98151,300,5,1,0,0,0,3,3,25,0,0,7,0,0,1,0,2,SmartAI,,NULL,43
80004,257,Kobold Worker,,0,12,9,-8756.81,-171.434,84.8866,3.52798,300,5,1,0,0,0,3,3,25,0,0,7,0,0,1,0,2,SmartAI,,NULL,43
80005,257,Kobold Worker,,0,12,9,-8769.9,-138.115,82.5352,0.362188,300,5,1,0,0,0,3,3,25,0,0,7,0,0,1,0,2,SmartAI,,NULL,43
80006,299,Diseased Young Wolf,,0,12,9,-8824.51,-58.7339,88.6915,3.69501,300,15,1,0,0,0,1,1,32,0,0,1,1,1,1,0,0,,,NULL,45
80007,299,Diseased Young Wolf,,0,12,9,-8808.48,-91.4317,84.1506,3.60744,300,15,1,0,0,0,1,1,32,0,0,1,1,1,1,0,0,,,NULL,45
80008,69,Diseased Timber Wolf,NULL,0,12,9,-8781.32,-59.8318,91.8378,5.18477,300,5,1,0,0,0,2,2,32,0,0,1,1,1,1,0,0,,,NULL,36
80009,69,Diseased Timber Wolf,NULL,0,12,9,-8752.63,-81.9882,92.7991,0.638906,300,5,1,0,0,0,2,2,32,0,0,1,1,1,1,0,0,,,NULL,36
80010,69,Diseased Timber Wolf,NULL,0,12,9,-8761.9,-66.2644,92.2944,4.47272,300,5,1,0,0,0,2,2,32,0,0,1,1,1,1,0,0,,,NULL,36
80011,6,Kobold Vermin,,0,12,9,-8765.28,-93.41,89.7241,0.129198,300,5,1,0,0,0,1,2,25,0,0,7,0,0,1,0,2,SmartAI,,NULL,33
80012,6,Kobold Vermin,,0,12,9,-8771.45,-115.916,83.365,0.383972,300,0,0,0,0,0,1,2,25,0,0,7,0,0,1,0,2,SmartAI,,NULL,33
80013,6,Kobold Vermin,,0,12,9,-8794.01,-118.5,83.5315,1.02964,300,5,1,0,0,0,1,2,25,0,0,7,0,0,1,0,2,SmartAI,,NULL,33
80014,6,Kobold Vermin,,0,12,9,-8778.78,-125.732,82.7815,1.30576,300,5,1,0,0,0,1,2,25,0,0,7,0,0,1,0,2,SmartAI,,NULL,33
80015,6,Kobold Vermin,,0,12,9,-8781.3,-115.552,82.8641,0.122173,300,0,0,0,0,0,1,2,25,0,0,7,0,0,1,0,2,SmartAI,,NULL,33
80016,6,Kobold Vermin,,0,12,9,-8766.97,-117.391,83.6927,2.30383,300,0,0,0,0,0,1,2,25,0,0,7,0,0,1,0,2,SmartAI,,NULL,33
80017,6,Kobold Vermin,,0,12,9,-8761.02,-127.543,83.4305,1.01327,300,5,1,0,0,0,1,2,25,0,0,7,0,0,1,0,2,SmartAI,,NULL,33
80018,6,Kobold Vermin,,0,12,9,-8780.05,-108.379,83.6632,5.79449,300,0,0,0,0,0,1,2,25,0,0,7,0,0,1,0,2,SmartAI,,NULL,33
80019,6,Kobold Vermin,,0,12,9,-8772.89,-103.59,86.1565,5.22354,300,5,1,0,0,0,1,2,25,0,0,7,0,0,1,0,2,SmartAI,,NULL,33
80020,257,Kobold Worker,,0,12,9,-8768.63,-113.135,83.7815,0.0699,300,5,1,0,0,0,3,3,25,0,0,7,0,0,1,0,2,SmartAI,,NULL,43
80021,257,Kobold Worker,,0,12,9,-8786.94,-105.911,83.4065,0.976494,300,5,1,0,0,0,3,3,25,0,0,7,0,0,1,0,2,SmartAI,,NULL,43
80022,257,Kobold Worker,,0,12,9,-8770.12,-117.703,83.4954,0,300,0,0,0,0,0,3,3,25,0,0,7,0,0,1,0,2,SmartAI,,NULL,43
80023,257,Kobold Worker,,0,12,9,-8767.71,-111.647,84.3424,4.15388,300,0,0,0,0,0,3,3,25,0,0,7,0,0,1,0,2,SmartAI,,NULL,43
80024,6,Kobold Vermin,,0,12,9,-8749.15,-114.985,85.9305,6.13703,300,5,1,0,0,0,1,2,25,0,0,7,0,0,1,0,2,SmartAI,,NULL,33
80025,69,Diseased Timber Wolf,NULL,0,12,9,-8789.76,-69.806,90.19,5.7897,300,5,1,0,0,0,2,2,32,0,0,1,1,1,1,0,0,,,NULL,36
80026,257,Kobold Worker,,0,12,9,-8752.36,-101.854,87.9305,1.63139,300,5,1,0,0,0,3,3,25,0,0,7,0,0,1,0,2,SmartAI,,NULL,43
80027,299,Diseased Young Wolf,,0,12,9,-8799.31,-70.4097,88.9475,1.9513,300,15,1,0,0,0,1,1,32,0,0,1,1,1,1,0,0,,,NULL,45
80028,6,Kobold Vermin,,0,12,9,-8753.58,-192.765,85.7976,1.5708,300,0,0,0,0,0,1,2,25,0,0,7,0,0,1,0,2,SmartAI,,NULL,33
80029,721,Rabbit,,0,12,9,-8752.2,-197.95,86.1366,3.12472,300,15,1,0,0,0,1,1,31,0,0,8,0,0,1,0,66,,,NULL,94
80030,69,Diseased Timber Wolf,NULL,0,12,34,-8718.79,-148.353,86.1238,3.38237,300,5,1,0,0,0,2,2,32,0,0,1,1,1,1,0,0,,,NULL,36
80031,6,Kobold Vermin,,0,12,9,-8757.55,-180.684,85.0116,1.62418,300,5,1,0,0,0,1,2,25,0,0,7,0,0,1,0,2,SmartAI,,NULL,33
80032,6,Kobold Vermin,,0,12,9,-8768.17,-190.502,84.5514,6.08596,300,5,1,0,0,0,1,2,25,0,0,7,0,0,1,0,2,SmartAI,,NULL,33
80033,257,Kobold Worker,,0,12,34,-8721.69,-155.805,85.3738,5.30705,300,5,1,0,0,0,3,3,25,0,0,7,0,0,1,0,2,SmartAI,,NULL,43
80034,257,Kobold Worker,,0,12,34,-8717.47,-144.581,86.4988,0.432977,300,5,1,0,0,0,3,3,25,0,0,7,0,0,1,0,2,SmartAI,,NULL,43
80035,257,Kobold Worker,,0,12,34,-8698.78,-161.758,89.1669,1.97494,300,5,1,0,0,0,3,3,25,0,0,7,0,0,1,0,2,SmartAI,,NULL,43
80036,257,Kobold Worker,,0,12,9,-8742.24,-176.21,85.6366,5.59501,300,5,1,0,0,0,3,3,25,0,0,7,0,0,1,0,2,SmartAI,,NULL,43
80037,257,Kobold Worker,,0,12,34,-8727.35,-133.797,86.9388,0.016385,300,5,1,0,0,0,3,3,25,0,0,7,0,0,1,0,2,SmartAI,,NULL,43
80038,721,Rabbit,,0,12,34,-8680.28,-83.5984,91.627,5.55718,300,15,1,0,0,0,1,1,31,0,0,8,0,0,1,0,66,,,NULL,94
80039,883,Deer,,0,12,34,-8679.93,-98.3911,89.5294,6.19524,300,15,1,0,0,0,5,5,31,0,0,8,0,0,1,0,66,,,NULL,45
80040,69,Diseased Timber Wolf,NULL,0,12,9,-8736.29,-72.8328,92.0231,6.01294,300,5,1,0,0,0,2,2,32,0,0,1,1,1,1,0,0,,,NULL,36
80041,69,Diseased Timber Wolf,NULL,0,12,9,-8753.2,-33.3754,92.5098,1.87129,300,5,1,0,0,0,2,2,32,0,0,1,1,1,1,0,0,,,NULL,36
80042,69,Diseased Timber Wolf,NULL,0,12,9,-8748.67,-50.3176,92.2134,2.86224,300,5,1,0,0,0,2,2,32,0,0,1,1,1,1,0,0,,,NULL,36
80043,69,Diseased Timber Wolf,NULL,0,12,9,-8737.09,-94.3173,90.1741,3.34832,300,5,1,0,0,0,2,2,32,0,0,1,1,1,1,0,0,,,NULL,36
80045,257,Kobold Worker,,0,12,34,-8706.28,-129.849,86.2483,3.47469,300,5,1,0,0,0,3,3,25,0,0,7,0,0,1,0,2,SmartAI,,NULL,43
80046,257,Kobold Worker,,0,12,34,-8701.35,-118.101,88.8733,0.843928,300,5,1,0,0,0,3,3,25,0,0,7,0,0,1,0,2,SmartAI,,NULL,43
80047,257,Kobold Worker,,0,12,34,-8718.7,-98.3166,88.3631,5.60389,300,5,1,0,0,0,3,3,25,0,0,7,0,0,1,0,2,SmartAI,,NULL,43
80048,257,Kobold Worker,,0,12,34,-8695.02,-114.396,89.3617,3.886,300,5,1,0,0,0,3,3,25,0,0,7,0,0,1,0,2,SmartAI,,NULL,43
80049,257,Kobold Worker,,0,12,34,-8695.04,-103.437,89.6117,3.47724,300,5,1,0,0,0,3,3,25,0,0,7,0,0,1,0,2,SmartAI,,NULL,43
80050,257,Kobold Worker,,0,12,34,-8713.42,-90.302,89.5737,5.2409,300,5,1,0,0,0,3,3,25,0,0,7,0,0,1,0,2,SmartAI,,NULL,43
80051,257,Kobold Worker,,0,12,34,-8707.58,-108.406,89.1233,2.23404,300,5,1,0,0,0,3,3,25,0,0,7,0,0,1,0,2,SmartAI,,NULL,43
80052,257,Kobold Worker,,0,12,34,-8691.02,-80.2893,90.1544,0.100076,300,5,1,0,0,0,3,3,25,0,0,7,0,0,1,0,2,SmartAI,,NULL,43
80053,257,Kobold Worker,,0,12,34,-8684.79,-71.4061,91.0294,1.34379,300,5,1,0,0,0,3,3,25,0,0,7,0,0,1,0,2,SmartAI,,NULL,43
80054,257,Kobold Worker,,0,12,34,-8698.44,-70.5609,90.2794,2.97837,300,5,1,0,0,0,3,3,25,0,0,7,0,0,1,0,2,SmartAI,,NULL,43
80055,257,Kobold Worker,,0,12,34,-8686.47,-108.002,89.3114,3.22886,300,0,0,0,0,0,3,3,25,0,0,7,0,0,1,0,2,SmartAI,,NULL,43
80056,257,Kobold Worker,,0,12,34,-8680.79,-120.071,90.8183,2.58309,300,0,0,0,0,0,3,3,25,0,0,7,0,0,1,0,2,SmartAI,,NULL,43
80057,257,Kobold Worker,,0,12,34,-8671.76,-127.471,91.9537,3.69248,300,7,1,0,0,0,3,3,25,0,0,7,0,0,1,0,2,SmartAI,,NULL,43
80058,257,Kobold Worker,,0,12,34,-8725.92,-109.693,86.2483,0.481521,300,5,1,0,0,0,3,3,25,0,0,7,0,0,1,0,2,SmartAI,,NULL,43
80059,257,Kobold Worker,,0,12,34,-8667.23,-116.46,92.4403,1.51229,300,7,1,0,0,0,3,3,25,0,0,7,0,0,1,0,2,SmartAI,,NULL,43
80060,80,Kobold Laborer,,0,12,34,-8671.83,-123.34,92.1135,1.68621,300,7,1,0,0,0,3,4,25,0,0,7,0,0,1,0,2,SmartAI,,NULL,25
80061,721,Rabbit,,0,12,34,-8718.02,-112.688,87.425,0,300,15,1,0,0,0,1,1,31,0,0,8,0,0,1,0,66,,,NULL,94
80062,721,Rabbit,,0,12,34,-8673.78,-189.267,91.329,0.563237,300,15,1,0,0,0,1,1,31,0,0,8,0,0,1,0,66,,,NULL,94
80063,883,Deer,,0,12,34,-8686.67,-197.311,92.329,3.94988,300,15,1,0,0,0,5,5,31,0,0,8,0,0,1,0,66,,,NULL,45
80064,80,Kobold Laborer,,0,12,34,-8632.33,-143.753,86.3842,3.27452,300,7,1,0,0,0,3,4,25,0,0,7,0,0,1,0,2,SmartAI,,NULL,25
80065,80,Kobold Laborer,,0,12,34,-8616.27,-143.334,87.4937,0.409049,300,7,1,0,0,0,3,4,25,0,0,7,0,0,1,0,2,SmartAI,,NULL,25
80066,80,Kobold Laborer,,0,12,34,-8640.19,-143.559,86.8829,1.44862,300,7,1,0,0,0,3,4,25,0,0,7,0,0,1,0,2,SmartAI,,NULL,25
80067,80,Kobold Laborer,,0,12,34,-8640.58,-113.289,86.9627,2.97738,300,7,1,0,0,0,3,4,25,0,0,7,0,0,1,0,2,SmartAI,,NULL,25
80068,80,Kobold Laborer,,0,12,34,-8635.27,-110.326,86.8396,4.78637,300,7,1,0,0,0,3,4,25,0,0,7,0,0,1,0,2,SmartAI,,NULL,25
80069,80,Kobold Laborer,,0,12,34,-8657.9,-124.669,90.9269,5.76153,300,7,1,0,0,0,3,4,25,0,0,7,0,0,1,0,2,SmartAI,,NULL,25
80070,80,Kobold Laborer,,0,12,34,-8639.08,-132.949,86.9817,6.08973,300,7,1,0,0,0,3,4,25,0,0,7,0,0,1,0,2,SmartAI,,NULL,25
80071,80,Kobold Laborer,,0,12,34,-8654.91,-127.006,89.5479,2.8159,300,0,0,0,0,0,3,4,25,0,0,7,0,0,1,0,2,SmartAI,,NULL,25
80072,257,Kobold Worker,,0,12,9,-8741.43,-193.606,86.2892,1.22173,300,5,1,0,0,0,3,3,25,0,0,7,0,0,1,0,2,SmartAI,,NULL,43
80073,721,Rabbit,,0,12,34,-8707.05,-204.728,90.7831,0.74278,300,15,1,0,0,0,1,1,31,0,0,8,0,0,1,0,66,,,NULL,94
80074,80,Kobold Laborer,,0,12,34,-8613.77,-152.982,86.0714,3.08878,300,7,1,0,0,0,3,4,25,0,0,7,0,0,1,0,2,SmartAI,,NULL,25
80075,80,Kobold Laborer,,0,12,34,-8610.92,-171.602,85.6868,0.602958,300,7,1,0,0,0,3,4,25,0,0,7,0,0,1,0,2,SmartAI,,NULL,25
80076,80,Kobold Laborer,,0,12,34,-8596.08,-173.872,87.1276,2.94578,300,0,0,0,0,0,3,4,25,0,0,7,0,0,1,0,2,SmartAI,,NULL,25
80077,80,Kobold Laborer,,0,12,34,-8609.08,-141.239,87.6184,3.50514,300,0,0,0,0,0,3,4,25,0,0,7,0,0,1,0,2,SmartAI,,NULL,25
80078,80,Kobold Laborer,,0,12,34,-8601.23,-138.195,87.6999,4.00536,300,0,0,0,0,0,3,4,25,0,0,7,0,0,1,0,2,SmartAI,,NULL,25
80079,80,Kobold Laborer,,0,12,34,-8588.97,-147.395,89.6137,2.07603,300,0,0,0,0,0,3,4,25,0,0,7,0,0,1,0,2,SmartAI,,NULL,25
80080,80,Kobold Laborer,,0,12,34,-8550.41,-163.072,86.6575,3.8533,300,0,0,0,0,0,3,4,25,0,0,7,0,0,1,0,2,SmartAI,,NULL,25
80081,80,Kobold Laborer,,0,12,34,-8582.82,-171.929,91.0492,4.1382,300,0,0,0,0,0,3,4,25,0,0,7,0,0,1,0,2,SmartAI,,NULL,25
80082,80,Kobold Laborer,,0,12,34,-8573.48,-150.506,89.7627,1.40641,300,0,0,0,0,0,3,4,25,0,0,7,0,0,1,0,2,SmartAI,,NULL,25
80083,80,Kobold Laborer,,0,12,34,-8555.47,-149.37,88.3994,5.12587,300,0,0,0,0,0,3,4,25,0,0,7,0,0,1,0,2,SmartAI,,NULL,25
80084,80,Kobold Laborer,,0,12,34,-8559.72,-210.564,84.3106,2.62464,300,0,0,0,0,0,3,4,25,0,0,7,0,0,1,0,2,SmartAI,,NULL,25
80085,80,Kobold Laborer,,0,12,34,-8538.12,-184.356,84.0459,4.52718,300,0,0,0,0,0,3,4,25,0,0,7,0,0,1,0,2,SmartAI,,NULL,25
80086,80,Kobold Laborer,,0,12,34,-8548.78,-207.237,85.1833,5.05884,300,0,0,0,0,0,3,4,25,0,0,7,0,0,1,0,2,SmartAI,,NULL,25
80087,80,Kobold Laborer,,0,12,34,-8561.05,-217.528,85.5112,4.95625,300,0,0,0,0,0,3,4,25,0,0,7,0,0,1,0,2,SmartAI,,NULL,25
80088,80,Kobold Laborer,,0,12,34,-8564.94,-203.695,84.2832,1.86342,300,0,0,0,0,0,3,4,25,0,0,7,0,0,1,0,2,SmartAI,,NULL,25
80089,257,Kobold Worker,,0,12,34,-8732.69,-197.638,88.1356,5.84854,300,0,0,0,0,0,3,3,25,0,0,7,0,0,1,0,2,SmartAI,,NULL,43
80090,721,Rabbit,,0,12,9,-8753.91,2.80961,92.7651,3.43452,300,15,1,0,0,0,1,1,31,0,0,8,0,0,1,0,66,,,NULL,94
80091,721,Rabbit,,0,12,9,-8835.42,-10.7878,90.3409,4.89691,300,15,1,0,0,0,1,1,31,0,0,8,0,0,1,0,66,,,NULL,94
80092,883,Deer,,0,12,9,-8820.92,-7.87339,90.2892,4.96105,300,15,1,0,0,0,5,5,31,0,0,8,0,0,1,0,66,,,NULL,45
80093,721,Rabbit,,0,12,9,-8812.31,4.68013,92.2564,1.22803,300,15,1,0,0,0,1,1,31,0,0,8,0,0,1,0,66,,,NULL,94
80094,6,Kobold Vermin,,0,12,9,-8760.26,-201.47,86.3046,0.963932,300,5,1,0,0,0,1,2,25,0,0,7,0,0,1,0,2,SmartAI,,NULL,33
80095,257,Kobold Worker,,0,12,34,-8722.67,-207.828,89.6581,5.39678,300,5,1,0,0,0,3,3,25,0,0,7,0,0,1,0,2,SmartAI,,NULL,43
80096,257,Kobold Worker,,0,12,34,-8732.07,-205.732,89.1581,5.04892,300,5,1,0,0,0,3,3,25,0,0,7,0,0,1,0,2,SmartAI,,NULL,43
80097,721,Rabbit,,0,12,9,-8693.17,-293.164,86.948,1.53297,300,15,1,0,0,0,1,1,31,0,0,8,0,0,1,0,66,,,NULL,94
80098,6,Kobold Vermin,,0,12,9,-8784.33,-245.049,83.121,3.66519,300,0,0,0,0,0,1,2,25,0,0,7,0,0,1,0,2,SmartAI,,NULL,33
80099,6,Kobold Vermin,,0,12,9,-8773.21,-242.694,83.9417,5.63666,300,5,1,0,0,0,1,2,25,0,0,7,0,0,1,0,2,SmartAI,,NULL,33
80100,6,Kobold Vermin,,0,12,9,-8765.42,-256.049,80.6917,3.86551,300,5,1,0,0,0,1,2,25,0,0,7,0,0,1,0,2,SmartAI,,NULL,33
80101,69,Diseased Timber Wolf,NULL,0,12,9,-8766.04,-232.213,85.4296,3.70092,300,5,1,0,0,0,2,2,32,0,0,1,1,1,1,0,0,,,NULL,36
80102,257,Kobold Worker,,0,12,9,-8762.35,-235.236,85.3167,1.36265,300,5,1,0,0,0,3,3,25,0,0,7,0,0,1,0,2,SmartAI,,NULL,43
80103,257,Kobold Worker,,0,12,9,-8778.08,-254.596,82.0667,1.81161,300,5,1,0,0,0,3,3,25,0,0,7,0,0,1,0,2,SmartAI,,NULL,43
80104,721,Rabbit,,0,12,9,-8753.21,-215.544,87.0546,5.40769,300,15,1,0,0,0,1,1,31,0,0,8,0,0,1,0,66,,,NULL,94
80105,257,Kobold Worker,,0,12,9,-8781.39,-274.644,78.8608,2.40847,300,5,1,0,0,0,3,3,25,0,0,7,0,0,1,0,2,SmartAI,,NULL,43
80106,69,Diseased Timber Wolf,NULL,0,12,9,-8752.87,-295.046,79.4607,5.62039,300,5,1,0,0,0,2,2,32,0,0,1,1,1,1,0,0,,,NULL,36
80107,257,Kobold Worker,,0,12,9,-8769.02,-272.632,78.2358,2.58601,300,5,1,0,0,0,3,3,25,0,0,7,0,0,1,0,2,SmartAI,,NULL,43
80108,6,Kobold Vermin,,0,12,9,-8810.02,-217.027,83.6212,1.46425,300,5,1,0,0,0,1,2,25,0,0,7,0,0,1,0,2,SmartAI,,NULL,33
80109,6,Kobold Vermin,,0,12,9,-8809.45,-233.871,82.5042,4.57276,300,0,0,0,0,0,1,2,25,0,0,7,0,0,1,0,2,SmartAI,,NULL,33
80110,6,Kobold Vermin,,0,12,9,-8805.95,-244.942,82.4202,1.95947,300,5,1,0,0,0,1,2,25,0,0,7,0,0,1,0,2,SmartAI,,NULL,33
80111,257,Kobold Worker,,0,12,9,-8813.27,-244.145,82.2872,0,300,0,0,0,0,0,3,3,25,0,0,7,0,0,1,0,2,SmartAI,,NULL,43
80112,257,Kobold Worker,,0,12,9,-8817.24,-228.768,82.9962,6.24274,300,5,1,0,0,0,3,3,25,0,0,7,0,0,1,0,2,SmartAI,,NULL,43
80113,69,Diseased Timber Wolf,NULL,0,12,9,-8805.37,-205.46,82.6964,6.05053,300,5,1,0,0,0,2,2,32,0,0,1,1,1,1,0,0,,,NULL,36
80114,6,Kobold Vermin,,0,12,9,-8806.91,-226.327,82.8712,5.20619,300,5,1,0,0,0,1,2,25,0,0,7,0,0,1,0,2,SmartAI,,NULL,33
80115,6,Kobold Vermin,,0,12,9,-8796.38,-247.373,82.4417,4.31741,300,5,1,0,0,0,1,2,25,0,0,7,0,0,1,0,2,SmartAI,,NULL,33
80116,6,Kobold Vermin,,0,12,9,-8796.15,-258.344,82.8167,2.70763,300,5,1,0,0,0,1,2,25,0,0,7,0,0,1,0,2,SmartAI,,NULL,33
80117,257,Kobold Worker,,0,12,9,-8786.88,-252.299,82.661,2.23402,300,0,0,0,0,0,3,3,25,0,0,7,0,0,1,0,2,SmartAI,,NULL,43
80118,9296,Milly Osworth,NULL,0,12,9,-8850.29,-224.03,81.7778,4.93928,300,0,0,0,0,0,2,2,12,2,0,7,0,0,0,768,66,,,NULL,1
80119,11260,Northshire Peasant,NULL,0,12,9,-8840.36,-271.29,80.9749,1.13804,300,0,2,0,0,0,1,1,12,0,0,7,0,0,0,256,66,,,6409520,5
80120,257,Kobold Worker,,0,12,9,-8823.45,-236.78,82.4202,4.01583,300,5,1,0,0,0,3,3,25,0,0,7,0,0,1,0,2,SmartAI,,NULL,43
80121,257,Kobold Worker,,0,12,9,-8819.6,-252.86,82.5452,0.517106,300,5,1,0,0,0,3,3,25,0,0,7,0,0,1,0,2,SmartAI,,NULL,43
80122,257,Kobold Worker,,0,12,9,-8811.3,-257.724,82.7952,3.19441,300,5,1,0,0,0,3,3,25,0,0,7,0,0,1,0,2,SmartAI,,NULL,43
80123,883,Deer,,0,12,9,-8877.66,14.8767,93.475,0.440051,300,15,1,0,0,0,5,5,31,0,0,8,0,0,1,0,66,,,NULL,45
80124,721,Rabbit,,0,12,9,-8863.43,12.5133,93.6489,5.15324,300,15,1,0,0,0,1,1,31,0,0,8,0,0,1,0,66,,,NULL,94
80125,890,Fawn,NULL,0,12,9,-8877.7,13.7454,93.701,3.94909,300,0,0,0,0,0,1,1,31,0,0,8,0,0,1,0,66,,,NULL,13
80126,721,Rabbit,,0,12,9,-8836.24,-248.546,82.953,5.87392,300,15,1,0,0,0,1,1,31,0,0,8,0,0,1,0,66,,,NULL,94
80127,11260,Northshire Peasant,NULL,0,12,9,-8856.89,-252.401,81.078,5.37848,300,0,2,0,0,0,1,1,12,0,0,7,0,0,0,256,66,,,6410160,5
80128,721,Rabbit,,0,12,9,-8840.98,-250.706,82.828,2.85951,300,15,1,0,0,0,1,1,31,0,0,8,0,0,1,0,66,,,NULL,94
80129,69,Diseased Timber Wolf,NULL,0,12,9,-8875.74,-242.938,81.6811,1.17205,300,5,1,0,0,0,2,2,32,0,0,1,1,1,1,0,0,,,NULL,36
80130,69,Diseased Timber Wolf,NULL,0,12,9,-8845.73,-287.021,78.3529,4.98699,300,5,1,0,0,0,2,2,32,0,0,1,1,1,1,0,0,,,NULL,36
80131,69,Diseased Timber Wolf,NULL,0,12,9,-8827.58,-292.02,79.3608,0.334482,300,5,1,0,0,0,2,2,32,0,0,1,1,1,1,0,0,,,NULL,36
80132,721,Rabbit,,0,12,9,-8795.52,-296.763,76.1108,5.20217,300,15,1,0,0,0,1,1,31,0,0,8,0,0,1,0,66,,,NULL,94
80133,257,Kobold Worker,,0,12,34,-8705.78,-201.821,90.9366,2.87979,300,0,0,0,0,0,3,3,25,0,0,7,0,0,1,0,2,SmartAI,,NULL,43
80134,69,Diseased Timber Wolf,NULL,0,12,9,-8876.64,-291.29,78.0791,5.03571,300,5,1,0,0,0,2,2,32,0,0,1,1,1,1,0,0,,,NULL,36
80135,299,Diseased Young Wolf,,0,12,9,-8903.4,-271.746,78.8336,3.69709,300,15,1,0,0,0,1,1,32,0,0,1,1,1,1,0,0,,,NULL,45
80136,69,Diseased Timber Wolf,NULL,0,12,9,-8836.19,-306.546,76.6022,5.82215,300,5,1,0,0,0,2,2,32,0,0,1,1,1,1,0,0,,,NULL,36
80137,11260,Northshire Peasant,NULL,0,12,9,-8891.61,-275.477,80.0948,4.86014,300,0,2,0,0,0,1,1,12,0,0,7,0,0,0,256,66,,,6410960,5
80138,69,Diseased Timber Wolf,NULL,0,12,9,-8901.44,-265.269,79.2182,0.22555,300,5,1,0,0,0,2,2,32,0,0,1,1,1,1,0,0,,,NULL,36
80139,69,Diseased Timber Wolf,NULL,0,12,9,-8916.07,-287.69,77.2543,3.59651,300,5,1,0,0,0,2,2,32,0,0,1,1,1,1,0,0,,,NULL,36
80140,69,Diseased Timber Wolf,NULL,0,12,9,-8951,-252.969,76.0696,3.51775,300,5,1,0,0,0,2,2,32,0,0,1,1,1,1,0,0,,,NULL,36
80141,69,Diseased Timber Wolf,NULL,0,12,9,-8961.19,-231.91,76.9597,1.20516,300,5,1,0,0,0,2,2,32,0,0,1,1,1,1,0,0,,,NULL,36
80142,69,Diseased Timber Wolf,NULL,0,12,9,-8966.63,-231.021,76.2175,4.7172,300,5,1,0,0,0,2,2,32,0,0,1,1,1,1,0,0,,,NULL,36
80143,299,Diseased Young Wolf,,0,12,9,-8968.29,-229.972,75.8943,1.04737,300,15,1,0,0,0,1,1,32,0,0,1,1,1,1,0,0,,,NULL,45
80144,69,Diseased Timber Wolf,NULL,0,12,9,-8937.8,-259.455,76.9118,0.676014,300,5,1,0,0,0,2,2,32,0,0,1,1,1,1,0,0,,,NULL,36
80145,11260,Northshire Peasant,NULL,0,12,9,-8932.22,-240.487,79.3923,2.99685,300,0,2,0,0,0,1,1,12,0,0,7,0,0,0,256,66,,,6411600,5
80146,69,Diseased Timber Wolf,NULL,0,12,9,-8920.5,-255.801,79.5036,3.6542,300,5,1,0,0,0,2,2,32,0,0,1,1,1,1,0,0,,,NULL,36
80147,38,Defias Thug,NULL,0,12,9,-8994.59,-312.364,71.9033,1.76278,300,0,0,0,0,0,3,4,7,0,0,7,0,0,1,0,0,SmartAI,,NULL,71
80149,38,Defias Thug,NULL,0,12,9,-8964.3,-334.248,71.6651,2.91509,300,0,2,0,0,0,3,4,7,0,0,7,0,0,1,0,0,SmartAI,,6411920,71
80151,38,Defias Thug,NULL,0,12,59,-9031.57,-304.335,74.4903,1.78024,300,0,0,0,0,0,3,4,7,0,0,7,0,0,1,0,0,SmartAI,,NULL,71
80152,38,Defias Thug,NULL,0,12,59,-9033.82,-301.611,74.7497,5.89921,300,0,0,0,0,0,3,4,7,0,0,7,0,0,1,0,0,SmartAI,,NULL,71
80153,38,Defias Thug,NULL,0,12,59,-9030.79,-285.642,75.5096,6.25018,300,5,1,0,0,0,3,4,7,0,0,7,0,0,1,0,0,SmartAI,,NULL,71
80154,38,Defias Thug,NULL,0,12,59,-9062.89,-267.752,73.9798,3.1138,300,10,1,0,0,0,3,4,7,0,0,7,0,0,1,0,0,SmartAI,,NULL,71
80155,38,Defias Thug,NULL,0,12,59,-9028.07,-297.134,75.1763,5.46843,300,0,2,0,0,0,3,4,7,0,0,7,0,0,1,0,0,SmartAI,,6412400,71
80156,69,Diseased Timber Wolf,NULL,0,12,9,-9017.96,-196.56,75.0036,3.10197,300,5,1,0,0,0,2,2,32,0,0,1,1,1,1,0,0,,,NULL,36
80157,299,Diseased Young Wolf,,0,12,9,-8987.25,-179,76.9624,1.85569,300,15,1,0,0,0,1,1,32,0,0,1,1,1,1,0,0,,,NULL,45
80158,38,Defias Thug,NULL,0,12,9,-9039.49,-264.737,73.6806,4.56933,300,10,1,0,0,0,3,4,7,0,0,7,0,0,1,0,0,SmartAI,,NULL,71
80159,721,Rabbit,,0,12,9,-9058.14,-245.824,72.6166,3.9617,300,15,1,0,0,0,1,1,31,0,0,8,0,0,1,0,66,,,NULL,94
80160,883,Deer,,0,12,9,-9063.94,-246.895,72.9306,1.68514,300,15,1,0,0,0,5,5,31,0,0,8,0,0,1,0,66,,,NULL,45
80161,69,Diseased Timber Wolf,NULL,0,12,9,-9079.85,-182.028,74.6405,6.06449,300,0,0,0,0,0,2,2,32,0,0,1,1,1,1,0,0,,,NULL,36
80162,38,Defias Thug,NULL,0,12,9,-9079.48,-236.698,73.5753,5.91654,300,10,1,0,0,0,3,4,7,0,0,7,0,0,1,0,0,SmartAI,,NULL,71
80163,890,Fawn,NULL,0,12,9,-9078.66,-244.165,73.7003,4.82163,300,10,1,0,0,0,1,1,31,0,0,8,0,0,1,0,66,,,NULL,13
80164,69,Diseased Timber Wolf,NULL,0,12,9,-9038.11,-177.288,76.8733,2.59264,300,5,1,0,0,0,2,2,32,0,0,1,1,1,1,0,0,,,NULL,36
80165,69,Diseased Timber Wolf,NULL,0,12,9,-9028.41,-164.729,79.0259,5.30062,300,5,1,0,0,0,2,2,32,0,0,1,1,1,1,0,0,,,NULL,36
80166,721,Rabbit,,0,12,9,-9027.87,-86.8298,87.9876,4.52992,300,15,1,0,0,0,1,1,31,0,0,8,0,0,1,0,66,,,NULL,94
80167,721,Rabbit,,0,12,59,-9105.58,-286.043,72.2814,2.9609,300,15,1,0,0,0,1,1,31,0,0,8,0,0,1,0,66,,,NULL,94
80168,38,Defias Thug,NULL,0,12,59,-9084.74,-279.007,73.74,5.68111,300,0,0,0,0,0,3,4,7,0,0,7,0,0,1,0,0,SmartAI,,NULL,71
80169,38,Defias Thug,NULL,0,12,59,-9068.32,-288.58,73.7368,0.793078,300,10,1,0,0,0,3,4,7,0,0,7,0,0,1,0,0,SmartAI,,NULL,71
80170,38,Defias Thug,NULL,0,12,59,-9099.05,-277.979,73.2813,2.38933,300,0,2,0,0,0,3,4,7,0,0,7,0,0,1,0,0,SmartAI,,6413600,71
80171,38,Defias Thug,NULL,0,12,59,-9120.29,-269.848,73.6024,4.02247,300,0,2,0,0,0,3,4,7,0,0,7,0,0,1,0,0,SmartAI,,6413680,71
80172,721,Rabbit,,0,12,9,-9104.76,-222.075,74.0504,0.212502,300,15,1,0,0,0,1,1,31,0,0,8,0,0,1,0,66,,,NULL,94
80173,721,Rabbit,,0,12,9,-9086.03,-256.365,73.7064,3.90171,300,15,1,0,0,0,1,1,31,0,0,8,0,0,1,0,66,,,NULL,94
80174,38,Defias Thug,NULL,0,12,9,-9079.81,-247.925,73.8253,0.698361,300,10,1,0,0,0,3,4,7,0,0,7,0,0,1,0,0,SmartAI,,NULL,71
80175,38,Defias Thug,NULL,0,12,9,-9112.45,-244.769,75.5258,1.77427,300,10,1,0,0,0,3,4,7,0,0,7,0,0,1,0,0,SmartAI,,NULL,71
80176,69,Diseased Timber Wolf,NULL,0,12,9,-8994.55,-250.291,72.0086,3.53139,300,5,1,0,0,0,2,2,32,0,0,1,1,1,1,0,0,,,NULL,36
80177,721,Rabbit,,0,12,59,-9118.81,-295.869,73.1261,2.62033,300,15,1,0,0,0,1,1,31,0,0,8,0,0,1,0,66,,,NULL,94
80178,721,Rabbit,,0,12,59,-9133.86,-302.699,73.6015,1.65986,300,15,1,0,0,0,1,1,31,0,0,8,0,0,1,0,66,,,NULL,94
80179,721,Rabbit,,0,12,59,-9074.24,-344.455,73.5757,6.20538,300,15,1,0,0,0,1,1,31,0,0,8,0,0,1,0,66,,,NULL,94
80180,38,Defias Thug,NULL,0,12,59,-9110.05,-311.655,73.5303,1.26827,300,0,0,0,0,0,3,4,7,0,0,7,0,0,1,0,0,SmartAI,,NULL,71
80181,38,Defias Thug,NULL,0,12,59,-9131.1,-323.678,73.0066,1.20518,300,0,2,0,0,0,3,4,7,0,0,7,0,0,1,0,0,SmartAI,,6414480,71
80182,38,Defias Thug,NULL,0,12,59,-9135.2,-282.032,72.1678,5.44543,300,0,0,0,0,0,3,4,7,0,0,7,0,0,1,0,0,SmartAI,,NULL,71
80183,38,Defias Thug,NULL,0,12,59,-9141.53,-290.903,72.5665,3.26377,300,0,0,0,0,0,3,4,7,0,0,7,0,0,1,0,0,SmartAI,,NULL,71
80184,38,Defias Thug,NULL,0,12,59,-9083.31,-301.332,73.4003,0.05236,300,0,0,0,0,0,3,4,7,0,0,7,0,0,1,0,0,SmartAI,,0,71
80185,38,Defias Thug,NULL,0,12,59,-9081.54,-299.698,73.5213,4.59022,300,0,0,0,0,0,3,4,7,0,0,7,0,0,1,0,0,SmartAI,,NULL,71
80186,38,Defias Thug,NULL,0,12,59,-9086.48,-314.165,73.4716,5.60884,300,0,0,0,0,0,3,4,7,0,0,7,0,0,1,0,0,SmartAI,,NULL,71
80187,38,Defias Thug,NULL,0,12,59,-9090.72,-331.023,73.4716,0.848541,300,10,1,0,0,0,3,4,7,0,0,7,0,0,1,0,0,SmartAI,,NULL,71
80188,38,Defias Thug,NULL,0,12,59,-9077.56,-334.076,73.5351,1.29154,300,0,0,0,0,0,3,4,7,0,0,7,0,0,1,0,0,SmartAI,,0,71
80189,38,Defias Thug,NULL,0,12,59,-9075.33,-332.12,73.5351,3.66519,300,0,0,0,0,0,3,4,7,0,0,7,0,0,1,0,0,SmartAI,,NULL,71
80190,38,Defias Thug,NULL,0,12,59,-9078.17,-331.132,73.4716,5.25754,300,0,2,0,0,0,3,4,7,0,0,7,0,0,1,0,0,SmartAI,,6415200,71
80191,38,Defias Thug,NULL,0,12,59,-9110.34,-338.593,73.4938,2.70326,300,10,1,0,0,0,3,4,7,0,0,7,0,0,1,0,0,SmartAI,,NULL,71
80192,721,Rabbit,,0,12,59,-9038.39,-330.808,73.5767,6.08521,300,15,1,0,0,0,1,1,31,0,0,8,0,0,1,0,66,,,NULL,94
80193,38,Defias Thug,NULL,0,12,59,-9054.5,-311.645,73.5767,5.60214,300,10,1,0,0,0,3,4,7,0,0,7,0,0,1,0,0,SmartAI,,NULL,71
80194,38,Defias Thug,NULL,0,12,59,-9058.18,-325.627,73.5767,4.24052,300,0,0,0,0,0,3,4,7,0,0,7,0,0,1,0,0,SmartAI,,NULL,71
80195,38,Defias Thug,NULL,0,12,59,-9045.05,-324.702,73.5767,4.84956,300,10,1,0,0,0,3,4,7,0,0,7,0,0,1,0,0,SmartAI,,NULL,71
80196,38,Defias Thug,NULL,0,12,9,-9130.17,-263.614,72.5258,4.62631,300,0,0,0,0,0,3,4,7,0,0,7,0,0,1,0,0,SmartAI,,NULL,71
80197,721,Rabbit,,0,12,59,-9152.42,-371.24,71.9054,5.00839,300,15,1,0,0,0,1,1,31,0,0,8,0,0,1,0,66,,,NULL,94
80198,883,Deer,,0,12,59,-9111.69,-363.262,73.6354,4.57914,300,15,1,0,0,0,5,5,31,0,0,8,0,0,1,0,66,,,NULL,45
80199,38,Defias Thug,NULL,0,12,59,-9128.11,-355.049,73.4938,5.71384,300,0,0,0,0,0,3,4,7,0,0,7,0,0,1,0,0,SmartAI,,NULL,71
80200,38,Defias Thug,NULL,0,12,59,-9077.32,-377.228,73.5343,1.32645,300,0,0,0,0,0,3,4,7,0,0,7,0,0,1,0,0,SmartAI,,NULL,71
80201,38,Defias Thug,NULL,0,12,59,-9073.82,-376.869,73.5351,2.44346,300,0,0,0,0,0,3,4,7,0,0,7,0,0,1,0,0,SmartAI,,NULL,71
80202,38,Defias Thug,NULL,0,12,59,-9147.74,-341.34,72.786,4.69789,300,0,0,0,0,0,3,4,7,0,0,7,0,0,1,0,0,SmartAI,,NULL,71
80203,38,Defias Thug,NULL,0,12,59,-9144.97,-368.707,72.0304,2.68893,300,0,0,0,0,0,3,4,7,0,0,7,0,0,1,0,0,SmartAI,,NULL,71
80204,38,Defias Thug,NULL,0,12,59,-9124.93,-389.333,72.7234,5.29585,300,0,0,0,0,0,3,4,7,0,0,7,0,0,1,0,0,SmartAI,,NULL,71
80205,38,Defias Thug,NULL,0,12,59,-9090.67,-397.58,73.1227,2.95765,300,5,1,0,0,0,3,4,7,0,0,7,0,0,1,0,0,SmartAI,,NULL,71
80206,38,Defias Thug,NULL,0,12,59,-9071.87,-355.235,73.5757,0.881842,300,10,1,0,0,0,3,4,7,0,0,7,0,0,1,0,0,SmartAI,,NULL,71
80207,38,Defias Thug,NULL,0,12,59,-9093.8,-355.778,73.5757,4.01018,300,10,1,0,0,0,3,4,7,0,0,7,0,0,1,0,0,SmartAI,,NULL,71
80208,38,Defias Thug,NULL,0,12,59,-9102.6,-357.989,73.5504,5.51633,300,0,2,0,0,0,3,4,7,0,0,7,0,0,1,0,0,SmartAI,,6416640,71
80209,38,Defias Thug,NULL,0,12,59,-9046.82,-375.002,74.072,1.25406,300,10,1,0,0,0,3,4,7,0,0,7,0,0,1,0,0,SmartAI,,NULL,71
80210,38,Defias Thug,NULL,0,12,59,-9028.01,-359.972,75.5033,1.19357,300,5,1,0,0,0,3,4,7,0,0,7,0,0,1,0,0,SmartAI,,NULL,71
80211,38,Defias Thug,NULL,0,12,59,-9025.5,-340.637,74.5033,4.86725,300,5,1,0,0,0,3,4,7,0,0,7,0,0,1,0,0,SmartAI,,NULL,71
80212,721,Rabbit,,0,12,59,-9014.25,-337.865,74.904,4.34468,300,15,1,0,0,0,1,1,31,0,0,8,0,0,1,0,66,,,NULL,94
80213,38,Defias Thug,NULL,0,12,59,-9061.12,-369.522,73.5131,3.81119,300,10,1,0,0,0,3,4,7,0,0,7,0,0,1,0,0,SmartAI,,NULL,71
80214,38,Defias Thug,NULL,0,12,59,-9046.85,-343.534,73.5767,0.92428,300,10,1,0,0,0,3,4,7,0,0,7,0,0,1,0,0,SmartAI,,NULL,71
80215,721,Rabbit,,0,12,59,-9076.57,-417.09,75.1228,4.1304,300,15,1,0,0,0,1,1,31,0,0,8,0,0,1,0,66,,,NULL,94
80216,38,Defias Thug,NULL,0,12,59,-9091.08,-421.406,73.9978,4.09253,300,5,1,0,0,0,3,4,7,0,0,7,0,0,1,0,0,SmartAI,,NULL,71
80217,721,Rabbit,,0,12,59,-9062.82,-445.859,72.3721,2.75623,300,15,1,0,0,0,1,1,31,0,0,8,0,0,1,0,66,,,NULL,94
80218,38,Defias Thug,NULL,0,12,59,-9053.63,-410.669,71.9829,4.16758,300,5,1,0,0,0,3,4,7,0,0,7,0,0,1,0,0,SmartAI,,NULL,71
80220,890,Fawn,NULL,0,12,9,-8983.11,-402.958,71.0471,2.44832,300,0,0,0,0,0,1,1,31,0,0,8,0,0,1,0,66,,,NULL,13
80221,721,Rabbit,,0,12,59,-9005.59,-384.689,73.4165,5.41013,300,15,1,0,0,0,1,1,31,0,0,8,0,0,1,0,66,,,NULL,94
80222,38,Defias Thug,NULL,0,12,9,-8998.78,-390.347,71.8185,4.87939,300,10,1,0,0,0,3,4,7,0,0,7,0,0,1,0,0,SmartAI,,NULL,71
80223,38,Defias Thug,NULL,0,12,59,-9003.3,-363.304,75.0033,3.74668,300,0,0,0,0,0,3,4,7,0,0,7,0,0,1,0,0,SmartAI,,NULL,71
80224,38,Defias Thug,NULL,0,12,59,-9034.19,-397.809,72.6381,1.83317,300,10,1,0,0,0,3,4,7,0,0,7,0,0,1,0,0,SmartAI,,NULL,71
80225,721,Rabbit,,0,12,59,-9028.71,-387.084,74.5318,3.36358,300,15,1,0,0,0,1,1,31,0,0,8,0,0,1,0,66,,,NULL,94
80226,38,Defias Thug,NULL,0,12,59,-9027.98,-383.922,75.0318,1.25572,300,10,1,0,0,0,3,4,7,0,0,7,0,0,1,0,0,SmartAI,,NULL,71
80227,883,Deer,,0,12,59,-9021.51,-373.152,75.1056,3.3033,300,15,1,0,0,0,5,5,31,0,0,8,0,0,1,0,66,,,NULL,45
80228,38,Defias Thug,NULL,0,12,9,-8980.84,-411.607,69.4132,6.01341,300,0,0,0,0,0,3,4,7,0,0,7,0,0,1,0,0,SmartAI,,NULL,71
80229,38,Defias Thug,NULL,0,12,9,-8951.47,-429.956,65.1523,1.95477,300,0,0,0,0,0,3,4,7,0,0,7,0,0,1,0,0,SmartAI,,NULL,71
80230,38,Defias Thug,NULL,0,12,9,-8956.23,-422.418,65.3401,4.5204,300,0,0,0,0,0,3,4,7,0,0,7,0,0,1,0,0,SmartAI,,NULL,71
80231,38,Defias Thug,NULL,0,12,9,-8958.37,-431.305,64.7884,1.25664,300,0,0,0,0,0,3,4,7,0,0,7,0,0,1,0,0,SmartAI,,NULL,71
80232,721,Rabbit,,0,12,9,-8936.78,-418.375,65.8772,3.73739,300,15,1,0,0,0,1,1,31,0,0,8,0,0,1,0,66,,,NULL,94
80233,883,Deer,,0,12,59,-9002.12,-420.868,69.827,3.13183,300,15,1,0,0,0,5,5,31,0,0,8,0,0,1,0,66,,,NULL,45
80234,721,Rabbit,,0,12,9,-8938.28,-391.842,70.048,0.868378,300,15,1,0,0,0,1,1,31,0,0,8,0,0,1,0,66,,,NULL,94
80236,38,Defias Thug,NULL,0,12,9,-8956.91,-389.864,70.298,2.37787,300,5,1,0,0,0,3,4,7,0,0,7,0,0,1,0,0,SmartAI,,NULL,71
80237,38,Defias Thug,NULL,0,12,9,-8917.87,-381.132,70.7183,1.76861,300,5,1,0,0,0,3,4,7,0,0,7,0,0,1,0,0,SmartAI,,NULL,71
80238,38,Defias Thug,NULL,0,12,9,-8963.1,-370.271,73.0808,1.16937,300,5,1,0,0,0,3,4,7,0,0,7,0,0,1,0,0,SmartAI,,NULL,71
80239,721,Rabbit,,0,12,9,-8911.16,-418.504,66.6302,5.18603,300,15,1,0,0,0,1,1,31,0,0,8,0,0,1,0,66,,,NULL,94
80240,883,Deer,,0,12,9,-8927.37,-436.047,66.9626,0.182826,300,15,1,0,0,0,5,5,31,0,0,8,0,0,1,0,66,,,NULL,45
80241,38,Defias Thug,NULL,0,12,9,-8869.45,-373.783,71.6896,2.31791,300,0,2,0,0,0,3,4,7,0,0,7,0,0,1,0,0,SmartAI,,6419280,71
80242,721,Rabbit,,0,12,9,-8893.94,-387.5,68.8146,4.92776,300,15,1,0,0,0,1,1,31,0,0,8,0,0,1,0,66,,,NULL,94
80243,721,Rabbit,,0,12,9,-8875.71,-389.825,68.1029,4.35911,300,15,1,0,0,0,1,1,31,0,0,8,0,0,1,0,66,,,NULL,94
80246,38,Defias Thug,NULL,0,12,9,-8886.68,-392.438,67.5338,0.217492,300,5,1,0,0,0,3,4,7,0,0,7,0,0,1,0,0,SmartAI,,NULL,71
80247,103,Garrick Padfoot,NULL,0,12,59,-9056.48,-460.903,72.8318,1.76278,300,0,0,0,0,0,5,5,7,0,0,7,0,0,0,0,0,SmartAI,,NULL,1
80248,38,Defias Thug,NULL,0,12,9,-8886.35,-445.452,65.1291,3.39385,300,5,1,0,0,0,3,4,7,0,0,7,0,0,1,0,0,SmartAI,,NULL,71
80249,721,Rabbit,,0,12,9,-8885.43,-450.312,65.3791,4.33639,300,15,1,0,0,0,1,1,31,0,0,8,0,0,1,0,66,,,NULL,94
80250,38,Defias Thug,NULL,0,12,9,-8924.11,-445.315,68.1632,0,300,5,1,0,0,0,3,4,7,0,0,7,0,0,1,0,0,SmartAI,,NULL,71
80251,38,Defias Thug,NULL,0,12,9,-8878.29,-410.994,65.7157,4.53505,300,0,2,0,0,0,3,4,7,0,0,7,0,0,1,0,0,SmartAI,,6420080,71
80253,38,Defias Thug,NULL,0,12,9,-8869.74,-371.571,72.0051,0.592264,300,10,1,0,0,0,3,4,7,0,0,7,0,0,1,0,0,SmartAI,,NULL,71
80254,38,Defias Thug,NULL,0,12,9,-8916.79,-403.277,67.5052,0.827004,300,10,1,0,0,0,3,4,7,0,0,7,0,0,1,0,0,SmartAI,,NULL,71
80255,38,Defias Thug,NULL,0,12,9,-8938.17,-372.883,71.923,6.04404,300,10,1,0,0,0,3,4,7,0,0,7,0,0,1,0,0,SmartAI,,NULL,71
80256,38,Defias Thug,NULL,0,12,9,-8912.98,-361.353,73.4038,0.848243,300,10,1,0,0,0,3,4,7,0,0,7,0,0,1,0,0,SmartAI,,NULL,71
80257,38,Defias Thug,NULL,0,12,9,-8929.8,-356.501,72.2315,1.04143,300,10,1,0,0,0,3,4,7,0,0,7,0,0,1,0,0,SmartAI,,NULL,71
80259,38,Defias Thug,NULL,0,12,9,-8975.7,-338.156,73.2266,0.510007,300,10,1,0,0,0,3,4,7,0,0,7,0,0,1,0,0,SmartAI,,NULL,71
80261,69,Diseased Timber Wolf,NULL,0,12,9,-8979.83,-213.14,73.952,4.21105,300,0,0,0,0,0,2,2,32,0,0,1,1,1,1,0,0,,,NULL,36
80262,11260,Northshire Peasant,NULL,0,12,9,-8967.41,-203.362,75.5193,2.50597,300,0,2,0,0,0,1,1,12,0,0,7,0,0,0,256,66,,,6420960,5
80263,1423,Stormwind Guard,,0,12,12,-9076.08,-46.0496,87.617,0.270454,300,0,2,0,0,0,22,25,11,1,0,7,0,0,0,32768,32832,,,6421040,38
80264,94,Defias Cutpurse,NULL,0,12,12,-9116.32,16.1908,86.1412,0,300,5,1,0,0,0,5,6,17,0,0,7,0,0,1,0,0,SmartAI,,NULL,40
80265,94,Defias Cutpurse,NULL,0,12,12,-9123.28,45.5078,81.5248,0,300,5,1,0,0,0,5,6,17,0,0,7,0,0,1,0,0,SmartAI,,NULL,40
80266,721,Rabbit,,0,12,9,-9009.96,-0.049045,89.1085,0,300,15,1,0,0,0,1,1,31,0,0,8,0,0,1,0,66,,,NULL,94
80267,94,Defias Cutpurse,NULL,0,12,12,-9223.24,-3.10117,75.0231,4.97195,300,5,1,0,0,0,5,6,17,0,0,7,0,0,1,0,0,SmartAI,,NULL,40
80268,94,Defias Cutpurse,NULL,0,12,12,-9175.16,78.2666,77.6793,2.67358,300,0,2,0,0,0,5,6,17,0,0,7,0,0,1,0,0,SmartAI,,6421440,40
80269,94,Defias Cutpurse,NULL,0,12,12,-9163.75,63.2983,77.8725,3.25585,300,5,1,0,0,0,5,6,17,0,0,7,0,0,1,0,0,SmartAI,,NULL,40
80270,299,Diseased Young Wolf,,0,12,12,-9271.63,-20.4582,72.0286,6.22852,300,15,1,0,0,0,1,1,32,0,0,1,1,1,1,0,0,,,NULL,45
80271,94,Defias Cutpurse,NULL,0,12,12,-9263.42,-24.1155,73.1425,4.06441,300,5,1,0,0,0,5,6,17,0,0,7,0,0,1,0,0,SmartAI,,NULL,40
80275,94,Defias Cutpurse,NULL,0,12,12,-9190.17,97.8955,77.0646,1.46436,300,5,1,0,0,0,5,6,17,0,0,7,0,0,1,0,0,SmartAI,,NULL,40
80276,94,Defias Cutpurse,NULL,0,12,12,-9243.78,122.246,72.377,0.481233,300,5,1,0,0,0,5,6,17,0,0,7,0,0,1,0,0,SmartAI,,NULL,40
80277,94,Defias Cutpurse,NULL,0,12,12,-9216.17,147.554,72.3877,3.05173,300,5,1,0,0,0,5,6,17,0,0,7,0,0,1,0,0,SmartAI,,NULL,40
80278,883,Deer,,0,12,12,-9265.33,139.605,68.8393,4.46788,300,15,1,0,0,0,5,5,31,0,0,8,0,0,1,0,66,,,NULL,45
80279,94,Defias Cutpurse,NULL,0,12,12,-9173.66,201.92,73.5775,1.60809,300,5,1,0,0,0,5,6,17,0,0,7,0,0,1,0,0,SmartAI,,NULL,40
80280,721,Rabbit,,0,12,12,-9298.47,228.579,67.886,1.22931,300,15,1,0,0,0,1,1,31,0,0,8,0,0,1,0,66,,,NULL,94
80281,94,Defias Cutpurse,NULL,0,12,12,-9278.95,203.298,67.636,4.66906,300,5,1,0,0,0,5,6,17,0,0,7,0,0,1,0,0,SmartAI,,NULL,40
80282,94,Defias Cutpurse,NULL,0,12,12,-9218.33,241.176,73.3824,5.081,300,5,1,0,0,0,5,6,17,0,0,7,0,0,1,0,0,SmartAI,,NULL,40
80283,3937,Kira Songshine,Traveling Baker,0,12,87,-9493.63,67.1881,56.2467,3.82752,300,0,2,0,0,0,12,12,12,640,0,7,0,0,0,512,66,SmartAI,,6422640,1
80284,1933,Sheep,,0,12,12,-9207.74,335.047,72.9692,5.08074,300,15,1,0,0,0,3,3,31,0,0,8,0,0,1,0,66,,,NULL,17
80285,2442,Cow,,0,12,12,-9210.72,419.773,88.383,2.05575,300,15,1,0,0,0,5,5,190,0,0,8,0,0,1,0,64,,,NULL,46
80286,883,Deer,,0,12,12,-9181.17,414.977,89.7382,1.14126,300,15,1,0,0,0,5,5,31,0,0,8,0,0,1,0,66,,,NULL,45
80287,890,Fawn,NULL,0,12,12,-9182.42,414.435,89.3592,3.36393,300,0,0,0,0,0,1,1,31,0,0,8,0,0,1,0,66,,,NULL,13
80288,30,Forest Spider,NULL,0,12,92,-9259.6,444.417,84.3847,5.11796,300,15,1,0,0,0,5,6,22,0,0,1,3,1,1,0,0,SmartAI,,NULL,16
80290,1933,Sheep,,0,12,92,-9283.05,460.661,79.7801,2.80317,300,15,1,0,0,0,3,3,31,0,0,8,0,0,1,0,66,,,NULL,17
80291,2442,Cow,,0,12,12,-9334.18,322.277,67.1415,3.98068,300,15,1,0,0,0,5,5,190,0,0,8,0,0,1,0,64,,,NULL,46
80292,395,Markus,NULL,0,12,12,-9277.34,345.464,75.6012,5.62312,300,0,0,0,0,0,1,1,12,0,0,7,0,0,1,768,66,,,NULL,1
80293,11994,Rob Bridenbecker,NULL,0,12,12,-9309.79,284.638,70.6218,2.04204,300,0,0,0,0,0,25,25,12,0,0,7,0,0,0,0,2,,,NULL,1
80294,11979,Kim Bridenbecker,NULL,0,12,12,-9313.08,291.223,70.6186,4.5204,300,0,0,0,0,0,25,25,12,0,0,7,0,0,0,0,2,,,NULL,1
80296,721,Rabbit,,0,12,12,-9307.77,323.492,70.8742,2.95222,300,15,1,0,0,0,1,1,31,0,0,8,0,0,1,0,66,,,NULL,94
80297,883,Deer,,0,12,12,-9299.99,391.945,75.5581,0.692738,300,15,1,0,0,0,5,5,31,0,0,8,0,0,1,0,66,,,NULL,45
80298,94,Defias Cutpurse,NULL,0,12,12,-9287.21,281.559,70.1183,3.36619,300,5,1,0,0,0,5,6,17,0,0,7,0,0,1,0,0,SmartAI,,NULL,40
80301,30,Forest Spider,NULL,0,12,12,-9390.82,286.729,62.52,1.32586,300,15,1,0,0,0,5,6,22,0,0,1,3,1,1,0,0,SmartAI,,NULL,16
80302,620,Chicken,,0,12,12,-9340.95,285.349,67.4902,0.602206,300,10,1,0,0,0,1,1,31,2,0,8,0,0,1,0,66,,npc_chicken_cluck,NULL,20
80304,11996,Ashley Bridenbecker,NULL,0,12,12,-9318.44,270.625,68.1097,3.52786,300,0,0,0,0,0,1,1,12,0,0,7,0,0,0,768,66,,,NULL,1
80305,22985,Bradford Bridenbecker,,0,12,12,-9321.16,270.756,68.0387,6.23488,300,0,0,0,0,0,1,1,12,0,0,7,0,0,0,768,66,,,NULL,1
80306,620,Chicken,,0,12,12,-9325.21,269.797,67.8272,5.27587,300,10,1,0,0,0,1,1,31,2,0,8,0,0,1,0,66,,npc_chicken_cluck,NULL,20
80307,620,Chicken,,0,12,12,-9323.52,275.141,68.6325,3.57932,300,10,1,0,0,0,1,1,31,2,0,8,0,0,1,0,66,,npc_chicken_cluck,NULL,20
80308,620,Chicken,,0,12,12,-9332.22,272.505,68.1097,1.01197,300,10,1,0,0,0,1,1,31,2,0,8,0,0,1,0,66,,npc_chicken_cluck,NULL,20
80309,721,Rabbit,,0,12,12,-9320.07,269.961,68.1097,0.02196,300,15,1,0,0,0,1,1,31,0,0,8,0,0,1,0,66,,,NULL,94
80310,620,Chicken,,0,12,12,-9331.25,285.416,68.7347,5.96252,300,10,1,0,0,0,1,1,31,2,0,8,0,0,1,0,66,,npc_chicken_cluck,NULL,20
80313,2442,Cow,,0,12,12,-9413.49,226.538,61.0589,2.80054,300,15,1,0,0,0,5,5,190,0,0,8,0,0,1,0,64,,,NULL,46
80314,30,Forest Spider,NULL,0,12,12,-9383.82,200.188,61.4398,0.546416,300,15,1,0,0,0,5,6,22,0,0,1,3,1,1,0,0,SmartAI,,NULL,16
80317,795,Mark,NULL,0,12,87,-9424.88,128.852,59.563,2.28574,300,0,2,0,0,0,1,1,12,0,0,7,0,0,0,768,66,,,6425360,1
80318,620,Chicken,,0,12,87,-9427.15,129.176,59.4742,2.84226,300,10,1,0,0,0,1,1,31,2,0,8,0,0,1,0,66,,npc_chicken_cluck,NULL,20
80319,721,Rabbit,,0,12,12,-9347.92,127.084,64.2189,1.74998,300,15,1,0,0,0,1,1,31,0,0,8,0,0,1,0,66,,,NULL,94
80320,797,Bo,NULL,0,12,87,-9426.15,129.829,59.5506,3.12876,300,0,2,0,0,0,1,1,12,0,0,7,0,0,0,768,66,,,6425600,1
80321,796,Joshua,NULL,0,12,87,-9422.29,129.096,59.7126,2.22594,300,0,2,0,0,0,1,1,12,0,0,7,0,0,0,768,66,,,6425680,1
80322,620,Chicken,,0,12,87,-9429.7,129.086,59.3006,5.70503,300,10,1,0,0,0,1,1,31,2,0,8,0,0,1,0,66,,npc_chicken_cluck,NULL,20
80324,1933,Sheep,,0,12,87,-9367.79,146.996,61.5274,3.48803,300,15,1,0,0,0,3,3,31,0,0,8,0,0,1,0,66,,,NULL,17
80325,927,Brother Wilhelm,Paladin Trainer,0,12,87,-9468.14,108.976,57.6606,1.79769,300,0,0,0,0,0,11,11,12,51,0,7,0,0,0,512,66,,,NULL,1
80326,241,"Remy ""Two Times""",NULL,0,12,87,-9496.32,72.8264,56.598,6.23082,300,0,0,0,0,0,5,5,12,2,0,7,0,0,0,512,66,,,NULL,1
80327,66,Tharynn Bouden,Trade Supplies,0,12,87,-9494.13,83.9096,56.6586,5.96903,300,0,0,0,0,0,10,10,12,128,0,7,0,0,0,512,66,,,NULL,1
80328,5403,Riding White Stallion,,0,12,87,-9468.9,46.1174,56.909,4.43314,300,0,0,0,0,0,1,2,35,0,0,1,0,0,0,0,2,,,NULL,2
80329,5406,Palomino,,0,12,87,-9472.91,46.977,56.887,4.83456,300,0,0,0,0,0,1,2,35,0,0,1,0,0,0,0,2,,,NULL,1
80330,1423,Stormwind Guard,,0,12,87,-9501.92,39.8931,56.3325,3.06882,300,0,2,0,0,0,22,25,11,1,0,7,0,0,0,32768,32832,,,6426400,38
80331,620,Chicken,,0,12,87,-9472.62,47.3926,56.7775,5.34535,300,0,0,0,0,0,1,1,31,2,0,8,0,0,1,0,66,,npc_chicken_cluck,NULL,20
80332,620,Chicken,,0,12,87,-9470.22,54.0639,57.2775,2.38564,300,10,1,0,0,0,1,1,31,2,0,8,0,0,1,0,66,,npc_chicken_cluck,NULL,20
80333,913,Lyria Du Lac,Warrior Trainer,0,12,87,-9461.85,109.353,57.8784,2.6529,300,0,0,0,0,0,12,12,12,51,0,7,0,0,0,512,66,,,NULL,1
80334,240,Marshal Dughan,NULL,0,12,87,-9465.52,74.0069,56.7785,4.59022,300,0,0,0,0,0,25,25,12,2,0,7,0,0,0,512,66,,,NULL,1
80335,1423,Stormwind Guard,,0,12,87,-9454.15,73.0675,56.7219,3.27538,300,0,0,0,0,0,22,25,11,1,0,7,0,0,0,32768,32832,,,0,38
80336,514,Smith Argus,Blacksmithing Trainer,0,12,87,-9456.65,87.8553,58.4271,2.40855,300,0,0,0,0,0,24,24,12,83,0,7,0,0,0,512,66,,,NULL,1
80337,74,Kurran Steele,Cloth & Leather Armor Merchant,0,12,87,-9457.64,99.6884,58.4271,4.11898,300,0,0,0,0,0,10,10,12,4224,0,7,0,0,0,512,66,,,NULL,1
80338,54,Corina Steele,Weaponsmith,0,12,87,-9464.87,93.9896,58.5271,0,300,0,0,0,0,0,10,10,12,4224,0,7,0,0,0,512,66,,,NULL,1
80339,2046,Andrew Krighton,Armorer & Shieldcrafter,0,12,87,-9462.29,87.8151,58.4211,0.733038,300,0,0,0,0,0,8,8,12,4224,0,7,0,0,0,0,66,,,NULL,1
80340,6749,Erma,Stable Master,0,12,87,-9465.95,48.1419,56.9676,1.46608,300,0,0,0,0,0,30,30,12,4194305,0,7,0,0,0,512,66,,npc_stable_master,NULL,1
80341,299,Diseased Young Wolf,,0,12,87,-9380.72,49.6599,60.4848,4.10521,300,15,1,0,0,0,1,1,32,0,0,1,1,1,1,0,0,,,NULL,45
80343,299,Diseased Young Wolf,,0,12,12,-9351.23,56.4407,61.0556,2.97341,300,15,1,0,0,0,1,1,32,0,0,1,1,1,1,0,0,,,NULL,45
80344,328,Zaldimar Wefhellt,Mage Trainer,0,12,87,-9471.67,34.451,63.9038,4.62512,300,0,0,0,0,0,13,13,12,51,0,7,0,0,0,512,66,,,NULL,1
80345,6778,Melika Isenstrider,Assistant Innkeeper,0,12,87,-9471.94,27.4077,56.4228,5.58505,300,0,0,0,0,0,11,11,12,2,0,7,0,0,0,512,66,,npc_innkeeper,NULL,1
80346,295,Innkeeper Farley,Innkeeper,0,12,87,-9462.66,16.1915,57.0459,3.03687,300,0,0,0,0,0,30,30,12,66179,0,7,0,0,0,512,66,SmartAI,,NULL,1
80347,377,Priestess Josetta,Priest Trainer,0,12,87,-9460.75,33.1338,63.9038,4.36332,300,0,0,0,0,0,13,13,12,51,0,7,0,0,0,512,66,,,NULL,1
80348,151,Brog Hamfist,General Supplies,0,12,87,-9465.29,9.63314,57.1459,1.44862,300,0,0,0,0,0,10,10,12,384,0,7,0,0,0,512,66,,,NULL,1
80349,3935,Toddrick,Butcher,0,12,87,-9466.42,0.061252,57.0335,6.12611,300,0,0,0,0,0,10,10,12,640,0,7,0,0,0,512,66,,,NULL,1
80350,253,William Pestle,NULL,0,12,87,-9460.3,31.9389,57.0494,2.98451,300,0,0,0,0,0,6,6,12,2,0,7,0,0,0,512,66,SmartAI,,NULL,1
80352,6374,Cylina Darkheart,,0,12,87,-9466.97,-5.52935,49.8766,4.57276,300,0,0,0,0,0,11,11,12,0,0,7,0,0,0,512,66,SmartAI,,NULL,1
80353,906,Maximillian Crowe,Warlock Trainer,0,12,87,-9472.8,-5.32661,49.8778,5.55015,300,0,0,0,0,0,10,10,12,49,0,7,0,0,0,512,66,,,NULL,1
80354,6121,Remen Marcot,NULL,0,12,87,-9473.43,-8.58822,49.8779,6.23082,300,0,0,0,0,0,10,10,12,2,0,7,0,0,0,512,66,,,NULL,1
80355,1430,Tomas,Cook,0,12,87,-9466.99,-4.53396,57.033,1.64061,300,0,0,0,0,0,10,10,12,81,0,7,0,0,0,512,66,,,NULL,1
80356,883,Deer,,0,12,87,-9470.53,-25.8799,58.3798,0.281633,300,15,1,0,0,0,5,5,31,0,0,8,0,0,1,0,66,,,NULL,45
80357,890,Fawn,NULL,0,12,87,-9473.01,-26.9386,58.4689,0.426951,300,0,0,0,0,0,1,1,31,0,0,8,0,0,1,0,66,,,NULL,13
80359,721,Rabbit,,0,12,87,-9439.26,-26.7026,60.6086,4.1163,300,15,1,0,0,0,1,1,31,0,0,8,0,0,1,0,66,,,NULL,94
80360,721,Rabbit,,0,12,87,-9535.33,89.8609,59.0065,5.15616,300,15,1,0,0,0,1,1,31,0,0,8,0,0,1,0,66,,,NULL,94
80361,113,Stonetusk Boar,NULL,0,12,87,-9545.4,4.4072,60.651,5.20721,300,15,1,0,0,0,5,6,189,0,0,1,5,1,1,0,0,SmartAI,,NULL,52
80362,113,Stonetusk Boar,NULL,0,12,87,-9547.6,83.9896,59.5094,5.09636,300,15,1,0,0,0,5,6,189,0,0,1,5,1,1,0,0,SmartAI,,NULL,52
80363,1933,Sheep,,0,12,87,-9554.76,82.208,59.0394,1.38046,300,15,1,0,0,0,3,3,31,0,0,8,0,0,1,0,66,,,NULL,17
80365,721,Rabbit,,0,12,87,-9563.49,64.6003,59.993,2.83936,300,15,1,0,0,0,1,1,31,0,0,8,0,0,1,0,66,,,NULL,94
80366,1933,Sheep,,0,12,12,-9574.03,2.28607,61.55,1.8693,300,15,1,0,0,0,3,3,31,0,0,8,0,0,1,0,66,,,NULL,17
80367,113,Stonetusk Boar,NULL,0,12,87,-9548.47,115.032,59.1045,3.35103,300,15,1,0,0,0,5,6,189,0,0,1,5,1,1,0,0,SmartAI,,NULL,52
80368,1933,Sheep,,0,12,12,-9515.27,174.794,57.6116,3.32485,300,15,1,0,0,0,3,3,31,0,0,8,0,0,1,0,66,,,NULL,17
80369,113,Stonetusk Boar,NULL,0,12,12,-9552.61,151.449,59.4064,2.34791,300,15,1,0,0,0,5,6,189,0,0,1,5,1,1,0,0,SmartAI,,NULL,52
80370,721,Rabbit,,0,12,12,-9536.96,180.429,57.4556,0.015586,300,15,1,0,0,0,1,1,31,0,0,8,0,0,1,0,66,,,NULL,94
80371,113,Stonetusk Boar,NULL,0,12,12,-9529.79,187.151,57.8628,2.56714,300,15,1,0,0,0,5,6,189,0,0,1,5,1,1,0,0,SmartAI,,NULL,52
80372,94,Defias Cutpurse,NULL,0,12,12,-9471.96,254.546,53.9546,6.21279,300,5,1,0,0,0,5,6,17,0,0,7,0,0,1,0,0,SmartAI,,NULL,40
80373,883,Deer,,0,12,12,-9477.02,260.347,54.102,1.47696,300,15,1,0,0,0,5,5,31,0,0,8,0,0,1,0,66,,,NULL,45
80374,94,Defias Cutpurse,NULL,0,12,12,-9486.54,277.408,52.9888,3.26632,300,5,1,0,0,0,5,6,17,0,0,7,0,0,1,0,0,SmartAI,,NULL,40
80375,94,Defias Cutpurse,NULL,0,12,12,-9464.92,275.763,53.5246,4.97254,300,5,1,0,0,0,5,6,17,0,0,7,0,0,1,0,0,SmartAI,,NULL,40
80376,2442,Cow,,0,12,12,-9409.5,298.304,60.0419,3.86036,300,15,1,0,0,0,5,5,190,0,0,8,0,0,1,0,64,,,NULL,46
80377,94,Defias Cutpurse,NULL,0,12,12,-9464.6,318.27,53.4964,6.19246,300,5,1,0,0,0,5,6,17,0,0,7,0,0,1,0,0,SmartAI,,NULL,40
80381,116,Defias Bandit,NULL,0,12,92,-9270.71,458.695,81.4879,2.58321,300,5,1,0,0,0,8,9,17,0,0,7,0,0,1,0,0,SmartAI,,NULL,47
80383,474,Defias Rogue Wizard,NULL,0,12,92,-9348.8,524.347,53.4461,5.42204,300,0,0,0,0,0,9,10,17,0,0,7,0,0,0,0,0,SmartAI,,NULL,28
80384,116,Defias Bandit,NULL,0,12,92,-9289.61,522.254,83.8261,5.35067,300,5,1,0,0,0,8,9,17,0,0,7,0,0,1,0,0,SmartAI,,NULL,47
80385,116,Defias Bandit,NULL,0,12,92,-9280.03,510.21,84.1767,1.69299,300,5,1,0,0,0,8,9,17,0,0,7,0,0,1,0,0,SmartAI,,NULL,47
80386,116,Defias Bandit,NULL,0,12,92,-9303.82,525.605,79.5101,1.86418,300,5,1,0,0,0,8,9,17,0,0,7,0,0,1,0,0,SmartAI,,NULL,47
80387,116,Defias Bandit,NULL,0,12,92,-9287.19,498.328,80.096,4.63733,300,5,1,0,0,0,8,9,17,0,0,7,0,0,1,0,0,SmartAI,,NULL,47
80388,474,Defias Rogue Wizard,NULL,0,12,92,-9378.74,532.762,57.3211,3.44836,300,0,0,0,0,0,9,10,17,0,0,7,0,0,0,0,0,SmartAI,,NULL,28
80389,474,Defias Rogue Wizard,NULL,0,12,92,-9389.63,529.377,61.5711,2.16402,300,0,0,0,0,0,9,10,17,0,0,7,0,0,0,0,0,SmartAI,,NULL,28
80390,474,Defias Rogue Wizard,NULL,0,12,92,-9321.24,552.049,76.9558,3.0249,300,0,0,0,0,0,9,10,17,0,0,7,0,0,0,0,0,SmartAI,,NULL,28
80391,116,Defias Bandit,NULL,0,12,89,-9441.48,469.81,53.2758,4.26422,300,5,1,0,0,0,8,9,17,0,0,7,0,0,1,0,0,SmartAI,,NULL,47
80392,116,Defias Bandit,NULL,0,12,89,-9444.94,473.775,52.3257,4.03171,300,5,1,0,0,0,8,9,17,0,0,7,0,0,1,0,0,SmartAI,,NULL,47
80393,116,Defias Bandit,NULL,0,12,89,-9437.72,486.039,53.3307,5.58505,300,0,0,0,0,0,8,9,17,0,0,7,0,0,1,0,0,SmartAI,,NULL,47
80394,116,Defias Bandit,NULL,0,12,92,-9433.15,482.528,53.2474,2.53073,300,0,0,0,0,0,8,9,17,0,0,7,0,0,1,0,0,SmartAI,,NULL,47
80395,99,Morgaine the Sly,NULL,0,12,89,-9437.81,466.159,53.2881,3.74106,3600,0,0,0,0,0,10,10,17,0,4,7,0,0,0,0,0,SmartAI,,NULL,1
80396,94,Defias Cutpurse,NULL,0,12,89,-9464.65,480.308,53.0385,3.48143,300,0,2,0,0,0,5,6,17,0,0,7,0,0,1,0,0,SmartAI,,6431680,40
80397,94,Defias Cutpurse,NULL,0,12,89,-9453.23,512.811,56.3243,6.18203,300,5,1,0,0,0,5,6,17,0,0,7,0,0,1,0,0,SmartAI,,NULL,40
80398,30,Forest Spider,NULL,0,12,89,-9483.68,547.621,53.2887,0.369588,300,15,1,0,0,0,5,6,22,0,0,1,3,1,1,0,0,SmartAI,,NULL,16
80399,116,Defias Bandit,NULL,0,12,89,-9447.86,462.158,52.2864,4.2586,300,5,1,0,0,0,8,9,17,0,0,7,0,0,1,0,0,SmartAI,,NULL,47
80400,94,Defias Cutpurse,NULL,0,12,89,-9495.64,457.065,52.3032,2.96413,300,5,1,0,0,0,5,6,17,0,0,7,0,0,1,0,0,SmartAI,,NULL,40
80401,94,Defias Cutpurse,NULL,0,12,89,-9479.78,470.421,51.6672,5.18983,300,5,1,0,0,0,5,6,17,0,0,7,0,0,1,0,0,SmartAI,,NULL,40
80402,94,Defias Cutpurse,NULL,0,12,92,-9459.9,426.179,52.6221,3.6223,300,5,1,0,0,0,5,6,17,0,0,7,0,0,1,0,0,SmartAI,,NULL,40
80403,116,Defias Bandit,NULL,0,12,89,-9441.33,447.532,52.5032,3.9619,300,5,1,0,0,0,8,9,17,0,0,7,0,0,1,0,0,SmartAI,,NULL,47
80404,116,Defias Bandit,NULL,0,12,89,-9445.96,451.56,52.6251,1.93731,300,5,1,0,0,0,8,9,17,0,0,7,0,0,1,0,0,SmartAI,,NULL,47
80405,94,Defias Cutpurse,NULL,0,12,89,-9517.96,494.378,52.2181,5.29769,300,5,1,0,0,0,5,6,17,0,0,7,0,0,1,0,0,SmartAI,,NULL,40
80406,30,Forest Spider,NULL,0,12,89,-9524.25,426.606,53.0522,3.66698,300,15,1,0,0,0,5,6,22,0,0,1,3,1,1,0,0,SmartAI,,NULL,16
80409,2442,Cow,,0,12,12,-9547.63,526.943,50.0758,5.83003,300,15,1,0,0,0,5,5,190,0,0,8,0,0,1,0,64,,,NULL,46
80412,474,Defias Rogue Wizard,NULL,0,12,92,-9352.18,503.765,50.433,4.97419,300,0,0,0,0,0,9,10,17,0,0,7,0,0,0,0,0,SmartAI,,NULL,28
80415,30,Forest Spider,NULL,0,12,12,-9538.36,294.275,53.4616,1.47696,300,15,1,0,0,0,5,6,22,0,0,1,3,1,1,0,0,SmartAI,,NULL,16
80418,30,Forest Spider,NULL,0,12,12,-9559.39,217.842,56.78,2.27546,300,15,1,0,0,0,5,6,22,0,0,1,3,1,1,0,0,SmartAI,,NULL,16
80419,113,Stonetusk Boar,NULL,0,12,12,-9577.93,229.622,51.5966,5.46465,300,15,1,0,0,0,5,6,189,0,0,1,5,1,1,0,0,SmartAI,,NULL,52
80422,30,Forest Spider,NULL,0,12,12,-9625.72,209.416,47.9853,2.73477,300,15,1,0,0,0,5,6,22,0,0,1,3,1,1,0,0,SmartAI,,NULL,16
80423,113,Stonetusk Boar,NULL,0,12,12,-9685.17,213.392,51.2086,2.69681,300,15,1,0,0,0,5,6,189,0,0,1,5,1,1,0,0,SmartAI,,NULL,52
80425,30,Forest Spider,NULL,0,12,12,-9646.86,371.204,42.7618,6.151,300,15,1,0,0,0,5,6,22,0,0,1,3,1,1,0,0,SmartAI,,NULL,16
80428,2442,Cow,,0,12,12,-9675.89,369.958,43.1045,1.27595,300,15,1,0,0,0,5,5,190,0,0,8,0,0,1,0,64,,,NULL,46
80440,2442,Cow,,0,12,60,-9643.69,544.681,44.0833,0.875365,300,15,1,0,0,0,5,5,190,0,0,8,0,0,1,0,64,,,NULL,46
80443,1423,Stormwind Guard,,0,12,120,-9615.57,644.484,38.6521,5.41741,300,0,0,0,0,0,22,25,11,1,0,7,0,0,0,32768,32832,,,NULL,38
80444,1423,Stormwind Guard,,0,12,120,-9613.83,641.843,62.7614,2.6946,300,0,2,0,0,0,22,25,11,1,0,7,0,0,0,32768,32832,,,6435520,38
80446,1423,Stormwind Guard,,0,12,120,-9621.73,663.242,52.5756,0.215856,300,0,0,0,0,0,22,25,11,1,0,7,0,0,0,32768,32832,,,0,38
80447,1423,Stormwind Guard,,0,12,120,-9611.33,638.353,38.6521,2.20762,300,0,0,0,0,0,22,25,11,1,0,7,0,0,0,32768,32832,,,NULL,38
80448,1249,Quartermaster Hudson,Armorer & Shieldcrafter,0,12,120,-9653.95,659.651,38.7355,5.68977,300,0,0,0,0,0,10,10,12,4224,0,7,0,0,0,512,66,,,NULL,1
80449,1645,Quartermaster Hicks,Master Weaponsmith,0,12,120,-9652.26,654.731,38.7355,0.453786,300,0,0,0,0,0,10,10,12,4224,0,7,0,0,0,512,66,,,NULL,1
80450,896,Veldan Lightfoot,Leather Armor Merchant,0,12,120,-9649.72,661.417,38.7355,5.02655,300,0,0,0,0,0,10,10,12,4224,0,7,0,0,0,512,66,,,NULL,1
80453,2442,Cow,,0,12,120,-9687.77,611.569,38.9802,2.84396,300,15,1,0,0,0,5,5,190,0,0,8,0,0,1,0,64,,,NULL,46
80454,721,Rabbit,,0,12,120,-9667.99,609.968,39.8405,1.11368,300,15,1,0,0,0,1,1,31,0,0,8,0,0,1,0,66,,,NULL,94
80455,1423,Stormwind Guard,,0,12,120,-9633.68,674.436,52.6589,4.21041,300,0,2,0,0,0,22,25,11,1,0,7,0,0,0,32768,32832,,,6436400,38
80456,1423,Stormwind Guard,,0,12,120,-9626.94,690.651,52.5756,4.99134,300,0,0,0,0,0,22,25,11,1,0,7,0,0,0,32768,32832,,,NULL,38
80457,1423,Stormwind Guard,,0,12,120,-9606.12,670.059,53.8694,5.23726,300,0,0,0,0,0,22,25,11,1,0,7,0,0,0,32768,32832,,,0,38
80458,1423,Stormwind Guard,,0,12,120,-9626.99,677.92,52.5756,0.717858,300,0,0,0,0,0,22,25,11,1,0,7,0,0,0,32768,32832,,,NULL,38
80459,955,Sergeant De Vries,Morale Officer,0,12,120,-9633.79,699.489,38.7355,5.8294,300,0,0,0,0,0,10,10,12,640,0,7,0,0,0,512,66,,,NULL,1
80460,1423,Stormwind Guard,,0,12,120,-9613.22,667.673,38.6522,1.12454,300,0,0,0,0,0,22,25,11,1,0,7,0,0,0,32768,32832,,,NULL,38
80461,1423,Stormwind Guard,,0,12,120,-9601.35,667.134,38.6522,3.51367,300,0,0,0,0,0,22,25,11,1,0,7,0,0,0,32768,32832,,,NULL,38
80462,1423,Stormwind Guard,,0,12,120,-9596.64,682.75,62.7614,2.73198,300,0,2,0,0,0,22,25,11,1,0,7,0,0,0,32768,32832,,,6436960,38
80463,1423,Stormwind Guard,,0,12,120,-9626.49,647.371,38.7354,1.0981,300,0,2,0,0,0,22,25,11,1,0,7,0,0,0,32768,32832,,,6437040,38
80464,1423,Stormwind Guard,,0,12,120,-9595.17,680.425,38.6521,2.41778,300,0,0,0,0,0,22,25,11,1,0,7,0,0,0,32768,32832,,,NULL,38
80465,1423,Stormwind Guard,,0,12,120,-9593.95,685.146,38.6521,4.02325,300,0,0,0,0,0,22,25,11,1,0,7,0,0,0,32768,32832,,,0,38
80466,1423,Stormwind Guard,,0,12,60,-9740.42,557.688,35.4463,4.63476,300,0,0,0,0,0,22,25,11,1,0,7,0,0,0,32768,32832,,,0,38
80467,1423,Stormwind Guard,,0,12,60,-9744.4,558.682,35.6202,6.00393,300,0,0,0,0,0,22,25,11,1,0,7,0,0,0,32768,32832,,,0,38
80470,721,Rabbit,,0,12,60,-9731.21,606.504,32.078,1.26139,300,15,1,0,0,0,1,1,31,0,0,8,0,0,1,0,66,,,NULL,94
80471,963,Deputy Rainer,NULL,0,12,120,-9662.75,694.321,36.9357,3.28122,300,0,0,0,0,0,10,10,12,3,0,7,0,0,0,512,66,,,NULL,1
80472,721,Rabbit,,0,12,120,-9688.71,697.875,33.6506,4.68112,300,15,1,0,0,0,1,1,31,0,0,8,0,0,1,0,66,,,NULL,94
80475,1423,Stormwind Guard,,0,12,60,-9804.19,685.987,31.7587,4.18879,300,0,0,0,0,0,22,25,11,1,0,7,0,0,0,32768,32832,,,0,38
80477,2442,Cow,,0,12,60,-9712.52,751.27,31.0481,5.25384,300,15,1,0,0,0,5,5,190,0,0,8,0,0,1,0,64,,,NULL,46
80483,721,Rabbit,,0,12,60,-9771.53,770.524,26.802,2.94002,300,15,1,0,0,0,1,1,31,0,0,8,0,0,1,0,66,,,NULL,94
80484,1423,Stormwind Guard,,0,12,60,-9798.49,695.4,33.2954,0.303533,300,0,2,0,0,0,22,25,11,1,0,7,0,0,0,32768,32832,,,6438720,38
80485,1423,Stormwind Guard,,0,12,60,-9795.4,709.685,33.2013,3.88862,300,0,0,0,0,0,22,25,11,1,0,7,0,0,0,32768,32832,,,NULL,38
80486,1423,Stormwind Guard,,0,12,60,-9803.49,715.782,33.1171,4.72195,300,0,0,0,0,0,22,25,11,1,0,7,0,0,0,32768,32832,,,NULL,38
80488,1423,Stormwind Guard,,0,12,60,-9800.45,706.165,68.3899,4.53786,300,0,2,0,0,0,22,25,11,1,0,7,0,0,0,32768,32832,,,6439040,38
80489,1423,Stormwind Guard,,0,12,60,-9815.01,690.105,31.6528,4.31096,300,0,0,0,0,0,22,25,11,1,0,7,0,0,0,32768,32832,,,NULL,38
80494,721,Rabbit,,0,12,60,-9852.17,617.767,39.8341,1.14144,300,15,1,0,0,0,1,1,31,0,0,8,0,0,1,0,66,,,NULL,94
80495,883,Deer,,0,12,60,-9860.01,659.279,38.1223,1.31019,300,15,1,0,0,0,5,5,31,0,0,8,0,0,1,0,66,,,NULL,45
80496,890,Fawn,NULL,0,12,60,-9861.74,656.577,38.4626,1.13435,300,10,1,0,0,0,1,1,31,0,0,8,0,0,1,0,66,,,NULL,13
80502,721,Rabbit,,0,12,60,-9935.78,606.082,39.6475,3.81372,300,15,1,0,0,0,1,1,31,0,0,8,0,0,1,0,66,,,NULL,94
80522,721,Rabbit,,0,12,60,-10051.2,614.986,40.0766,2.85444,300,15,1,0,0,0,1,1,31,0,0,8,0,0,1,0,66,,,NULL,94
80529,721,Rabbit,,0,12,60,-10094.6,606.046,39.2172,1.23808,300,15,1,0,0,0,1,1,31,0,0,8,0,0,1,0,66,,,NULL,94
80531,448,Hogger,NULL,0,12,60,-10107.2,617.835,38.0838,5.98131,300,8,1,0,0,0,11,11,20,0,1,7,0,0,1,64,0,SmartAI,,NULL,1
80542,252,Tommy Joe Stonefield,NULL,0,12,63,-9930.05,499.734,32.5204,3.14159,300,0,0,0,0,0,2,2,12,2,0,7,0,0,0,512,66,,,NULL,1
80543,2442,Cow,,0,12,63,-9985.8,468.045,34.2788,0.066845,300,15,1,0,0,0,5,5,190,0,0,8,0,0,1,0,64,,,NULL,46
80544,113,Stonetusk Boar,NULL,0,12,63,-9886.71,461.584,37.8474,1.17974,300,15,1,0,0,0,5,6,189,0,0,1,5,1,1,0,0,SmartAI,,NULL,52
80548,721,Rabbit,,0,12,63,-9822.58,434.057,36.6792,4.45111,300,15,1,0,0,0,1,1,31,0,0,8,0,0,1,0,66,,,NULL,94
80549,113,Stonetusk Boar,NULL,0,12,63,-9792.83,435.857,37.9384,4.52488,300,15,1,0,0,0,5,6,189,0,0,1,5,1,1,0,0,SmartAI,,NULL,52
80550,113,Stonetusk Boar,NULL,0,12,63,-9811.97,419.514,36.6968,0.911452,300,15,1,0,0,0,5,6,189,0,0,1,5,1,1,0,0,SmartAI,,NULL,52
80552,1933,Sheep,,0,12,63,-9815.51,452.586,36.1183,1.51801,300,15,1,0,0,0,3,3,31,0,0,8,0,0,1,0,66,,,NULL,17
80553,113,Stonetusk Boar,NULL,0,12,63,-9814.29,454.489,36.4303,5.09693,300,15,1,0,0,0,5,6,189,0,0,1,5,1,1,0,0,SmartAI,,NULL,52
80554,113,Stonetusk Boar,NULL,0,12,63,-9852,448.214,36.5163,0.538723,300,15,1,0,0,0,5,6,189,0,0,1,5,1,1,0,0,SmartAI,,NULL,52
80555,2442,Cow,,0,12,12,-9727.69,446.214,37.1872,2.20765,300,15,1,0,0,0,5,5,190,0,0,8,0,0,1,0,64,,,NULL,46
80556,113,Stonetusk Boar,NULL,0,12,63,-9929.22,443.641,34.5945,3.4276,300,15,1,0,0,0,5,6,189,0,0,1,5,1,1,0,0,SmartAI,,NULL,52
80557,113,Stonetusk Boar,NULL,0,12,63,-9881.65,418.157,34.8951,4.62417,300,15,1,0,0,0,5,6,189,0,0,1,5,1,1,0,0,SmartAI,,NULL,52
80558,113,Stonetusk Boar,NULL,0,12,63,-9945.1,423.813,34.7675,1.22975,300,15,1,0,0,0,5,6,189,0,0,1,5,1,1,0,0,SmartAI,,NULL,52
80559,721,Rabbit,,0,12,63,-9890.72,422.371,35.1451,0.557955,300,15,1,0,0,0,1,1,31,0,0,8,0,0,1,0,66,,,NULL,94
80560,113,Stonetusk Boar,NULL,0,12,63,-9926.7,427.381,34.7728,2.20437,300,15,1,0,0,0,5,6,189,0,0,1,5,1,1,0,0,SmartAI,,NULL,52
80561,113,Stonetusk Boar,NULL,0,12,63,-9944.8,376.158,34.8795,4.60737,300,15,1,0,0,0,5,6,189,0,0,1,5,1,1,0,0,SmartAI,,NULL,52
80562,113,Stonetusk Boar,NULL,0,12,63,-9910.12,377.148,35.1656,2.91669,300,15,1,0,0,0,5,6,189,0,0,1,5,1,1,0,0,SmartAI,,NULL,52
80563,894,Homer Stonefield,Fruit Seller,0,12,63,-9858.46,365.972,36.3371,1.81514,300,0,0,0,0,0,5,5,12,640,0,7,0,0,0,512,66,,,NULL,1
80564,721,Rabbit,,0,12,63,-9958.53,406.289,35.2716,2.98672,300,15,1,0,0,0,1,1,31,0,0,8,0,0,1,0,66,,,NULL,94
80565,113,Stonetusk Boar,NULL,0,12,63,-10016,379.302,32.8737,5.55437,300,15,1,0,0,0,5,6,189,0,0,1,5,1,1,0,0,SmartAI,,NULL,52
80566,113,Stonetusk Boar,NULL,0,12,63,-10008.5,362.802,33.5907,0.910096,300,15,1,0,0,0,5,6,189,0,0,1,5,1,1,0,0,SmartAI,,NULL,52
80567,113,Stonetusk Boar,NULL,0,12,63,-10018.3,313.798,31.4486,3.99191,300,15,1,0,0,0,5,6,189,0,0,1,5,1,1,0,0,SmartAI,,NULL,52
80568,244,Ma Stonefield,NULL,0,12,63,-9895,332.424,36.5505,2.11185,300,0,0,0,0,0,3,3,12,2,0,7,0,0,0,512,66,,,NULL,1
80569,248,Gramma Stonefield,NULL,0,12,63,-9880.63,322.619,37.8244,3.14159,300,0,0,0,0,0,3,3,12,2,0,7,0,0,0,512,66,,,NULL,1
80570,246,Auntie Bernice Stonefield,NULL,0,12,63,-9889.68,338.467,36.6486,2.75762,300,0,0,0,0,0,6,6,12,2,0,7,0,0,0,512,66,,,NULL,1
80571,1933,Sheep,,0,12,63,-9959.63,308.751,36.8121,5.97215,300,15,1,0,0,0,3,3,31,0,0,8,0,0,1,0,66,,,NULL,17
80572,113,Stonetusk Boar,NULL,0,12,63,-9971.3,308.87,35.7139,3.46149,300,15,1,0,0,0,5,6,189,0,0,1,5,1,1,0,0,SmartAI,,NULL,52
80573,113,Stonetusk Boar,NULL,0,12,63,-9821.62,356.002,37.7473,2.78667,300,15,1,0,0,0,5,6,189,0,0,1,5,1,1,0,0,SmartAI,,NULL,52
80574,113,Stonetusk Boar,NULL,0,12,63,-9794.95,388.987,39.6181,2.51294,300,15,1,0,0,0,5,6,189,0,0,1,5,1,1,0,0,SmartAI,,NULL,52
80575,475,Kobold Tunneler,NULL,0,12,57,-9853.68,284.862,37.987,1.89787,300,5,1,0,0,0,5,6,26,0,0,7,0,0,1,0,0,SmartAI,,NULL,39
80576,883,Deer,,0,12,57,-9821.67,281.215,39.3122,4.5547,300,15,1,0,0,0,5,5,31,0,0,8,0,0,1,0,66,,,NULL,45
80577,475,Kobold Tunneler,NULL,0,12,57,-9770.83,279.166,43.1248,0.1198,300,5,1,0,0,0,5,6,26,0,0,7,0,0,1,0,0,SmartAI,,NULL,39
80578,883,Deer,,0,12,12,-9745.05,304.262,45.8766,1.78925,300,15,1,0,0,0,5,5,31,0,0,8,0,0,1,0,66,,,NULL,45
80579,890,Fawn,NULL,0,12,12,-9743.7,301.686,46.1331,2.21899,300,0,0,0,0,0,1,1,31,0,0,8,0,0,1,0,66,,,NULL,13
80581,113,Stonetusk Boar,NULL,0,12,12,-9759.17,190.368,50.8352,1.38605,300,15,1,0,0,0,5,6,189,0,0,1,5,1,1,0,0,SmartAI,,NULL,52
80582,475,Kobold Tunneler,NULL,0,12,57,-9833.96,188.524,22.577,5.79556,300,5,1,0,0,0,5,6,26,0,0,7,0,0,1,0,0,SmartAI,,NULL,39
80583,475,Kobold Tunneler,NULL,0,12,57,-9797.25,248.596,41.8598,5.53509,300,5,1,0,0,0,5,6,26,0,0,7,0,0,1,0,0,SmartAI,,NULL,39
80584,475,Kobold Tunneler,NULL,0,12,57,-9843.61,198.627,22.7217,5.28962,300,5,1,0,0,0,5,6,26,0,0,7,0,0,1,0,0,SmartAI,,NULL,39
80585,475,Kobold Tunneler,NULL,0,12,57,-9806.61,181.334,22.481,0.226278,300,5,1,0,0,0,5,6,26,0,0,7,0,0,1,0,0,SmartAI,,NULL,39
80586,475,Kobold Tunneler,NULL,0,12,57,-9818.85,181.23,22.8492,3.23508,300,5,1,0,0,0,5,6,26,0,0,7,0,0,1,0,0,SmartAI,,NULL,39
80587,475,Kobold Tunneler,NULL,0,12,57,-9828.89,215.772,15.5806,4.06545,300,5,1,0,0,0,5,6,26,0,0,7,0,0,1,0,0,SmartAI,,NULL,39
80588,475,Kobold Tunneler,NULL,0,12,57,-9825.36,199.121,13.9991,5.394,300,5,1,0,0,0,5,6,26,0,0,7,0,0,1,0,0,SmartAI,,NULL,39
80589,475,Kobold Tunneler,NULL,0,12,57,-9768.37,231.5,46.3995,2.64377,300,5,1,0,0,0,5,6,26,0,0,7,0,0,1,0,0,SmartAI,,NULL,39
80590,475,Kobold Tunneler,NULL,0,12,12,-9758.04,191.688,51.0349,3.51339,300,5,1,0,0,0,5,6,26,0,0,7,0,0,1,0,0,SmartAI,,NULL,39
80591,475,Kobold Tunneler,NULL,0,12,57,-9826.07,186.314,12.2822,1.2734,300,5,1,0,0,0,5,6,26,0,0,7,0,0,1,0,0,SmartAI,,NULL,39
80592,475,Kobold Tunneler,NULL,0,12,57,-9851.49,213.185,14.1337,2.54401,300,5,1,0,0,0,5,6,26,0,0,7,0,0,1,0,0,SmartAI,,NULL,39
80593,113,Stonetusk Boar,NULL,0,12,12,-9717.87,248.615,49.4381,5.23292,300,15,1,0,0,0,5,6,189,0,0,1,5,1,1,0,0,SmartAI,,NULL,52
80594,475,Kobold Tunneler,NULL,0,12,57,-9903.68,226.756,16.4163,0.336615,300,5,1,0,0,0,5,6,26,0,0,7,0,0,1,0,0,SmartAI,,NULL,39
80595,475,Kobold Tunneler,NULL,0,12,57,-9871.14,237.252,19.4741,4.31734,300,5,1,0,0,0,5,6,26,0,0,7,0,0,1,0,0,SmartAI,,NULL,39
80596,475,Kobold Tunneler,NULL,0,12,57,-9879.33,217.356,14.1337,5.82548,300,5,1,0,0,0,5,6,26,0,0,7,0,0,1,0,0,SmartAI,,NULL,39
80597,475,Kobold Tunneler,NULL,0,12,57,-9879.43,190.812,16.6024,1.79753,300,5,1,0,0,0,5,6,26,0,0,7,0,0,1,0,0,SmartAI,,NULL,39
80598,475,Kobold Tunneler,NULL,0,12,57,-9884.25,260.653,34.8986,2.57944,300,5,1,0,0,0,5,6,26,0,0,7,0,0,1,0,0,SmartAI,,NULL,39
80599,475,Kobold Tunneler,NULL,0,12,57,-9892.14,203.174,14.0968,2.1414,300,0,2,0,0,0,5,6,26,0,0,7,0,0,1,0,0,SmartAI,,6447920,39
80600,475,Kobold Tunneler,NULL,0,12,57,-9852.19,179.62,20.9187,3.22526,300,5,1,0,0,0,5,6,26,0,0,7,0,0,1,0,0,SmartAI,,NULL,39
80601,475,Kobold Tunneler,NULL,0,12,57,-9822.68,180.421,22.9706,3.13012,300,5,1,0,0,0,5,6,26,0,0,7,0,0,1,0,0,SmartAI,,NULL,39
80602,475,Kobold Tunneler,NULL,0,12,57,-9865.25,170.29,19.6687,5.36632,300,5,1,0,0,0,5,6,26,0,0,7,0,0,1,0,0,SmartAI,,NULL,39
80603,721,Rabbit,,0,12,57,-9930.92,285.115,37.6102,0.960702,300,15,1,0,0,0,1,1,31,0,0,8,0,0,1,0,66,,,NULL,94
80604,40,Kobold Miner,NULL,0,12,57,-9797.38,131.632,24.4919,2.91242,300,5,1,0,0,0,6,7,26,0,0,7,0,0,1,0,0,SmartAI,,NULL,51
80605,40,Kobold Miner,NULL,0,12,57,-9806.99,116.714,24.3185,1.64476,300,5,1,0,0,0,6,7,26,0,0,7,0,0,1,0,0,SmartAI,,NULL,51
80606,475,Kobold Tunneler,NULL,0,12,57,-9816.59,120.354,45.9586,3.66559,300,5,1,0,0,0,5,6,26,0,0,7,0,0,1,0,0,SmartAI,,NULL,39
80607,475,Kobold Tunneler,NULL,0,12,57,-9819.45,129.544,4.7231,5.83605,300,5,1,0,0,0,5,6,26,0,0,7,0,0,1,0,0,SmartAI,,NULL,39
80608,40,Kobold Miner,NULL,0,12,57,-9823.76,122.362,4.11124,0.172538,300,5,1,0,0,0,6,7,26,0,0,7,0,0,1,0,0,SmartAI,,NULL,51
80609,40,Kobold Miner,NULL,0,12,57,-9800.91,117.807,5.79624,1.15769,300,0,0,0,0,0,6,7,26,0,0,7,0,0,1,0,0,SmartAI,,NULL,51
80610,40,Kobold Miner,NULL,0,12,57,-9813.57,109.196,6.22626,4.81172,300,0,0,0,0,0,6,7,26,0,0,7,0,0,1,0,0,SmartAI,,NULL,51
80611,475,Kobold Tunneler,NULL,0,12,57,-9827.35,124.626,4.25697,6.19969,300,5,1,0,0,0,5,6,26,0,0,7,0,0,1,0,0,SmartAI,,NULL,39
80612,475,Kobold Tunneler,NULL,0,12,57,-9907.61,178.849,31.9818,5.60655,300,5,1,0,0,0,5,6,26,0,0,7,0,0,1,0,0,SmartAI,,NULL,39
80613,475,Kobold Tunneler,NULL,0,12,57,-9888.21,153.554,32.0522,5.88405,300,5,1,0,0,0,5,6,26,0,0,7,0,0,1,0,0,SmartAI,,NULL,39
80614,40,Kobold Miner,NULL,0,12,57,-9814.65,151.784,25.961,0.178155,300,0,0,0,0,0,6,7,26,0,0,7,0,0,1,0,0,SmartAI,,NULL,51
80615,40,Kobold Miner,NULL,0,12,57,-9759.31,148.983,22.3136,1.22528,300,0,0,0,0,0,6,7,26,0,0,7,0,0,1,0,0,SmartAI,,NULL,51
80616,40,Kobold Miner,NULL,0,12,57,-9782.1,139.407,26.2336,2.39189,300,0,0,0,0,0,6,7,26,0,0,7,0,0,1,0,0,SmartAI,,NULL,51
80617,40,Kobold Miner,NULL,0,12,57,-9770.11,155.217,24.921,0.045715,300,0,0,0,0,0,6,7,26,0,0,7,0,0,1,0,0,SmartAI,,NULL,51
80618,475,Kobold Tunneler,NULL,0,12,57,-9799.58,167.104,24.0743,2.08218,300,5,1,0,0,0,5,6,26,0,0,7,0,0,1,0,0,SmartAI,,NULL,39
80619,475,Kobold Tunneler,NULL,0,12,57,-9840.62,161.11,4.89257,0.281934,300,5,1,0,0,0,5,6,26,0,0,7,0,0,1,0,0,SmartAI,,NULL,39
80620,40,Kobold Miner,NULL,0,12,57,-9794.09,148.158,24.2717,4.75735,300,5,1,0,0,0,6,7,26,0,0,7,0,0,1,0,0,SmartAI,,NULL,51
80621,475,Kobold Tunneler,NULL,0,12,57,-9849.7,135.178,6.03231,6.08721,300,5,1,0,0,0,5,6,26,0,0,7,0,0,1,0,0,SmartAI,,NULL,39
80622,475,Kobold Tunneler,NULL,0,12,57,-9857.44,157.624,6.20103,0.988133,300,5,1,0,0,0,5,6,26,0,0,7,0,0,1,0,0,SmartAI,,NULL,39
80623,30,Forest Spider,NULL,0,12,12,-9760.26,162.948,53.4379,1.60789,300,15,1,0,0,0,5,6,22,0,0,1,3,1,1,0,0,SmartAI,,NULL,16
80624,113,Stonetusk Boar,NULL,0,12,64,-9907.56,114.018,32.4213,5.30634,300,15,1,0,0,0,5,6,189,0,0,1,5,1,1,0,0,SmartAI,,NULL,52
80625,883,Deer,,0,12,57,-9789.27,105.548,45.2997,2.68862,300,15,1,0,0,0,5,5,31,0,0,8,0,0,1,0,66,,,NULL,45
80626,475,Kobold Tunneler,NULL,0,12,57,-9751.76,122.076,16.1832,6.27415,300,5,1,0,0,0,5,6,26,0,0,7,0,0,1,0,0,SmartAI,,NULL,39
80627,40,Kobold Miner,NULL,0,12,57,-9788.18,97.4281,28.4897,1.36379,300,5,1,0,0,0,6,7,26,0,0,7,0,0,1,0,0,SmartAI,,NULL,51
80628,40,Kobold Miner,NULL,0,12,57,-9774.12,102.94,27.8857,2.28045,300,0,2,0,0,0,6,7,26,0,0,7,0,0,1,0,0,SmartAI,,6450240,51
80629,40,Kobold Miner,NULL,0,12,57,-9793.23,90.1409,28.8422,2.67237,300,5,1,0,0,0,6,7,26,0,0,7,0,0,1,0,0,SmartAI,,NULL,51
80630,40,Kobold Miner,NULL,0,12,57,-9822.41,82.0952,3.03206,4.89061,300,5,1,0,0,0,6,7,26,0,0,7,0,0,1,0,0,SmartAI,,NULL,51
80631,475,Kobold Tunneler,NULL,0,12,57,-9750.53,109.906,25.705,3.41538,300,5,1,0,0,0,5,6,26,0,0,7,0,0,1,0,0,SmartAI,,NULL,39
80632,475,Kobold Tunneler,NULL,0,12,57,-9800.68,103.668,24.789,5.76924,300,5,1,0,0,0,5,6,26,0,0,7,0,0,1,0,0,SmartAI,,NULL,39
80633,475,Kobold Tunneler,NULL,0,12,57,-9797.96,109.575,24.4197,3.88405,300,5,1,0,0,0,5,6,26,0,0,7,0,0,1,0,0,SmartAI,,NULL,39
80634,40,Kobold Miner,NULL,0,12,57,-9748.66,111.016,25.5922,3.19397,300,5,1,0,0,0,6,7,26,0,0,7,0,0,1,0,0,SmartAI,,NULL,51
80635,475,Kobold Tunneler,NULL,0,12,12,-9783.55,84.901,42.6198,3.27819,300,5,1,0,0,0,5,6,26,0,0,7,0,0,1,0,0,SmartAI,,NULL,39
80636,40,Kobold Miner,NULL,0,12,57,-9789.31,111.668,4.6548,4.32913,300,0,0,0,0,0,6,7,26,0,0,7,0,0,1,0,0,SmartAI,,NULL,51
80637,40,Kobold Miner,NULL,0,12,57,-9792.08,91.4188,4.92414,6.23839,300,5,1,0,0,0,6,7,26,0,0,7,0,0,1,0,0,SmartAI,,NULL,51
80638,475,Kobold Tunneler,NULL,0,12,57,-9752.98,120.348,15.9225,1.30766,300,5,1,0,0,0,5,6,26,0,0,7,0,0,1,0,0,SmartAI,,NULL,39
80639,40,Kobold Miner,NULL,0,12,57,-9737.84,136.119,19.2009,5.81502,300,5,1,0,0,0,6,7,26,0,0,7,0,0,1,0,0,SmartAI,,NULL,51
80640,40,Kobold Miner,NULL,0,12,57,-9748.71,134.768,19.3349,5.06639,300,5,1,0,0,0,6,7,26,0,0,7,0,0,1,0,0,SmartAI,,NULL,51
80641,113,Stonetusk Boar,NULL,0,12,64,-9926.4,93.1414,32.677,1.9743,300,15,1,0,0,0,5,6,189,0,0,1,5,1,1,0,0,SmartAI,,NULL,52
80642,113,Stonetusk Boar,NULL,0,12,57,-9933.76,197.007,23.3433,0.880808,300,15,1,0,0,0,5,6,189,0,0,1,5,1,1,0,0,SmartAI,,NULL,52
80643,524,Rockhide Boar,NULL,0,12,64,-9837.74,44.6516,32.7111,0.569577,300,15,1,0,0,0,7,8,189,0,0,1,5,1,1,0,0,SmartAI,,NULL,90
80644,327,Goldtooth,NULL,0,12,57,-9745.84,87.567,12.7743,4.8965,300,0,0,0,0,0,8,8,26,0,0,7,0,0,1,0,0,SmartAI,,NULL,1
80645,40,Kobold Miner,NULL,0,12,57,-9743.42,95.6006,12.5796,1.37507,300,5,1,0,0,0,6,7,26,0,0,7,0,0,1,0,0,SmartAI,,NULL,51
80647,79,Narg the Taskmaster,NULL,0,12,57,-9733.35,114.784,24.4159,5.41347,3600,0,0,0,0,0,10,10,26,0,4,7,0,0,1,0,0,SmartAI,,NULL,1
80648,113,Stonetusk Boar,NULL,0,12,12,-9738.29,88.1389,43.8449,4.68014,300,15,1,0,0,0,5,6,189,0,0,1,5,1,1,0,0,SmartAI,,NULL,52
80649,40,Kobold Miner,NULL,0,12,57,-9760.56,87.6726,12.544,2.89838,300,0,0,0,0,0,6,7,26,0,0,7,0,0,1,0,0,SmartAI,,NULL,51
80650,40,Kobold Miner,NULL,0,12,57,-9732.38,117.863,24.6974,3.69457,300,0,0,0,0,0,6,7,26,0,0,7,0,0,1,0,0,SmartAI,,NULL,51
80651,883,Deer,,0,12,12,-9752.65,30.937,38.2523,5.62972,300,15,1,0,0,0,5,5,31,0,0,8,0,0,1,0,66,,,NULL,45
80652,475,Kobold Tunneler,NULL,0,12,12,-9734.4,138.944,49.0226,0.433051,300,5,1,0,0,0,5,6,26,0,0,7,0,0,1,0,0,SmartAI,,NULL,39
80653,113,Stonetusk Boar,NULL,0,12,12,-9717.21,180.171,50.5346,3.73231,300,15,1,0,0,0,5,6,189,0,0,1,5,1,1,0,0,SmartAI,,NULL,52
80654,524,Rockhide Boar,NULL,0,12,12,-9813.29,7.83382,27.7642,4.62049,300,15,1,0,0,0,7,8,189,0,0,1,5,1,1,0,0,SmartAI,,NULL,90
80655,524,Rockhide Boar,NULL,0,12,12,-9775,4.94017,31.6528,4.71239,300,15,1,0,0,0,7,8,189,0,0,1,5,1,1,0,0,SmartAI,,NULL,90
80656,524,Rockhide Boar,NULL,0,12,12,-9741.9,31.8874,38.2523,3.73848,300,15,1,0,0,0,7,8,189,0,0,1,5,1,1,0,0,SmartAI,,NULL,90
80657,113,Stonetusk Boar,NULL,0,12,12,-9681.88,85.5572,45.7138,4.74363,300,15,1,0,0,0,5,6,189,0,0,1,5,1,1,0,0,SmartAI,,NULL,52
80658,30,Forest Spider,NULL,0,12,12,-9714.55,12.6503,40.6567,5.48121,300,15,1,0,0,0,5,6,22,0,0,1,3,1,1,0,0,SmartAI,,NULL,16
80659,30,Forest Spider,NULL,0,12,12,-9678.46,120.61,47.1912,0.613775,300,15,1,0,0,0,5,6,22,0,0,1,3,1,1,0,0,SmartAI,,NULL,16
80660,475,Kobold Tunneler,NULL,0,12,57,-9954.52,222.797,26.328,4.94774,300,5,1,0,0,0,5,6,26,0,0,7,0,0,1,0,0,SmartAI,,NULL,39
80661,113,Stonetusk Boar,NULL,0,12,57,-10005.3,212.535,30.3517,3.29647,300,15,1,0,0,0,5,6,189,0,0,1,5,1,1,0,0,SmartAI,,NULL,52
80662,2442,Cow,,0,12,57,-9989.46,215.273,30.8401,4.84101,300,15,1,0,0,0,5,5,190,0,0,8,0,0,1,0,64,,,NULL,46
80663,113,Stonetusk Boar,NULL,0,12,57,-9989.76,252.255,30.8966,1.56494,300,15,1,0,0,0,5,6,189,0,0,1,5,1,1,0,0,SmartAI,,NULL,52
80664,113,Stonetusk Boar,NULL,0,12,57,-10021,238.277,29.5087,4.53031,300,15,1,0,0,0,5,6,189,0,0,1,5,1,1,0,0,SmartAI,,NULL,52
80665,113,Stonetusk Boar,NULL,0,12,57,-10024.6,189.339,29.754,3.43305,300,15,1,0,0,0,5,6,189,0,0,1,5,1,1,0,0,SmartAI,,NULL,52
80666,113,Stonetusk Boar,NULL,0,12,57,-10038.7,223.114,27.9143,6.23625,300,15,1,0,0,0,5,6,189,0,0,1,5,1,1,0,0,SmartAI,,NULL,52
80668,113,Stonetusk Boar,NULL,0,12,57,-10053.8,277.949,26.4879,3.2434,300,15,1,0,0,0,5,6,189,0,0,1,5,1,1,0,0,SmartAI,,NULL,52
80670,113,Stonetusk Boar,NULL,0,12,64,-10040.4,161.168,28.632,4.28594,300,15,1,0,0,0,5,6,189,0,0,1,5,1,1,0,0,SmartAI,,NULL,52
80671,113,Stonetusk Boar,NULL,0,12,64,-10067.2,114.227,29.9437,5.12804,300,15,1,0,0,0,5,6,189,0,0,1,5,1,1,0,0,SmartAI,,NULL,52
80672,113,Stonetusk Boar,NULL,0,12,64,-10020.8,117.915,33.5757,2.59753,300,15,1,0,0,0,5,6,189,0,0,1,5,1,1,0,0,SmartAI,,NULL,52
80673,113,Stonetusk Boar,NULL,0,12,64,-9984.24,113.954,34.1042,3.02591,300,15,1,0,0,0,5,6,189,0,0,1,5,1,1,0,0,SmartAI,,NULL,52
80674,883,Deer,,0,12,64,-10055.4,141.353,27.3607,5.70493,300,15,1,0,0,0,5,5,31,0,0,8,0,0,1,0,66,,,NULL,45
80675,721,Rabbit,,0,12,64,-10029.9,150.69,31.7446,3.79408,300,15,1,0,0,0,1,1,31,0,0,8,0,0,1,0,66,,,NULL,94
80676,113,Stonetusk Boar,NULL,0,12,64,-9986.97,156.062,34.6856,1.2756,300,15,1,0,0,0,5,6,189,0,0,1,5,1,1,0,0,SmartAI,,NULL,52
80677,258,Joshua Maclure,Vintner,0,12,64,-10008.3,65.2117,34.8658,0.261799,300,0,0,0,0,0,5,5,12,128,0,7,0,0,0,512,66,,,NULL,1
80678,721,Rabbit,,0,12,64,-9969.03,98.3201,33.5495,5.32623,300,15,1,0,0,0,1,1,31,0,0,8,0,0,1,0,66,,,NULL,94
80679,721,Rabbit,,0,12,64,-9930.48,66.5221,33.123,2.6685,300,15,1,0,0,0,1,1,31,0,0,8,0,0,1,0,66,,,NULL,94
80680,113,Stonetusk Boar,NULL,0,12,64,-9942.02,86.1381,33.0227,3.83789,300,15,1,0,0,0,5,6,189,0,0,1,5,1,1,0,0,SmartAI,,NULL,52
80681,113,Stonetusk Boar,NULL,0,12,64,-9948.29,112.667,33.0901,3.82554,300,15,1,0,0,0,5,6,189,0,0,1,5,1,1,0,0,SmartAI,,NULL,52
80682,113,Stonetusk Boar,NULL,0,12,64,-9979.29,86.038,34.7465,6.23044,300,15,1,0,0,0,5,6,189,0,0,1,5,1,1,0,0,SmartAI,,NULL,52
80683,250,Pa Maclure,NULL,0,12,64,-10005.2,52.8202,34.6539,0.296706,300,0,0,0,0,0,6,6,12,0,0,7,0,0,0,512,66,,,NULL,1
80684,251,Maybell Maclure,NULL,0,12,64,-10014,37.605,35.2531,0.767945,300,0,0,0,0,0,2,2,12,2,0,7,0,0,0,512,66,SmartAI,,NULL,1
80685,247,Billy Maclure,NULL,0,12,64,-9923.68,38.3872,32.5951,3.14159,300,0,0,0,0,0,1,1,12,2,0,7,0,0,0,768,66,,,NULL,1
80686,255,Gerard Tiller,NULL,0,12,64,-9918.6,39.3611,32.6858,3.14159,300,0,0,0,0,0,6,6,12,2,0,7,0,0,0,512,66,,,NULL,1
80687,113,Stonetusk Boar,NULL,0,12,64,-9943.08,46.5204,33.1547,4.23553,300,15,1,0,0,0,5,6,189,0,0,1,5,1,1,0,0,SmartAI,,NULL,52
80688,524,Rockhide Boar,NULL,0,12,64,-9878.19,-9.14996,26.8841,3.88048,300,15,1,0,0,0,7,8,189,0,0,1,5,1,1,0,0,SmartAI,,NULL,90
80689,524,Rockhide Boar,NULL,0,12,12,-9773.41,-8.62885,30.0164,2.9482,300,15,1,0,0,0,7,8,189,0,0,1,5,1,1,0,0,SmartAI,,NULL,90
80690,116,Defias Bandit,NULL,0,12,12,-9673.89,-4.60323,44.8655,5.85446,300,5,1,0,0,0,8,9,17,0,0,7,0,0,1,0,0,SmartAI,,NULL,47
80691,113,Stonetusk Boar,NULL,0,12,12,-9634.27,58.2623,60.2921,1.57599,300,15,1,0,0,0,5,6,189,0,0,1,5,1,1,0,0,SmartAI,,NULL,52
80692,113,Stonetusk Boar,NULL,0,12,12,-9682.43,113.513,47.1978,3.2208,300,15,1,0,0,0,5,6,189,0,0,1,5,1,1,0,0,SmartAI,,NULL,52
80693,113,Stonetusk Boar,NULL,0,12,12,-9612.56,17.916,61.3788,3.92441,300,15,1,0,0,0,5,6,189,0,0,1,5,1,1,0,0,SmartAI,,NULL,52
80694,30,Forest Spider,NULL,0,12,12,-9609.84,82.4616,61.2011,2.50789,300,15,1,0,0,0,5,6,22,0,0,1,3,1,1,0,0,SmartAI,,NULL,16
80695,113,Stonetusk Boar,NULL,0,12,12,-9593.61,54.719,60.9167,2.22424,300,15,1,0,0,0,5,6,189,0,0,1,5,1,1,0,0,SmartAI,,NULL,52
80696,113,Stonetusk Boar,NULL,0,12,12,-9577.1,124.616,59.3955,0.671218,300,15,1,0,0,0,5,6,189,0,0,1,5,1,1,0,0,SmartAI,,NULL,52
80697,30,Forest Spider,NULL,0,12,12,-9636.07,188.916,47.5386,0.407667,300,15,1,0,0,0,5,6,22,0,0,1,3,1,1,0,0,SmartAI,,NULL,16
80698,883,Deer,,0,12,12,-9656.18,200.163,48.7987,5.0675,300,15,1,0,0,0,5,5,31,0,0,8,0,0,1,0,66,,,NULL,45
80699,721,Rabbit,,0,12,12,-9581.12,18.7787,60.425,1.52829,300,15,1,0,0,0,1,1,31,0,0,8,0,0,1,0,66,,,NULL,94
80700,30,Forest Spider,NULL,0,12,12,-9588.36,-12.2227,61.6865,5.53788,300,15,1,0,0,0,5,6,22,0,0,1,3,1,1,0,0,SmartAI,,NULL,16
80701,116,Defias Bandit,NULL,0,12,12,-9647.7,-59.3975,43.4704,3.02813,300,5,1,0,0,0,8,9,17,0,0,7,0,0,1,0,0,SmartAI,,NULL,47
80702,524,Rockhide Boar,NULL,0,12,12,-9758.45,-81.6962,30.8459,5.63773,300,15,1,0,0,0,7,8,189,0,0,1,5,1,1,0,0,SmartAI,,NULL,90
80703,883,Deer,,0,12,12,-9759.05,-68.3373,30.4826,0.24119,300,15,1,0,0,0,5,5,31,0,0,8,0,0,1,0,66,,,NULL,45
80705,524,Rockhide Boar,NULL,0,12,12,-9693.33,-105.208,38.7951,0,300,15,1,0,0,0,7,8,189,0,0,1,5,1,1,0,0,SmartAI,,NULL,90
80706,116,Defias Bandit,NULL,0,12,12,-9685.02,-73.2844,40.1185,1.51476,300,5,1,0,0,0,8,9,17,0,0,7,0,0,1,0,0,SmartAI,,NULL,47
80707,2442,Cow,,0,12,12,-9702.18,-77.6162,38.2658,2.28981,300,15,1,0,0,0,5,5,190,0,0,8,0,0,1,0,64,,,NULL,46
80709,116,Defias Bandit,NULL,0,12,12,-9704.33,-45.9833,39.0054,0.942847,300,5,1,0,0,0,8,9,17,0,0,7,0,0,1,0,0,SmartAI,,NULL,47
80710,116,Defias Bandit,NULL,0,12,12,-9655.4,-112.452,44.5232,0.912916,300,5,1,0,0,0,8,9,17,0,0,7,0,0,1,0,0,SmartAI,,NULL,47
80711,524,Rockhide Boar,NULL,0,12,12,-9698.37,-129.936,39.625,3.47384,300,15,1,0,0,0,7,8,189,0,0,1,5,1,1,0,0,SmartAI,,NULL,90
80713,524,Rockhide Boar,NULL,0,12,12,-9778.16,-102.621,29.8269,4.64206,300,15,1,0,0,0,7,8,189,0,0,1,5,1,1,0,0,SmartAI,,NULL,90
80714,524,Rockhide Boar,NULL,0,12,12,-9796.32,-75.3252,25.7988,1.87681,300,15,1,0,0,0,7,8,189,0,0,1,5,1,1,0,0,SmartAI,,NULL,90
80716,524,Rockhide Boar,NULL,0,12,12,-9759.19,-125.479,32.6467,0.629034,300,15,1,0,0,0,7,8,189,0,0,1,5,1,1,0,0,SmartAI,,NULL,90
80717,524,Rockhide Boar,NULL,0,12,12,-9812.62,-142.259,30.5675,0.226506,300,15,1,0,0,0,7,8,189,0,0,1,5,1,1,0,0,SmartAI,,NULL,90
80718,116,Defias Bandit,NULL,0,12,12,-9820.04,-113.833,27.9131,1.41451,300,5,1,0,0,0,8,9,17,0,0,7,0,0,1,0,0,SmartAI,,NULL,47
80719,1933,Sheep,,0,12,12,-9807.75,-106.75,28.1368,4.23997,300,15,1,0,0,0,3,3,31,0,0,8,0,0,1,0,66,,,NULL,17
80720,524,Rockhide Boar,NULL,0,12,12,-9814.71,-83.1168,26.0056,4.98532,300,15,1,0,0,0,7,8,189,0,0,1,5,1,1,0,0,SmartAI,,NULL,90
80721,116,Defias Bandit,NULL,0,12,797,-9860.32,-88.5566,26.3414,1.32571,300,5,1,0,0,0,8,9,17,0,0,7,0,0,1,0,0,SmartAI,,NULL,47
80722,524,Rockhide Boar,NULL,0,12,797,-9857.37,-56.8469,25.2664,1.00317,300,15,1,0,0,0,7,8,189,0,0,1,5,1,1,0,0,SmartAI,,NULL,90
80723,116,Defias Bandit,NULL,0,12,797,-9866.8,-155.916,31.97,6.01213,300,5,1,0,0,0,8,9,17,0,0,7,0,0,1,0,0,SmartAI,,NULL,47
80724,883,Deer,,0,12,797,-9870.36,-140.725,29.8659,2.79822,300,15,1,0,0,0,5,5,31,0,0,8,0,0,1,0,66,,,NULL,45
80725,116,Defias Bandit,NULL,0,12,797,-9919.28,-81.928,29.3812,5.50814,300,5,1,0,0,0,8,9,17,0,0,7,0,0,1,0,0,SmartAI,,NULL,47
80726,524,Rockhide Boar,NULL,0,12,797,-9909.7,-80.2755,28.8326,0.829528,300,15,1,0,0,0,7,8,189,0,0,1,5,1,1,0,0,SmartAI,,NULL,90
80727,883,Deer,,0,12,797,-9953.14,-54.4741,33.2219,6.1872,300,15,1,0,0,0,5,5,31,0,0,8,0,0,1,0,66,,,NULL,45
80728,721,Rabbit,,0,12,797,-9894.14,-129.765,31.3224,4.75338,300,15,1,0,0,0,1,1,31,0,0,8,0,0,1,0,66,,,NULL,94
80730,6927,Defias Dockworker,NULL,0,12,797,-9958.61,-153.27,22.3896,5.7039,300,0,2,0,0,0,8,9,17,0,0,7,0,0,1,0,0,SmartAI,,6458400,3
80732,6927,Defias Dockworker,NULL,0,12,797,-9960.07,-154.13,21.9752,5.60729,300,0,2,0,0,0,8,9,17,0,0,7,0,0,1,0,0,SmartAI,,6458560,3
80733,116,Defias Bandit,NULL,0,12,797,-9863.5,-123.635,28.9781,6.00191,300,5,1,0,0,0,8,9,17,0,0,7,0,0,1,0,0,SmartAI,,NULL,47
80734,620,Chicken,,0,12,797,-9942.3,-147.547,25.0081,0.581317,300,0,0,0,0,0,1,1,31,2,0,8,0,0,1,0,66,,npc_chicken_cluck,NULL,20
80735,620,Chicken,,0,12,797,-9944.64,-150.41,25.0081,1.68865,300,0,0,0,0,0,1,1,31,2,0,8,0,0,1,0,66,,npc_chicken_cluck,NULL,20
80736,620,Chicken,,0,12,797,-9946.96,-144.214,24.7581,5.4159,300,0,0,0,0,0,1,1,31,2,0,8,0,0,1,0,66,,npc_chicken_cluck,NULL,20
80737,6846,Defias Dockmaster,NULL,0,12,797,-9959.24,-132.4,25.3701,3.91556,300,0,2,0,0,0,10,10,27,0,0,7,0,0,0,0,0,SmartAI,,6458960,1
80738,883,Deer,,0,12,64,-9961.08,-28.3792,33.8086,4.13691,300,15,1,0,0,0,5,5,31,0,0,8,0,0,1,0,66,,,NULL,45
80739,524,Rockhide Boar,NULL,0,12,64,-9958.87,-11.0404,34.5669,2.44376,300,15,1,0,0,0,7,8,189,0,0,1,5,1,1,0,0,SmartAI,,NULL,90
80740,524,Rockhide Boar,NULL,0,12,797,-9976.09,-47.0791,35.1398,4.86533,300,15,1,0,0,0,7,8,189,0,0,1,5,1,1,0,0,SmartAI,,NULL,90
80741,524,Rockhide Boar,NULL,0,12,64,-10013,-25.353,35.8516,1.46704,300,15,1,0,0,0,7,8,189,0,0,1,5,1,1,0,0,SmartAI,,NULL,90
80742,116,Defias Bandit,NULL,0,12,797,-9880.3,-189.318,35.1261,1.45917,300,5,1,0,0,0,8,9,17,0,0,7,0,0,1,0,0,SmartAI,,NULL,47
80744,474,Defias Rogue Wizard,NULL,0,12,797,-9866.08,-222.641,35.9794,0.628319,300,0,0,0,0,0,9,10,17,0,0,7,0,0,0,0,0,SmartAI,,NULL,28
80745,524,Rockhide Boar,NULL,0,12,12,-9783.79,-204.969,39.6402,2.99666,300,15,1,0,0,0,7,8,189,0,0,1,5,1,1,0,0,SmartAI,,NULL,90
80746,116,Defias Bandit,NULL,0,12,12,-9812.76,-188.394,36.8753,5.78247,300,5,1,0,0,0,8,9,17,0,0,7,0,0,1,0,0,SmartAI,,NULL,47
80747,116,Defias Bandit,NULL,0,12,797,-9860.47,-220.92,36.2294,2.6529,300,0,0,0,0,0,8,9,17,0,0,7,0,0,1,0,0,SmartAI,,NULL,47
80748,116,Defias Bandit,NULL,0,12,797,-9863.62,-218.641,36.2294,5.37561,300,0,0,0,0,0,8,9,17,0,0,7,0,0,1,0,0,SmartAI,,NULL,47
80749,524,Rockhide Boar,NULL,0,12,12,-9762.34,-203.066,40.2936,4.59253,300,15,1,0,0,0,7,8,189,0,0,1,5,1,1,0,0,SmartAI,,NULL,90
80750,883,Deer,,0,12,12,-9738.14,-252.654,46.8072,2.63605,300,15,1,0,0,0,5,5,31,0,0,8,0,0,1,0,66,,,NULL,45
80751,524,Rockhide Boar,NULL,0,12,12,-9744.79,-274.096,48.2849,3.6357,300,15,1,0,0,0,7,8,189,0,0,1,5,1,1,0,0,SmartAI,,NULL,90
80752,524,Rockhide Boar,NULL,0,12,12,-9693.81,-287.447,59.1046,6.06152,300,15,1,0,0,0,7,8,189,0,0,1,5,1,1,0,0,SmartAI,,NULL,90
80753,524,Rockhide Boar,NULL,0,12,12,-9691.26,-182.507,45.7818,2.48415,300,15,1,0,0,0,7,8,189,0,0,1,5,1,1,0,0,SmartAI,,NULL,90
80755,883,Deer,,0,12,12,-9694.44,-176.494,44.4763,3.76011,300,15,1,0,0,0,5,5,31,0,0,8,0,0,1,0,66,,,NULL,45
80756,524,Rockhide Boar,NULL,0,12,12,-9700.23,-164.423,42.6536,5.6811,300,15,1,0,0,0,7,8,189,0,0,1,5,1,1,0,0,SmartAI,,NULL,90
80757,524,Rockhide Boar,NULL,0,12,12,-9668.36,-264.583,63.5965,0,300,15,1,0,0,0,7,8,189,0,0,1,5,1,1,0,0,SmartAI,,NULL,90
80759,735,Murloc Streamrunner,NULL,0,12,18,-9547.12,-250.417,61.5035,2.42862,300,5,1,0,0,0,6,7,18,0,0,7,0,0,1,32768,0,,,NULL,21
80761,721,Rabbit,,0,12,12,-9589.32,-257.693,59.0979,5.96761,300,15,1,0,0,0,1,1,31,0,0,8,0,0,1,0,66,,,NULL,94
80762,2442,Cow,,0,12,12,-9667.08,-325.259,55.4588,0.159745,300,15,1,0,0,0,5,5,190,0,0,8,0,0,1,0,64,,,NULL,46
80763,524,Rockhide Boar,NULL,0,12,12,-9652.08,-306.25,58.7088,1.55131,300,15,1,0,0,0,7,8,189,0,0,1,5,1,1,0,0,SmartAI,,NULL,90
80764,721,Rabbit,,0,12,12,-9634.05,-347.055,58.6414,5.31037,300,15,1,0,0,0,1,1,31,0,0,8,0,0,1,0,66,,,NULL,94
80765,735,Murloc Streamrunner,NULL,0,12,18,-9560.81,-309.06,62.9801,3.00175,300,5,1,0,0,0,6,7,18,0,0,7,0,0,1,32768,0,,,NULL,21
80767,2442,Cow,,0,12,18,-9582.23,-310.178,61.9885,6.12221,300,15,1,0,0,0,5,5,190,0,0,8,0,0,1,0,64,,,NULL,46
80768,524,Rockhide Boar,NULL,0,12,12,-9743.46,-345.229,54.3924,0.904061,300,15,1,0,0,0,7,8,189,0,0,1,5,1,1,0,0,SmartAI,,NULL,90
80769,721,Rabbit,,0,12,12,-9750.91,-336.092,52.2179,0.77745,300,15,1,0,0,0,1,1,31,0,0,8,0,0,1,0,66,,,NULL,94
80770,524,Rockhide Boar,NULL,0,12,12,-9681.23,-358.883,56.0801,4.69881,300,15,1,0,0,0,7,8,189,0,0,1,5,1,1,0,0,SmartAI,,NULL,90
80771,524,Rockhide Boar,NULL,0,12,12,-9709.11,-318.376,54.2561,3.54495,300,15,1,0,0,0,7,8,189,0,0,1,5,1,1,0,0,SmartAI,,NULL,90
80773,2442,Cow,,0,12,12,-9718.67,-355.994,54.6256,4.02941,300,15,1,0,0,0,5,5,190,0,0,8,0,0,1,0,64,,,NULL,46
80774,524,Rockhide Boar,NULL,0,12,12,-9788.09,-368.443,54.2493,1.69098,300,15,1,0,0,0,7,8,189,0,0,1,5,1,1,0,0,SmartAI,,NULL,90
80775,524,Rockhide Boar,NULL,0,12,12,-9811.98,-361.979,54.246,0.348683,300,15,1,0,0,0,7,8,189,0,0,1,5,1,1,0,0,SmartAI,,NULL,90
80776,524,Rockhide Boar,NULL,0,12,12,-9825.1,-291.894,40.2645,3.77999,300,15,1,0,0,0,7,8,189,0,0,1,5,1,1,0,0,SmartAI,,NULL,90
80777,524,Rockhide Boar,NULL,0,12,12,-9846.08,-311.584,40.1341,2.91318,300,15,1,0,0,0,7,8,189,0,0,1,5,1,1,0,0,SmartAI,,NULL,90
80778,524,Rockhide Boar,NULL,0,12,12,-9788.65,-318.501,48.8338,4.16397,300,15,1,0,0,0,7,8,189,0,0,1,5,1,1,0,0,SmartAI,,NULL,90
80779,2442,Cow,,0,12,12,-9774.64,-352.819,52.4881,4.99086,300,15,1,0,0,0,5,5,190,0,0,8,0,0,1,0,64,,,NULL,46
80780,721,Rabbit,,0,12,12,-9778.84,-356.832,52.8422,6.24414,300,15,1,0,0,0,1,1,31,0,0,8,0,0,1,0,66,,,NULL,94
80781,883,Deer,,0,12,12,-9779.42,-339.024,52.213,2.86061,300,15,1,0,0,0,5,5,31,0,0,8,0,0,1,0,66,,,NULL,45
80782,524,Rockhide Boar,NULL,0,12,12,-9713.58,-391.615,51.1133,2.21899,300,15,1,0,0,0,7,8,189,0,0,1,5,1,1,0,0,SmartAI,,NULL,90
80783,524,Rockhide Boar,NULL,0,12,12,-9915.52,-323.947,32.425,1.89701,300,15,1,0,0,0,7,8,189,0,0,1,5,1,1,0,0,SmartAI,,NULL,90
80784,1933,Sheep,,0,12,12,-9895.36,-293.901,34.3675,3.5764,300,15,1,0,0,0,3,3,31,0,0,8,0,0,1,0,66,,,NULL,17
80785,524,Rockhide Boar,NULL,0,12,12,-9892.39,-292.269,34.2425,3.54293,300,15,1,0,0,0,7,8,189,0,0,1,5,1,1,0,0,SmartAI,,NULL,90
80787,524,Rockhide Boar,NULL,0,12,12,-9876.13,-351.713,34.1669,1.56782,300,15,1,0,0,0,7,8,189,0,0,1,5,1,1,0,0,SmartAI,,NULL,90
80788,46,Murloc Forager,,0,12,12,-9911.75,-420.714,26.9035,5.6096,300,0,0,0,0,0,9,10,18,0,0,7,0,0,1,32768,0,SmartAI,,NULL,58
80789,524,Rockhide Boar,NULL,0,12,12,-9882.09,-423.763,33.2074,3.32303,300,15,1,0,0,0,7,8,189,0,0,1,5,1,1,0,0,SmartAI,,NULL,90
80790,524,Rockhide Boar,NULL,0,12,12,-9926.91,-371.035,27.3265,2.5664,300,15,1,0,0,0,7,8,189,0,0,1,5,1,1,0,0,SmartAI,,NULL,90
80791,46,Murloc Forager,,0,12,12,-9946.99,-281.391,29.242,5.03722,300,0,0,0,0,0,9,10,18,0,0,7,0,0,1,32768,0,SmartAI,,NULL,58
80793,46,Murloc Forager,,0,12,12,-9889.43,-442.811,28.3063,6.05858,300,5,1,0,0,0,9,10,18,0,0,7,0,0,1,32768,0,SmartAI,,NULL,58
80794,524,Rockhide Boar,NULL,0,12,12,-9847.47,-448.341,34.0142,5.83775,300,15,1,0,0,0,7,8,189,0,0,1,5,1,1,0,0,SmartAI,,NULL,90
80796,524,Rockhide Boar,NULL,0,12,12,-9707.42,-448.762,51.6561,2.7737,300,15,1,0,0,0,7,8,189,0,0,1,5,1,1,0,0,SmartAI,,NULL,90
80797,524,Rockhide Boar,NULL,0,12,12,-9681.01,-423.161,54.1289,3.22999,300,15,1,0,0,0,7,8,189,0,0,1,5,1,1,0,0,SmartAI,,NULL,90
80798,721,Rabbit,,0,12,12,-9679.08,-436.552,52.7534,4.54949,300,15,1,0,0,0,1,1,31,0,0,8,0,0,1,0,66,,,NULL,94
80799,1933,Sheep,,0,12,12,-9676.52,-432.06,53.7539,4.64567,300,15,1,0,0,0,3,3,31,0,0,8,0,0,1,0,66,,,NULL,17
80800,2442,Cow,,0,12,12,-9657.26,-424.879,57.1523,3.13311,300,15,1,0,0,0,5,5,190,0,0,8,0,0,1,0,64,,,NULL,46
80801,883,Deer,,0,12,12,-9655.27,-438.494,55.8194,3.97765,300,15,1,0,0,0,5,5,31,0,0,8,0,0,1,0,66,,,NULL,45
80802,524,Rockhide Boar,NULL,0,12,12,-9647.33,-393.739,59.6299,2.92458,300,15,1,0,0,0,7,8,189,0,0,1,5,1,1,0,0,SmartAI,,NULL,90
80803,721,Rabbit,,0,12,12,-9677.63,-392.864,53.1638,1.29131,300,15,1,0,0,0,1,1,31,0,0,8,0,0,1,0,66,,,NULL,94
80804,524,Rockhide Boar,NULL,0,12,12,-9668.72,-495.71,52.1218,6.12963,300,15,1,0,0,0,7,8,189,0,0,1,5,1,1,0,0,SmartAI,,NULL,90
80805,524,Rockhide Boar,NULL,0,12,12,-9710.87,-515.84,53.4383,4.07676,300,15,1,0,0,0,7,8,189,0,0,1,5,1,1,0,0,SmartAI,,NULL,90
80806,524,Rockhide Boar,NULL,0,12,12,-9659.86,-516.509,51.7834,0.264838,300,15,1,0,0,0,7,8,189,0,0,1,5,1,1,0,0,SmartAI,,NULL,90
80807,524,Rockhide Boar,NULL,0,12,12,-9616.5,-489.437,59.0715,6.28123,300,15,1,0,0,0,7,8,189,0,0,1,5,1,1,0,0,SmartAI,,NULL,90
80808,524,Rockhide Boar,NULL,0,12,12,-9646.89,-447.798,56.8402,3.78507,300,15,1,0,0,0,7,8,189,0,0,1,5,1,1,0,0,SmartAI,,NULL,90
80809,2442,Cow,,0,12,12,-9587.4,-440.112,59.715,0.196629,300,15,1,0,0,0,5,5,190,0,0,8,0,0,1,0,64,,,NULL,46
80811,721,Rabbit,,0,12,12,-9767.21,-549.39,35.6084,5.43012,300,15,1,0,0,0,1,1,31,0,0,8,0,0,1,0,66,,,NULL,94
80812,524,Rockhide Boar,NULL,0,12,12,-9808.94,-477.447,33.4883,3.69274,300,15,1,0,0,0,7,8,189,0,0,1,5,1,1,0,0,SmartAI,,NULL,90
80813,524,Rockhide Boar,NULL,0,12,12,-9749.61,-558.077,38.6037,3.26692,300,15,1,0,0,0,7,8,189,0,0,1,5,1,1,0,0,SmartAI,,NULL,90
80815,46,Murloc Forager,,0,12,12,-9847.46,-522.908,25.1326,0.785398,300,0,0,0,0,0,9,10,18,0,0,7,0,0,1,32768,0,SmartAI,,NULL,58
80816,524,Rockhide Boar,NULL,0,12,12,-9752.03,-605.757,39.8925,4.58126,300,15,1,0,0,0,7,8,189,0,0,1,5,1,1,0,0,SmartAI,,NULL,90
80817,524,Rockhide Boar,NULL,0,12,12,-9783.61,-580.79,35.0487,2.58879,300,15,1,0,0,0,7,8,189,0,0,1,5,1,1,0,0,SmartAI,,NULL,90
80818,46,Murloc Forager,,0,12,12,-9846.28,-587.654,21.5072,0.016149,300,0,0,0,0,0,9,10,18,0,0,7,0,0,1,32768,0,SmartAI,,NULL,58
80819,524,Rockhide Boar,NULL,0,12,12,-9725.53,-581.543,45.5966,2.66477,300,15,1,0,0,0,7,8,189,0,0,1,5,1,1,0,0,SmartAI,,NULL,90
80820,524,Rockhide Boar,NULL,0,12,12,-9753.79,-687.975,39.3901,3.97812,300,15,1,0,0,0,7,8,189,0,0,1,5,1,1,0,0,SmartAI,,NULL,90
80821,524,Rockhide Boar,NULL,0,12,62,-9782.88,-707.119,38.1831,0.888387,300,15,1,0,0,0,7,8,189,0,0,1,5,1,1,0,0,SmartAI,,NULL,90
80822,524,Rockhide Boar,NULL,0,12,62,-9805.33,-684.267,33.6216,0.099228,300,15,1,0,0,0,7,8,189,0,0,1,5,1,1,0,0,SmartAI,,NULL,90
80823,46,Murloc Forager,,0,12,12,-9856.13,-663.608,21.3321,4.31579,300,5,1,0,0,0,9,10,18,0,0,7,0,0,1,32768,0,SmartAI,,NULL,58
80824,524,Rockhide Boar,NULL,0,12,12,-9705.16,-647.011,47.3032,3.9746,300,15,1,0,0,0,7,8,189,0,0,1,5,1,1,0,0,SmartAI,,NULL,90
80826,1933,Sheep,,0,12,62,-9769.15,-737.917,39.7256,0.573919,300,15,1,0,0,0,3,3,31,0,0,8,0,0,1,0,66,,,NULL,17
80827,2442,Cow,,0,12,62,-9762.39,-728.625,39.2931,1.06787,300,15,1,0,0,0,5,5,190,0,0,8,0,0,1,0,64,,,NULL,46
80829,524,Rockhide Boar,NULL,0,12,62,-9738.92,-747.559,41.8718,2.62882,300,15,1,0,0,0,7,8,189,0,0,1,5,1,1,0,0,SmartAI,,NULL,90
80830,1933,Sheep,,0,12,12,-9693.01,-692.28,47.0307,4.44939,300,15,1,0,0,0,3,3,31,0,0,8,0,0,1,0,66,,,NULL,17
80831,524,Rockhide Boar,NULL,0,12,62,-9704.39,-751.33,43.1027,3.66427,300,15,1,0,0,0,7,8,189,0,0,1,5,1,1,0,0,SmartAI,,0,90
80832,524,Rockhide Boar,NULL,0,12,62,-9715.8,-718.996,45.2577,4.705,300,15,1,0,0,0,7,8,189,0,0,1,5,1,1,0,0,SmartAI,,NULL,90
80833,524,Rockhide Boar,NULL,0,12,12,-9693.87,-682.222,46.6974,2.16265,300,15,1,0,0,0,7,8,189,0,0,1,5,1,1,0,0,SmartAI,,NULL,90
80834,524,Rockhide Boar,NULL,0,12,12,-9685.42,-618.75,49.6767,3.58739,300,15,1,0,0,0,7,8,189,0,0,1,5,1,1,0,0,SmartAI,,NULL,90
80835,116,Defias Bandit,NULL,0,12,62,-9738.45,-834.382,40.3696,2.2215,300,5,1,0,0,0,8,9,17,0,0,7,0,0,1,0,0,SmartAI,,NULL,47
80836,116,Defias Bandit,NULL,0,12,62,-9744.7,-815.93,42.0071,1.2859,300,5,1,0,0,0,8,9,17,0,0,7,0,0,1,0,0,SmartAI,,NULL,47
80837,721,Rabbit,,0,12,62,-9726.51,-814.171,42.4707,3.29741,300,15,1,0,0,0,1,1,31,0,0,8,0,0,1,0,66,,,NULL,94
80838,524,Rockhide Boar,NULL,0,12,62,-9820.48,-743.447,34.9121,2.314,300,15,1,0,0,0,7,8,189,0,0,1,5,1,1,0,0,SmartAI,,NULL,90
80839,524,Rockhide Boar,NULL,0,12,62,-9788.09,-787.506,41.9487,4.89777,300,15,1,0,0,0,7,8,189,0,0,1,5,1,1,0,0,SmartAI,,NULL,90
80840,524,Rockhide Boar,NULL,0,12,62,-9714.88,-814.941,43.8603,3.84334,300,15,1,0,0,0,7,8,189,0,0,1,5,1,1,0,0,SmartAI,,NULL,90
80841,116,Defias Bandit,NULL,0,12,62,-9802.55,-829.077,40.7339,0.583856,300,5,1,0,0,0,8,9,17,0,0,7,0,0,1,0,0,SmartAI,,NULL,47
80842,524,Rockhide Boar,NULL,0,12,62,-9848.41,-787.678,34.9964,1.10128,300,15,1,0,0,0,7,8,189,0,0,1,5,1,1,0,0,SmartAI,,NULL,90
80843,46,Murloc Forager,,0,12,62,-9876.75,-822.158,29.6442,4.4361,300,0,0,0,0,0,9,10,18,0,0,7,0,0,1,32768,0,SmartAI,,NULL,58
80844,116,Defias Bandit,NULL,0,12,62,-9836.55,-839.935,39.3029,3.67885,300,5,1,0,0,0,8,9,17,0,0,7,0,0,1,0,0,SmartAI,,NULL,47
80845,721,Rabbit,,0,12,62,-9834.46,-842.223,40.3163,2.14202,300,15,1,0,0,0,1,1,31,0,0,8,0,0,1,0,66,,,NULL,94
80846,46,Murloc Forager,,0,12,62,-9885.69,-893.422,30.3454,2.03619,300,5,1,0,0,0,9,10,18,0,0,7,0,0,1,32768,0,SmartAI,,NULL,58
80847,524,Rockhide Boar,NULL,0,12,62,-9851.55,-919.864,39.3363,5.62621,300,15,1,0,0,0,7,8,189,0,0,1,5,1,1,0,0,SmartAI,,NULL,90
80848,390,Porcine Entourage,NULL,0,12,62,-9781.22,-881.556,39.5677,3.7601,300,0,0,0,0,0,7,7,7,0,0,1,5,1,1,0,0,SmartAI,,NULL,2
80849,330,Princess,NULL,0,12,62,-9785.24,-880.61,39.6131,3.75995,300,0,2,0,0,0,9,9,7,0,0,1,5,1,1,0,0,SmartAI,,6467920,1
80850,390,Porcine Entourage,NULL,0,12,62,-9785.44,-883.454,39.6473,3.76008,300,0,0,0,0,0,7,7,7,0,0,1,5,1,1,0,0,SmartAI,,NULL,2
80851,116,Defias Bandit,NULL,0,12,62,-9715.12,-939.522,38.3854,0.446598,300,5,1,0,0,0,8,9,17,0,0,7,0,0,1,0,0,SmartAI,,NULL,47
80852,721,Rabbit,,0,12,62,-9755.89,-883.807,39.61,3.89861,300,15,1,0,0,0,1,1,31,0,0,8,0,0,1,0,66,,,NULL,94
80853,473,Morgan the Collector,NULL,0,12,62,-9806.25,-932.124,39.8574,1.0821,300,0,0,0,0,0,10,10,17,0,0,7,0,0,0,0,0,SmartAI,,NULL,1
80854,881,Surena Caledon,NULL,0,12,62,-9809.18,-929.385,39.8697,0.034907,300,0,0,0,0,0,9,9,17,0,0,7,0,0,0,0,0,SmartAI,,NULL,1
80855,880,Erlan Drudgemoor,NULL,0,12,62,-9805.79,-927.164,39.8671,4.36332,300,0,0,0,0,0,8,8,17,0,0,7,0,0,0,0,0,,,NULL,1
80856,524,Rockhide Boar,NULL,0,12,62,-9782.15,-986.937,40.3275,5.04128,300,15,1,0,0,0,7,8,189,0,0,1,5,1,1,0,0,SmartAI,,NULL,90
80857,721,Rabbit,,0,12,62,-9795.31,-979.565,40.1775,3.04053,300,15,1,0,0,0,1,1,31,0,0,8,0,0,1,0,66,,,NULL,94
80858,524,Rockhide Boar,NULL,0,12,62,-9710.7,-998.179,42.3644,4.23435,300,15,1,0,0,0,7,8,189,0,0,1,5,1,1,0,0,SmartAI,,NULL,90
80859,524,Rockhide Boar,NULL,0,12,62,-9681.12,-956.087,42.0195,4.9373,300,15,1,0,0,0,7,8,189,0,0,1,5,1,1,0,0,SmartAI,,NULL,90
80861,2442,Cow,,0,12,62,-9858.63,-926.539,37.0863,4.86048,300,15,1,0,0,0,5,5,190,0,0,8,0,0,1,0,64,,,NULL,46
80863,524,Rockhide Boar,NULL,0,12,62,-9644.67,-921.347,47.6622,2.27679,300,15,1,0,0,0,7,8,189,0,0,1,5,1,1,0,0,SmartAI,,NULL,90
80864,116,Defias Bandit,NULL,0,12,62,-9766.92,-917.459,39.8,0,300,5,1,0,0,0,8,9,17,0,0,7,0,0,1,0,0,SmartAI,,NULL,47
80865,524,Rockhide Boar,NULL,0,12,62,-9756.21,-1025.7,39.7242,4.99305,300,15,1,0,0,0,7,8,189,0,0,1,5,1,1,0,0,SmartAI,,NULL,90
80866,116,Defias Bandit,NULL,0,12,62,-9730.21,-840.625,40.2659,4.90311,300,5,1,0,0,0,8,9,17,0,0,7,0,0,1,0,0,SmartAI,,NULL,47
80867,116,Defias Bandit,NULL,0,12,62,-9714.19,-846.725,41.8909,3.09557,300,5,1,0,0,0,8,9,17,0,0,7,0,0,1,0,0,SmartAI,,NULL,47
80868,116,Defias Bandit,NULL,0,12,62,-9826.75,-918.736,41.3269,0.804792,300,0,2,0,0,0,8,9,17,0,0,7,0,0,1,0,0,SmartAI,,6469440,47
80869,524,Rockhide Boar,NULL,0,12,62,-9874.73,-941.875,33.7494,3.96766,300,15,1,0,0,0,7,8,189,0,0,1,5,1,1,0,0,SmartAI,,NULL,90
80870,524,Rockhide Boar,NULL,0,12,62,-9852.86,-993.595,36.7696,4.63674,300,15,1,0,0,0,7,8,189,0,0,1,5,1,1,0,0,SmartAI,,NULL,90
80871,883,Deer,,0,12,62,-9802.61,-1010.95,38.9007,1.08095,300,15,1,0,0,0,5,5,31,0,0,8,0,0,1,0,66,,,NULL,45
80872,524,Rockhide Boar,NULL,0,12,62,-9810.41,-1016.96,38.1802,1.62944,300,15,1,0,0,0,7,8,189,0,0,1,5,1,1,0,0,SmartAI,,NULL,90
80873,524,Rockhide Boar,NULL,0,12,62,-9687.22,-877.815,44.594,2.74612,300,15,1,0,0,0,7,8,189,0,0,1,5,1,1,0,0,SmartAI,,NULL,90
80874,118,Prowler,NULL,0,12,12,-9711.21,-1084.78,40.7394,5.21532,300,15,1,0,0,0,9,10,38,0,0,1,1,1,1,0,0,,,NULL,83
80875,524,Rockhide Boar,NULL,0,12,62,-9794.32,-1047.81,37.4403,6.2173,300,15,1,0,0,0,7,8,189,0,0,1,5,1,1,0,0,SmartAI,,NULL,90
80876,1423,Stormwind Guard,,0,12,12,-9611.04,-1071.76,39.6254,3.33358,300,0,0,0,0,0,22,25,11,1,0,7,0,0,0,32768,32832,,,0,38
80877,1423,Stormwind Guard,,0,12,12,-9618.58,-1069.09,39.7504,6.12611,300,0,0,0,0,0,22,25,11,1,0,7,0,0,0,32768,32832,,,0,38
80878,118,Prowler,NULL,0,12,12,-9656.53,-1083.56,43.2615,0.916645,300,15,1,0,0,0,9,10,38,0,0,1,1,1,1,0,0,,,NULL,83
80879,1423,Stormwind Guard,,0,12,12,-9621.44,-1038.78,39.7489,6.21337,300,0,0,0,0,0,22,25,11,1,0,7,0,0,0,32768,32832,,,0,38
80880,261,Guard Thomas,NULL,0,12,12,-9610.23,-1032.05,41.3058,3.14159,300,0,0,0,0,0,30,30,12,2,0,7,0,0,0,512,66,,,NULL,1
80881,1423,Stormwind Guard,,0,12,12,-9615.54,-1038.75,39.7489,3.14159,300,0,0,0,0,0,22,25,11,1,0,7,0,0,0,32768,32832,,,0,38
80882,2442,Cow,,0,12,12,-9500.92,-1046.96,51.5554,2.13161,300,15,1,0,0,0,5,5,190,0,0,8,0,0,1,0,64,,,NULL,46
80883,1922,Gray Forest Wolf,NULL,0,12,12,-9534.62,-1033.36,49.1643,0.748071,300,15,1,0,0,0,7,8,38,0,0,1,1,1,1,0,0,SmartAI,,NULL,55
80885,1922,Gray Forest Wolf,NULL,0,12,12,-9470.74,-1025.41,55.7569,1.6023,300,15,1,0,0,0,7,8,38,0,0,1,1,1,1,0,0,SmartAI,,NULL,55
80886,1922,Gray Forest Wolf,NULL,0,12,12,-9503.59,-991.642,55.2849,5.23198,300,15,1,0,0,0,7,8,38,0,0,1,1,1,1,0,0,SmartAI,,NULL,55
80887,1922,Gray Forest Wolf,NULL,0,12,12,-9442.79,-1039.73,58.7106,4.2898,300,15,1,0,0,0,7,8,38,0,0,1,1,1,1,0,0,SmartAI,,NULL,55
80888,118,Prowler,NULL,0,12,88,-9413.37,-1124.11,59.1057,4.22691,300,15,1,0,0,0,9,10,38,0,0,1,1,1,1,0,0,,,NULL,83
80889,2442,Cow,,0,12,12,-9483.15,-956.615,56.4859,6.2304,300,15,1,0,0,0,5,5,190,0,0,8,0,0,1,0,64,,,NULL,46
80890,1922,Gray Forest Wolf,NULL,0,12,12,-9477.95,-949.501,56.0624,4.78078,300,15,1,0,0,0,7,8,38,0,0,1,1,1,1,0,0,SmartAI,,NULL,55
80891,118,Prowler,NULL,0,12,12,-9461.59,-973.419,56.3415,4.4048,300,15,1,0,0,0,9,10,38,0,0,1,1,1,1,0,0,,,NULL,83
80892,118,Prowler,NULL,0,12,12,-9447.56,-977.222,55.8026,2.04204,300,15,1,0,0,0,9,10,38,0,0,1,1,1,1,0,0,,,NULL,83
80893,118,Prowler,NULL,0,12,12,-9450.68,-957.841,55.7379,0.732949,300,15,1,0,0,0,9,10,38,0,0,1,1,1,1,0,0,,,NULL,83
80894,118,Prowler,NULL,0,12,12,-9439.83,-972.599,55.7748,2.67035,300,15,1,0,0,0,9,10,38,0,0,1,1,1,1,0,0,,,NULL,83
80895,1922,Gray Forest Wolf,NULL,0,12,12,-9402.65,-957.853,61.3605,1.98047,300,15,1,0,0,0,7,8,38,0,0,1,1,1,1,0,0,SmartAI,,NULL,55
80896,1922,Gray Forest Wolf,NULL,0,12,12,-9403.04,-990.28,61.9987,1.34854,300,15,1,0,0,0,7,8,38,0,0,1,1,1,1,0,0,SmartAI,,NULL,55
80897,1922,Gray Forest Wolf,NULL,0,12,12,-9412.19,-1025.14,61.1983,1.94706,300,15,1,0,0,0,7,8,38,0,0,1,1,1,1,0,0,SmartAI,,NULL,55
80898,1922,Gray Forest Wolf,NULL,0,12,86,-9353.02,-942.272,66.9444,0.890564,300,15,1,0,0,0,7,8,38,0,0,1,1,1,1,0,0,SmartAI,,NULL,55
80900,2442,Cow,,0,12,12,-9372.56,-936.474,64.3124,4.73404,300,15,1,0,0,0,5,5,190,0,0,8,0,0,1,0,64,,,NULL,46
80901,1922,Gray Forest Wolf,NULL,0,12,12,-9370.6,-912.182,64.5859,3.02904,300,15,1,0,0,0,7,8,38,0,0,1,1,1,1,0,0,SmartAI,,NULL,55
80902,1922,Gray Forest Wolf,NULL,0,12,12,-9411.16,-907.985,59.9218,6.0751,300,15,1,0,0,0,7,8,38,0,0,1,1,1,1,0,0,SmartAI,,NULL,55
80903,2442,Cow,,0,12,12,-9346.75,-864.965,66.5683,0.578285,300,15,1,0,0,0,5,5,190,0,0,8,0,0,1,0,64,,,NULL,46
80904,1922,Gray Forest Wolf,NULL,0,12,12,-9371.17,-887.009,65.2754,4.9169,300,15,1,0,0,0,7,8,38,0,0,1,1,1,1,0,0,SmartAI,,NULL,55
80905,1922,Gray Forest Wolf,NULL,0,12,12,-9354.75,-886.508,65.6959,3.267,300,15,1,0,0,0,7,8,38,0,0,1,1,1,1,0,0,SmartAI,,NULL,55
80906,1922,Gray Forest Wolf,NULL,0,12,12,-9396.32,-859.061,64.2375,3.48435,300,15,1,0,0,0,7,8,38,0,0,1,1,1,1,0,0,SmartAI,,NULL,55
80907,1922,Gray Forest Wolf,NULL,0,12,86,-9268.46,-859.773,71.7079,3.57586,300,15,1,0,0,0,7,8,38,0,0,1,1,1,1,0,0,SmartAI,,NULL,55
80908,1922,Gray Forest Wolf,NULL,0,12,86,-9279.35,-829.813,70.0151,1.19653,300,15,1,0,0,0,7,8,38,0,0,1,1,1,1,0,0,SmartAI,,NULL,55
80909,1922,Gray Forest Wolf,NULL,0,12,12,-9317.01,-838.293,66.1899,3.22376,300,15,1,0,0,0,7,8,38,0,0,1,1,1,1,0,0,SmartAI,,NULL,55
80910,1922,Gray Forest Wolf,NULL,0,12,12,-9423.81,-870.147,61.1011,4.39249,300,15,1,0,0,0,7,8,38,0,0,1,1,1,1,0,0,SmartAI,,NULL,55
80912,1922,Gray Forest Wolf,NULL,0,12,12,-9380.21,-810.626,65.9781,1.48467,300,15,1,0,0,0,7,8,38,0,0,1,1,1,1,0,0,SmartAI,,NULL,55
80913,1922,Gray Forest Wolf,NULL,0,12,12,-9447.08,-846.934,60.5924,0.180713,300,15,1,0,0,0,7,8,38,0,0,1,1,1,1,0,0,SmartAI,,NULL,55
80914,1922,Gray Forest Wolf,NULL,0,12,12,-9423.11,-809.347,64.1416,4.43758,300,15,1,0,0,0,7,8,38,0,0,1,1,1,1,0,0,SmartAI,,NULL,55
80916,1922,Gray Forest Wolf,NULL,0,12,91,-9463.64,-830.57,60.7213,5.59045,300,15,1,0,0,0,7,8,38,0,0,1,1,1,1,0,0,SmartAI,,NULL,55
80917,1922,Gray Forest Wolf,NULL,0,12,54,-9393.35,-785.39,63.6593,1.36046,300,15,1,0,0,0,7,8,38,0,0,1,1,1,1,0,0,SmartAI,,NULL,55
80918,1922,Gray Forest Wolf,NULL,0,12,12,-9549.16,-889.622,46.0537,0.076173,300,15,1,0,0,0,7,8,38,0,0,1,1,1,1,0,0,SmartAI,,NULL,55
80919,1922,Gray Forest Wolf,NULL,0,12,91,-9508.27,-762.008,60.2988,1.54541,300,15,1,0,0,0,7,8,38,0,0,1,1,1,1,0,0,SmartAI,,NULL,55
80920,2442,Cow,,0,12,91,-9486.61,-774.773,60.8734,1.11201,300,15,1,0,0,0,5,5,190,0,0,8,0,0,1,0,64,,,NULL,46
80921,1922,Gray Forest Wolf,NULL,0,12,91,-9459.06,-760.647,61.6535,1.05161,300,15,1,0,0,0,7,8,38,0,0,1,1,1,1,0,0,SmartAI,,NULL,55
80922,524,Rockhide Boar,NULL,0,12,12,-9619.75,-884.375,48.4459,3.14159,300,15,1,0,0,0,7,8,189,0,0,1,5,1,1,0,0,SmartAI,,NULL,90
80923,883,Deer,,0,12,12,-9609.2,-882.045,49.5843,0.314179,300,15,1,0,0,0,5,5,31,0,0,8,0,0,1,0,66,,,NULL,45
80924,1949,Servant of Azora,NULL,0,12,91,-9562.33,-722.926,64.7386,0.82301,300,0,0,0,0,0,8,9,12,0,0,7,0,0,0,0,0,,,NULL,10
80925,1949,Servant of Azora,NULL,0,12,91,-9562.29,-735.12,99.203,2.15347,300,0,0,0,0,0,8,9,12,0,0,7,0,0,0,0,0,,,NULL,10
80926,1949,Servant of Azora,NULL,0,12,91,-9573.05,-713.053,99.1406,5.95087,300,0,0,0,0,0,8,9,12,0,0,7,0,0,0,0,0,,,NULL,10
80927,1949,Servant of Azora,NULL,0,12,91,-9554.81,-706.766,90.4123,2.72909,300,0,2,0,0,0,8,9,12,0,0,7,0,0,0,0,0,,,6474160,10
80928,1949,Servant of Azora,NULL,0,12,91,-9550.88,-685.652,63.183,2.14719,300,0,0,0,0,0,8,9,12,0,0,7,0,0,0,0,0,,,NULL,10
80929,1949,Servant of Azora,NULL,0,12,91,-9558.13,-712.885,64.7386,6.22928,300,0,0,0,0,0,8,9,12,0,0,7,0,0,0,0,0,,,NULL,10
80930,1949,Servant of Azora,NULL,0,12,91,-9558.59,-700.421,99.2119,4.4751,300,0,0,0,0,0,8,9,12,0,0,7,0,0,0,0,0,,,NULL,10
80931,1949,Servant of Azora,NULL,0,12,91,-9549,-724.052,99.1484,2.63064,300,0,0,0,0,0,8,9,12,0,0,7,0,0,0,0,0,,,NULL,10
80932,1949,Servant of Azora,NULL,0,12,91,-9550.68,-711.69,75.0554,3.24567,300,0,0,0,0,0,8,9,12,0,0,7,0,0,0,0,0,,,NULL,10
80933,11072,Kitta Firewind,Enchanting Trainer,0,12,91,-9576.3,-718.124,99.2704,3.05433,300,0,0,0,0,0,44,44,12,81,0,7,0,0,0,512,66,,,NULL,1
80934,313,Theocritus,Mage of Tower Azora,0,12,91,-9553.08,-728.152,99.2522,2.16421,300,0,0,0,0,0,24,24,12,2,0,7,0,0,0,512,66,,,NULL,1
80935,959,Morley Eberlein,Clothier,0,12,91,-9548.45,-709.983,90.5103,3.63029,300,0,0,0,0,0,10,10,12,4224,0,7,0,0,0,512,66,,,NULL,1
80936,1949,Servant of Azora,NULL,0,12,91,-9522.95,-700.829,61.6524,1.62088,300,0,0,0,0,0,8,9,12,0,0,7,0,0,0,0,0,,,NULL,10
80937,958,Dawn Brightstar,Arcane Goods,0,12,91,-9541.13,-716.466,99.2953,3.03687,300,0,0,0,0,0,35,35,12,2176,0,7,0,0,0,512,66,,,NULL,1
80938,1922,Gray Forest Wolf,NULL,0,12,91,-9581.52,-624.553,57.3027,4.73192,300,15,1,0,0,0,7,8,38,0,0,1,1,1,1,0,0,SmartAI,,NULL,55
80939,1922,Gray Forest Wolf,NULL,0,12,91,-9535.82,-655.504,62.4354,3.01821,300,15,1,0,0,0,7,8,38,0,0,1,1,1,1,0,0,SmartAI,,NULL,55
80940,1922,Gray Forest Wolf,NULL,0,12,91,-9475.7,-594.477,66.4951,1.05676,300,15,1,0,0,0,7,8,38,0,0,1,1,1,1,0,0,SmartAI,,NULL,55
80941,2442,Cow,,0,12,91,-9582.42,-613.655,56.9415,1.84644,300,15,1,0,0,0,5,5,190,0,0,8,0,0,1,0,64,,,NULL,46
80942,1922,Gray Forest Wolf,NULL,0,12,91,-9485.93,-592.312,66.0216,2.71189,300,15,1,0,0,0,7,8,38,0,0,1,1,1,1,0,0,SmartAI,,NULL,55
80943,2442,Cow,,0,12,91,-9585.97,-607.565,56.9316,4.78467,300,15,1,0,0,0,5,5,190,0,0,8,0,0,1,0,64,,,NULL,46
80945,1922,Gray Forest Wolf,NULL,0,12,91,-9429.22,-724.465,65.8369,6.08464,300,15,1,0,0,0,7,8,38,0,0,1,1,1,1,0,0,SmartAI,,NULL,55
80947,1922,Gray Forest Wolf,NULL,0,12,91,-9412.17,-739.773,66.5475,1.42181,300,15,1,0,0,0,7,8,38,0,0,1,1,1,1,0,0,SmartAI,,NULL,55
80948,1922,Gray Forest Wolf,NULL,0,12,91,-9413.65,-657.926,66.6763,0.009765,300,15,1,0,0,0,7,8,38,0,0,1,1,1,1,0,0,SmartAI,,NULL,55
80949,1922,Gray Forest Wolf,NULL,0,12,54,-9335.42,-706.25,67.8974,1.54871,300,15,1,0,0,0,7,8,38,0,0,1,1,1,1,0,0,SmartAI,,NULL,55
80950,40,Kobold Miner,NULL,0,12,54,-9326.82,-713.03,67.5269,2.95107,300,5,1,0,0,0,6,7,26,0,0,7,0,0,1,0,0,SmartAI,,NULL,51
80951,40,Kobold Miner,NULL,0,12,54,-9354.6,-675.024,67.3725,5.00572,300,5,1,0,0,0,6,7,26,0,0,7,0,0,1,0,0,SmartAI,,NULL,51
80952,40,Kobold Miner,NULL,0,12,54,-9268.7,-703.31,63.1625,1.7926,300,5,1,0,0,0,6,7,26,0,0,7,0,0,1,0,0,SmartAI,,NULL,51
80953,1922,Gray Forest Wolf,NULL,0,12,54,-9287.73,-768.92,67.5636,0.252554,300,15,1,0,0,0,7,8,38,0,0,1,1,1,1,0,0,SmartAI,,NULL,55
80954,476,Kobold Geomancer,NULL,0,12,54,-9256.46,-711.838,62.856,4.05948,300,0,0,0,0,0,7,8,26,0,0,7,0,0,1,0,0,SmartAI,,NULL,8
80955,476,Kobold Geomancer,NULL,0,12,54,-9289.54,-669.512,65.2942,5.97583,300,5,1,0,0,0,7,8,26,0,0,7,0,0,1,0,0,SmartAI,,NULL,8
80956,40,Kobold Miner,NULL,0,12,54,-9254.85,-696.338,64.015,3.07881,300,5,1,0,0,0,6,7,26,0,0,7,0,0,1,0,0,SmartAI,,NULL,51
80957,476,Kobold Geomancer,NULL,0,12,54,-9248.51,-702.869,63.4745,3.59538,300,0,0,0,0,0,7,8,26,0,0,7,0,0,1,0,0,SmartAI,,NULL,8
80958,476,Kobold Geomancer,NULL,0,12,54,-9252.35,-703.304,63.5593,6.05629,300,0,0,0,0,0,7,8,26,0,0,7,0,0,1,0,0,SmartAI,,NULL,8
80959,40,Kobold Miner,NULL,0,12,54,-9245.29,-713.372,63.0387,1.91986,300,0,0,0,0,0,6,7,26,0,0,7,0,0,1,0,0,SmartAI,,NULL,51
80960,40,Kobold Miner,NULL,0,12,54,-9256.03,-707.889,63.1122,0.942478,300,0,0,0,0,0,6,7,26,0,0,7,0,0,1,0,0,SmartAI,,NULL,51
80961,40,Kobold Miner,NULL,0,12,54,-9220.8,-671.27,62.89,1.65247,300,5,1,0,0,0,6,7,26,0,0,7,0,0,1,0,0,SmartAI,,NULL,51
80962,40,Kobold Miner,NULL,0,12,54,-9285.9,-679.103,64.3406,3.5812,300,5,1,0,0,0,6,7,26,0,0,7,0,0,1,0,0,SmartAI,,NULL,51
80963,40,Kobold Miner,NULL,0,12,54,-9248.69,-655.311,64.3173,5.22255,300,5,1,0,0,0,6,7,26,0,0,7,0,0,1,0,0,SmartAI,,NULL,51
80964,40,Kobold Miner,NULL,0,12,54,-9327.75,-647.848,69.3101,2.62899,300,5,1,0,0,0,6,7,26,0,0,7,0,0,1,0,0,SmartAI,,NULL,51
80965,40,Kobold Miner,NULL,0,12,54,-9289.51,-615.627,66.1828,5.91573,300,5,1,0,0,0,6,7,26,0,0,7,0,0,1,0,0,SmartAI,,NULL,51
80966,40,Kobold Miner,NULL,0,12,54,-9219.69,-617.962,61.277,3.19243,300,5,1,0,0,0,6,7,26,0,0,7,0,0,1,0,0,SmartAI,,NULL,51
80967,476,Kobold Geomancer,NULL,0,12,54,-9229.65,-623.414,61.8933,1.29756,300,5,1,0,0,0,7,8,26,0,0,7,0,0,1,0,0,SmartAI,,NULL,8
80968,40,Kobold Miner,NULL,0,12,54,-9185.28,-645.08,65.5001,2.60017,300,5,1,0,0,0,6,7,26,0,0,7,0,0,1,0,0,SmartAI,,NULL,51
80969,476,Kobold Geomancer,NULL,0,12,54,-9247.6,-580.757,65.7305,1.95928,300,5,1,0,0,0,7,8,26,0,0,7,0,0,1,0,0,SmartAI,,NULL,8
80970,40,Kobold Miner,NULL,0,12,54,-9268.04,-549.461,66.9,0.174785,300,5,1,0,0,0,6,7,26,0,0,7,0,0,1,0,0,SmartAI,,NULL,51
80971,2442,Cow,,0,12,54,-9272.86,-587.447,64.934,5.49666,300,15,1,0,0,0,5,5,190,0,0,8,0,0,1,0,64,,,NULL,46
80972,40,Kobold Miner,NULL,0,12,54,-9244.14,-586.069,65.7298,5.65726,300,5,1,0,0,0,6,7,26,0,0,7,0,0,1,0,0,SmartAI,,NULL,51
80973,40,Kobold Miner,NULL,0,12,54,-9161.78,-571.596,58.1243,0.712466,300,5,1,0,0,0,6,7,26,0,0,7,0,0,1,0,0,SmartAI,,NULL,51
80974,40,Kobold Miner,NULL,0,12,54,-9141.22,-599.18,57.8545,5.51055,300,5,1,0,0,0,6,7,26,0,0,7,0,0,1,0,0,SmartAI,,NULL,51
80975,40,Kobold Miner,NULL,0,12,54,-9131.9,-596.161,57.4463,0,300,5,1,0,0,0,6,7,26,0,0,7,0,0,1,0,0,SmartAI,,NULL,51
80976,40,Kobold Miner,NULL,0,12,54,-9172.25,-599.412,63.02,4.2237,300,5,1,0,0,0,6,7,26,0,0,7,0,0,1,0,0,SmartAI,,NULL,51
80977,476,Kobold Geomancer,NULL,0,12,54,-9135.25,-590.705,57.6318,4.92183,300,0,2,0,0,0,7,8,26,0,0,7,0,0,1,0,0,SmartAI,,6478160,8
80978,476,Kobold Geomancer,NULL,0,12,54,-9079.77,-586.95,62.2437,2.11185,300,0,2,0,0,0,7,8,26,0,0,7,0,0,1,0,0,SmartAI,,6478240,8
80979,40,Kobold Miner,NULL,0,12,54,-9078.95,-582.27,62.2442,2.29443,300,0,0,0,0,0,6,7,26,0,0,7,0,0,1,0,0,SmartAI,,NULL,51
80980,40,Kobold Miner,NULL,0,12,54,-9117.78,-585.782,57.5247,2.84701,300,0,0,0,0,0,6,7,26,0,0,7,0,0,1,0,0,SmartAI,,NULL,51
80981,40,Kobold Miner,NULL,0,12,54,-9085.36,-576.067,61.9363,1.58841,300,5,1,0,0,0,6,7,26,0,0,7,0,0,1,0,0,SmartAI,,NULL,51
80982,40,Kobold Miner,NULL,0,12,54,-9086.56,-556.355,60.6945,0.215381,300,0,0,0,0,0,6,7,26,0,0,7,0,0,1,0,0,SmartAI,,NULL,51
80983,40,Kobold Miner,NULL,0,12,54,-9087.93,-589.59,58.3875,0.773561,300,5,1,0,0,0,6,7,26,0,0,7,0,0,1,0,0,SmartAI,,NULL,51
80984,40,Kobold Miner,NULL,0,12,54,-9101.44,-598.58,56.9574,2.50615,300,5,1,0,0,0,6,7,26,0,0,7,0,0,1,0,0,SmartAI,,NULL,51
80985,40,Kobold Miner,NULL,0,12,54,-9116.58,-568.454,59.0402,3.95177,300,0,0,0,0,0,6,7,26,0,0,7,0,0,1,0,0,SmartAI,,NULL,51
80986,40,Kobold Miner,NULL,0,12,54,-9094.39,-586.519,57.9721,5.16445,300,5,1,0,0,0,6,7,26,0,0,7,0,0,1,0,0,SmartAI,,NULL,51
80987,43,Mine Spider,NULL,0,12,54,-9048.82,-616.729,53.0161,3.73272,300,0,0,0,0,0,8,9,22,0,0,1,3,1,1,0,0,SmartAI,,NULL,8
80988,43,Mine Spider,NULL,0,12,54,-9066.4,-548.124,58.3119,4.03298,300,0,0,0,0,0,8,9,22,0,0,1,3,1,1,0,0,SmartAI,,NULL,8
80989,471,Mother Fang,NULL,0,12,54,-9051.83,-621.321,53.5771,4.24115,3600,0,0,0,0,0,10,10,22,0,4,1,3,1,1,0,0,SmartAI,,NULL,1
80990,43,Mine Spider,NULL,0,12,54,-9033.98,-585.441,56.337,0,300,0,0,0,0,0,8,9,22,0,0,1,3,1,1,0,0,SmartAI,,NULL,8
80991,43,Mine Spider,NULL,0,12,54,-9037.76,-607.992,53.4164,5.62913,300,0,0,0,0,0,8,9,22,0,0,1,3,1,1,0,0,SmartAI,,NULL,8
80992,43,Mine Spider,NULL,0,12,54,-9040.33,-554.065,55.5712,1.09758,300,0,0,0,0,0,8,9,22,0,0,1,3,1,1,0,0,SmartAI,,NULL,8
80993,43,Mine Spider,NULL,0,12,54,-9030.17,-613.531,56.4697,1.00271,300,0,0,0,0,0,8,9,22,0,0,1,3,1,1,0,0,SmartAI,,NULL,8
80994,43,Mine Spider,NULL,0,12,54,-9025.17,-602.782,56.1168,4.73095,300,0,0,0,0,0,8,9,22,0,0,1,3,1,1,0,0,SmartAI,,NULL,8
80995,43,Mine Spider,NULL,0,12,54,-9025.12,-565.593,54.976,0,300,0,0,0,0,0,8,9,22,0,0,1,3,1,1,0,0,SmartAI,,NULL,8
80996,38,Defias Thug,NULL,0,12,59,-9052.24,-458.063,72.6514,2.07694,300,0,0,0,0,0,3,4,7,0,0,7,0,0,1,0,0,SmartAI,,NULL,71
80998,721,Rabbit,,0,12,59,-9063.69,-455.139,72.4971,4.60924,300,15,1,0,0,0,1,1,31,0,0,8,0,0,1,0,66,,,NULL,94
80999,1922,Gray Forest Wolf,NULL,0,12,54,-9354.5,-610.635,71.0105,2.50558,300,15,1,0,0,0,7,8,38,0,0,1,1,1,1,0,0,SmartAI,,NULL,55
81000,40,Kobold Miner,NULL,0,12,54,-9321.64,-578.605,69.968,5.69867,300,5,1,0,0,0,6,7,26,0,0,7,0,0,1,0,0,SmartAI,,NULL,51
81001,1922,Gray Forest Wolf,NULL,0,12,54,-9321.47,-561.326,69.6776,2.98154,300,15,1,0,0,0,7,8,38,0,0,1,1,1,1,0,0,SmartAI,,NULL,55
81002,1922,Gray Forest Wolf,NULL,0,12,91,-9427.88,-578.534,67.3996,4.98397,300,15,1,0,0,0,7,8,38,0,0,1,1,1,1,0,0,SmartAI,,NULL,55
81003,1922,Gray Forest Wolf,NULL,0,12,91,-9410.76,-576.973,68.2066,1.19464,300,15,1,0,0,0,7,8,38,0,0,1,1,1,1,0,0,SmartAI,,NULL,55
81004,1922,Gray Forest Wolf,NULL,0,12,91,-9414.01,-567.364,67.5163,4.2237,300,15,1,0,0,0,7,8,38,0,0,1,1,1,1,0,0,SmartAI,,NULL,55
81005,1922,Gray Forest Wolf,NULL,0,12,91,-9406.43,-582.849,67.3996,5.70977,300,15,1,0,0,0,7,8,38,0,0,1,1,1,1,0,0,SmartAI,,NULL,55
81006,1922,Gray Forest Wolf,NULL,0,12,18,-9420.7,-566.195,67.6868,4.62512,300,15,1,0,0,0,7,8,38,0,0,1,1,1,1,0,0,SmartAI,,NULL,55
81007,1922,Gray Forest Wolf,NULL,0,12,54,-9363,-577.39,68.7027,4.37223,300,15,1,0,0,0,7,8,38,0,0,1,1,1,1,0,0,SmartAI,,NULL,55
81008,1922,Gray Forest Wolf,NULL,0,12,18,-9484.16,-554.031,65.1934,5.2996,300,15,1,0,0,0,7,8,38,0,0,1,1,1,1,0,0,SmartAI,,NULL,55
81009,1922,Gray Forest Wolf,NULL,0,12,18,-9427.82,-549.583,73.708,3.9941,300,15,1,0,0,0,7,8,38,0,0,1,1,1,1,0,0,SmartAI,,NULL,55
81010,1922,Gray Forest Wolf,NULL,0,12,18,-9453.58,-536.602,65.5304,5.25618,300,15,1,0,0,0,7,8,38,0,0,1,1,1,1,0,0,SmartAI,,NULL,55
81011,1922,Gray Forest Wolf,NULL,0,12,18,-9464.34,-539.105,65.7762,4.6756,300,15,1,0,0,0,7,8,38,0,0,1,1,1,1,0,0,SmartAI,,NULL,55
81012,1922,Gray Forest Wolf,NULL,0,12,18,-9462.55,-551.576,67.4054,3.94274,300,15,1,0,0,0,7,8,38,0,0,1,1,1,1,0,0,SmartAI,,NULL,55
81013,1922,Gray Forest Wolf,NULL,0,12,18,-9377.71,-493.036,69.3664,0.462262,300,15,1,0,0,0,7,8,38,0,0,1,1,1,1,0,0,SmartAI,,NULL,55
81014,1922,Gray Forest Wolf,NULL,0,12,18,-9419.58,-501.338,68.4843,2.47393,300,15,1,0,0,0,7,8,38,0,0,1,1,1,1,0,0,SmartAI,,NULL,55
81015,1922,Gray Forest Wolf,NULL,0,12,18,-9438.05,-514.727,67.7627,6.16174,300,15,1,0,0,0,7,8,38,0,0,1,1,1,1,0,0,SmartAI,,NULL,55
81017,1922,Gray Forest Wolf,NULL,0,12,18,-9527.24,-542.705,62.2918,3.57468,300,15,1,0,0,0,7,8,38,0,0,1,1,1,1,0,0,SmartAI,,NULL,55
81018,2442,Cow,,0,12,18,-9545.58,-544.491,61.1677,1.50631,300,15,1,0,0,0,5,5,190,0,0,8,0,0,1,0,64,,,NULL,46
81019,735,Murloc Streamrunner,NULL,0,12,18,-9511.55,-487.074,61.595,5.30582,300,0,0,0,0,0,6,7,18,0,0,7,0,0,1,32768,0,,,NULL,21
81021,1922,Gray Forest Wolf,NULL,0,12,18,-9546.68,-521.048,63.0931,4.74948,300,15,1,0,0,0,7,8,38,0,0,1,1,1,1,0,0,SmartAI,,NULL,55
81022,1922,Gray Forest Wolf,NULL,0,12,18,-9486.97,-525.281,63.8618,4.5196,300,15,1,0,0,0,7,8,38,0,0,1,1,1,1,0,0,SmartAI,,NULL,55
81023,735,Murloc Streamrunner,NULL,0,12,18,-9449.82,-488.69,62.6602,4.30263,300,5,1,0,0,0,6,7,18,0,0,7,0,0,1,32768,0,,,NULL,21
81024,1922,Gray Forest Wolf,NULL,0,12,18,-9590.8,-562.219,57.57,4.01109,300,15,1,0,0,0,7,8,38,0,0,1,1,1,1,0,0,SmartAI,,NULL,55
81026,285,Murloc,NULL,0,12,18,-9496.23,-442,57.0387,2.80133,300,5,1,0,0,0,6,7,18,0,0,7,0,0,1,32768,0,,,NULL,35
81030,285,Murloc,NULL,0,12,18,-9483.94,-421.038,59.5899,4.84347,300,0,0,0,0,0,6,7,18,0,0,7,0,0,1,32768,0,,,NULL,35
81032,883,Deer,,0,12,12,-9577.19,-437.85,60.9212,3.88138,300,15,1,0,0,0,5,5,31,0,0,8,0,0,1,0,66,,,NULL,45
81033,735,Murloc Streamrunner,NULL,0,12,18,-9498.99,-467.962,58.9887,5.62523,300,5,1,0,0,0,6,7,18,0,0,7,0,0,1,32768,0,,,NULL,21
81034,285,Murloc,NULL,0,12,18,-9465.14,-432.218,56.7279,5.98711,300,5,1,0,0,0,6,7,18,0,0,7,0,0,1,32768,0,,,NULL,35
81035,285,Murloc,NULL,0,12,18,-9505.26,-403.165,56.5587,0.591016,300,5,1,0,0,0,6,7,18,0,0,7,0,0,1,32768,0,,,NULL,35
81036,735,Murloc Streamrunner,NULL,0,12,18,-9545.65,-381.259,61.4751,3.19474,300,5,1,0,0,0,6,7,18,0,0,7,0,0,1,32768,0,,,NULL,21
81038,285,Murloc,NULL,0,12,18,-9471,-384.036,58.2299,2.87979,300,0,0,0,0,0,6,7,18,0,0,7,0,0,1,32768,0,,,NULL,35
81039,285,Murloc,NULL,0,12,18,-9484.07,-395.844,58.4774,0,300,0,0,0,0,0,6,7,18,0,0,7,0,0,1,32768,0,,,NULL,35
81040,285,Murloc,NULL,0,12,18,-9485.84,-388.377,57.046,2.14675,300,0,0,0,0,0,6,7,18,0,0,7,0,0,1,32768,0,,,NULL,35
81041,285,Murloc,NULL,0,12,18,-9484.46,-370.071,55.7391,1.74583,300,0,0,0,0,0,6,7,18,0,0,7,0,0,1,32768,0,,,NULL,35
81043,285,Murloc,NULL,0,12,18,-9473.25,-384.355,57.1971,0.98265,300,5,1,0,0,0,6,7,18,0,0,7,0,0,1,32768,0,,,NULL,35
81044,735,Murloc Streamrunner,NULL,0,12,18,-9413.71,-452.006,60.3769,2.96314,300,5,1,0,0,0,6,7,18,0,0,7,0,0,1,32768,0,,,NULL,21
81045,285,Murloc,NULL,0,12,18,-9477.31,-371.876,56.3524,3.09892,300,5,1,0,0,0,6,7,18,0,0,7,0,0,1,32768,0,,,NULL,35
81046,285,Murloc,NULL,0,12,18,-9470.46,-379.389,59.0321,4.24115,300,0,0,0,0,0,6,7,18,0,0,7,0,0,1,32768,0,,,NULL,35
81047,285,Murloc,NULL,0,12,18,-9473.54,-361.002,60.2721,6.10036,300,5,1,0,0,0,6,7,18,0,0,7,0,0,1,32768,0,,,NULL,35
81048,285,Murloc,NULL,0,12,18,-9487.4,-358.883,57.6885,2.96706,300,0,0,0,0,0,6,7,18,0,0,7,0,0,1,32768,0,,,NULL,35
81049,285,Murloc,NULL,0,12,18,-9485.4,-354.08,59.9508,3.56047,300,0,0,0,0,0,6,7,18,0,0,7,0,0,1,32768,0,,,NULL,35
81050,285,Murloc,NULL,0,12,18,-9485.98,-350.2,59.7253,1.39626,300,0,0,0,0,0,6,7,18,0,0,7,0,0,1,32768,0,,,NULL,35
81051,285,Murloc,NULL,0,12,18,-9474.9,-353.104,60.6382,0.202683,300,5,1,0,0,0,6,7,18,0,0,7,0,0,1,32768,0,,,NULL,35
81052,285,Murloc,NULL,0,12,18,-9451.13,-367.227,55.7305,2.34409,300,5,1,0,0,0,6,7,18,0,0,7,0,0,1,32768,0,,,NULL,35
81053,735,Murloc Streamrunner,NULL,0,12,18,-9381.37,-447.646,63.3056,2.91583,300,5,1,0,0,0,6,7,18,0,0,7,0,0,1,32768,0,,,NULL,21
81057,735,Murloc Streamrunner,NULL,0,12,18,-9403.51,-390.75,60.6673,0.677486,300,5,1,0,0,0,6,7,18,0,0,7,0,0,1,32768,0,,,NULL,21
81058,40,Kobold Miner,NULL,0,12,18,-9324.34,-478.439,71.7502,5.24075,300,5,1,0,0,0,6,7,26,0,0,7,0,0,1,0,0,SmartAI,,NULL,51
81062,116,Defias Bandit,NULL,0,12,18,-9326.92,-382.97,66.8942,1.93636,300,5,1,0,0,0,8,9,17,0,0,7,0,0,1,0,0,SmartAI,,NULL,47
81065,285,Murloc,NULL,0,12,18,-9475.54,-337.636,58.5555,2.18166,300,0,0,0,0,0,6,7,18,0,0,7,0,0,1,32768,0,,,NULL,35
81066,735,Murloc Streamrunner,NULL,0,12,18,-9395.85,-344.613,58.5996,5.76622,300,5,1,0,0,0,6,7,18,0,0,7,0,0,1,32768,0,,,NULL,21
81067,735,Murloc Streamrunner,NULL,0,12,18,-9410.08,-313.216,60.8708,1.47159,300,5,1,0,0,0,6,7,18,0,0,7,0,0,1,32768,0,,,NULL,21
81068,285,Murloc,NULL,0,12,18,-9449.18,-294.843,56.8474,2.59314,300,5,1,0,0,0,6,7,18,0,0,7,0,0,1,32768,0,,,NULL,35
81069,735,Murloc Streamrunner,NULL,0,12,18,-9448.45,-297.242,56.6352,2.59307,300,5,1,0,0,0,6,7,18,0,0,7,0,0,1,32768,0,,,NULL,21
81070,735,Murloc Streamrunner,NULL,0,12,18,-9391.53,-345.167,59.0443,5.62124,300,5,1,0,0,0,6,7,18,0,0,7,0,0,1,32768,0,,,NULL,21
81071,735,Murloc Streamrunner,NULL,0,12,18,-9511.85,-302.882,55.0908,5.39536,300,5,1,0,0,0,6,7,18,0,0,7,0,0,1,32768,0,,,NULL,21
81073,735,Murloc Streamrunner,NULL,0,12,18,-9431.38,-268.329,61.7787,0.864894,300,5,1,0,0,0,6,7,18,0,0,7,0,0,1,32768,0,,,NULL,21
81074,735,Murloc Streamrunner,NULL,0,12,18,-9446.52,-253.93,62.261,0.805059,300,5,1,0,0,0,6,7,18,0,0,7,0,0,1,32768,0,,,NULL,21
81075,285,Murloc,NULL,0,12,18,-9530.46,-269.478,59.5826,4.93312,300,0,0,0,0,0,6,7,18,0,0,7,0,0,1,32768,0,,,NULL,35
81076,735,Murloc Streamrunner,NULL,0,12,18,-9528.95,-268.761,59.1591,4.95118,300,0,2,0,0,0,6,7,18,0,0,7,0,0,1,32768,0,,,6486080,21
81077,285,Murloc,NULL,0,12,18,-9492.42,-240.271,56.297,3.08221,300,0,0,0,0,0,6,7,18,0,0,7,0,0,1,32768,0,,,NULL,35
81078,285,Murloc,NULL,0,12,18,-9493.42,-224.326,58.5665,2.74017,300,0,0,0,0,0,6,7,18,0,0,7,0,0,1,32768,0,,,NULL,35
81080,721,Rabbit,,0,12,12,-9603.87,-249.368,57.6059,1.65476,300,15,1,0,0,0,1,1,31,0,0,8,0,0,1,0,66,,,NULL,94
81081,285,Murloc,NULL,0,12,18,-9505,-209.918,52.3005,2.38488,300,0,0,0,0,0,6,7,18,0,0,7,0,0,1,32768,0,,,NULL,35
81082,285,Murloc,NULL,0,12,18,-9471.86,-213.085,55.9415,1.75852,300,0,0,0,0,0,6,7,18,0,0,7,0,0,1,32768,0,,,NULL,35
81083,285,Murloc,NULL,0,12,18,-9486.42,-206.092,57.6915,2.83248,300,0,0,0,0,0,6,7,18,0,0,7,0,0,1,32768,0,,,NULL,35
81085,12423,Guard Roberts,NULL,0,12,18,-9514.61,-135.652,60.4096,5.39307,30,0,0,0,0,0,7,7,12,0,0,7,0,0,0,0,66,SmartAI,,NULL,1
81090,883,Deer,,0,12,87,-9490.58,-33.6001,59.2255,5.56693,300,15,1,0,0,0,5,5,31,0,0,8,0,0,1,0,66,,,NULL,45
81091,890,Fawn,NULL,0,12,87,-9492.48,-32.667,58.9891,5.62429,300,0,0,0,0,0,1,1,31,0,0,8,0,0,1,0,66,,,NULL,13
81092,383,Jason Mathers,Fishmonger,0,12,18,-9378.89,-111.923,59.006,3.15905,300,0,0,0,0,0,7,7,12,2,0,7,0,0,0,512,66,,,NULL,1
81093,1632,Adele Fielder,Leatherworking Trainer,0,12,87,-9375.68,-74.4761,64.5206,3.45575,300,0,0,0,0,0,22,22,12,81,0,7,0,0,0,512,66,,,NULL,1
81094,1651,Lee Brown,Fishing Trainer,0,12,18,-9382.08,-117.005,58.9841,4.43314,300,0,0,0,0,0,8,8,12,81,0,7,0,0,0,512,66,,,NULL,1
81099,2442,Cow,,0,12,12,-9296,-104.049,68.5179,0.02945,300,15,1,0,0,0,5,5,190,0,0,8,0,0,1,0,64,,,NULL,46
81100,735,Murloc Streamrunner,NULL,0,12,18,-9382.02,-215.757,63.1149,1.3616,300,0,0,0,0,0,6,7,18,0,0,7,0,0,1,32768,0,,,NULL,21
81105,474,Defias Rogue Wizard,NULL,0,12,18,-9306.21,-294.363,70.51,1.13446,300,0,0,0,0,0,9,10,17,0,0,7,0,0,0,0,0,SmartAI,,NULL,28
81106,116,Defias Bandit,NULL,0,12,18,-9306.67,-287.224,70.5972,5.16617,300,0,0,0,0,0,8,9,17,0,0,7,0,0,1,0,0,SmartAI,,NULL,47
81107,61,Thuros Lightfingers,NULL,0,12,18,-9303.19,-292.231,70.63,3.22,7200,0,2,0,0,0,11,11,17,0,4,7,0,0,0,0,0,SmartAI,,6488560,8
81108,116,Defias Bandit,NULL,0,12,18,-9309.05,-272.284,70.9471,4.02234,300,5,1,0,0,0,8,9,17,0,0,7,0,0,1,0,0,SmartAI,,NULL,47
81109,116,Defias Bandit,NULL,0,12,18,-9320.49,-280.694,69.5396,2.52624,300,5,1,0,0,0,8,9,17,0,0,7,0,0,1,0,0,SmartAI,,NULL,47
81122,472,Fedfennel,NULL,0,12,86,-8978.21,-829.324,70.1883,3.29867,7200,0,0,0,0,0,12,12,20,0,4,7,0,0,0,0,0,SmartAI,,NULL,4
81123,118,Prowler,NULL,0,12,86,-8985.36,-777.824,72.2418,5.45966,300,15,1,0,0,0,9,10,38,0,0,1,1,1,1,0,0,,,NULL,83
81127,2442,Cow,,0,12,86,-8957.83,-794.486,69.7611,1.32059,300,15,1,0,0,0,5,5,190,0,0,8,0,0,1,0,64,,,NULL,46
81135,118,Prowler,NULL,0,12,86,-8942.46,-706.991,82.8542,1.80725,300,15,1,0,0,0,9,10,38,0,0,1,1,1,1,0,0,,,NULL,83
81147,2442,Cow,,0,12,86,-8873.44,-911.612,76.3751,1.46558,300,15,1,0,0,0,5,5,190,0,0,8,0,0,1,0,64,,,NULL,46
81150,118,Prowler,NULL,0,12,86,-8885.08,-890.691,74.929,0.056939,300,15,1,0,0,0,9,10,38,0,0,1,1,1,1,0,0,,,NULL,83
81155,118,Prowler,NULL,0,12,86,-8908.56,-912.445,73.5995,1.93643,300,15,1,0,0,0,9,10,38,0,0,1,1,1,1,0,0,,,NULL,83
81156,118,Prowler,NULL,0,12,86,-8863.76,-923.313,75.7339,2.18538,300,15,1,0,0,0,9,10,38,0,0,1,1,1,1,0,0,,,NULL,83
81157,118,Prowler,NULL,0,12,86,-8806.5,-943.751,73.6821,0.475011,300,15,1,0,0,0,9,10,38,0,0,1,1,1,1,0,0,,,NULL,83
81158,118,Prowler,NULL,0,12,86,-8889.98,-968.151,73.2223,4.39878,300,15,1,0,0,0,9,10,38,0,0,1,1,1,1,0,0,,,NULL,83
81159,474,Defias Rogue Wizard,NULL,0,12,86,-9012.59,-983.277,69.3455,5.93294,300,0,0,0,0,0,9,10,17,0,0,7,0,0,0,0,0,SmartAI,,NULL,28
81160,474,Defias Rogue Wizard,NULL,0,12,86,-9090.89,-951.887,68.852,1.86837,300,0,0,0,0,0,9,10,17,0,0,7,0,0,0,0,0,SmartAI,,NULL,28
81161,474,Defias Rogue Wizard,NULL,0,12,86,-9026.78,-1048.42,68.7902,4.4112,300,0,0,0,0,0,9,10,17,0,0,7,0,0,0,0,0,SmartAI,,NULL,28
81162,474,Defias Rogue Wizard,NULL,0,12,56,-9091.25,-1011.04,73.0624,2.38878,300,0,0,0,0,0,9,10,17,0,0,7,0,0,0,0,0,SmartAI,,NULL,28
81163,6172,Henze Faulk,NULL,0,12,56,-9129.59,-984.313,76.1811,2.05949,300,0,0,0,0,0,10,10,123,2,0,7,0,0,0,768,64,SmartAI,,NULL,1
81164,474,Defias Rogue Wizard,NULL,0,12,86,-9143.81,-954.4,70.6154,0.325079,300,0,0,0,0,0,9,10,17,0,0,7,0,0,0,0,0,SmartAI,,NULL,28
81165,474,Defias Rogue Wizard,NULL,0,12,56,-9080.71,-1048.87,72.4672,4.47537,300,0,0,0,0,0,9,10,17,0,0,7,0,0,0,0,0,SmartAI,,NULL,28
81166,474,Defias Rogue Wizard,NULL,0,12,56,-9123.83,-1020.25,72.1897,2.8955,300,0,0,0,0,0,9,10,17,0,0,7,0,0,0,0,0,SmartAI,,NULL,28
81167,474,Defias Rogue Wizard,NULL,0,12,56,-9154.25,-1011.36,70.6092,1.34232,300,0,0,0,0,0,9,10,17,0,0,7,0,0,0,0,0,SmartAI,,NULL,28
81168,474,Defias Rogue Wizard,NULL,0,12,56,-9118.63,-1038.46,71.808,2.52619,300,0,0,0,0,0,9,10,17,0,0,7,0,0,0,0,0,SmartAI,,NULL,28
81169,474,Defias Rogue Wizard,NULL,0,12,56,-9138.07,-1035.47,71.433,5.47858,300,0,0,0,0,0,9,10,17,0,0,7,0,0,0,0,0,SmartAI,,NULL,28
81170,474,Defias Rogue Wizard,NULL,0,12,86,-9245.24,-980.931,68.6672,0.464243,300,0,0,0,0,0,9,10,17,0,0,7,0,0,0,0,0,SmartAI,,NULL,28
81171,474,Defias Rogue Wizard,NULL,0,12,86,-9213.36,-974.892,71.5342,1.83999,300,0,0,0,0,0,9,10,17,0,0,7,0,0,0,0,0,SmartAI,,NULL,28
81172,474,Defias Rogue Wizard,NULL,0,12,56,-9193.12,-1002.59,70.4148,1.31267,300,0,0,0,0,0,9,10,17,0,0,7,0,0,0,0,0,SmartAI,,NULL,28
81173,474,Defias Rogue Wizard,NULL,0,12,56,-9188.32,-1050.96,71.414,4.40869,300,0,0,0,0,0,9,10,17,0,0,7,0,0,0,0,0,SmartAI,,NULL,28
81174,474,Defias Rogue Wizard,NULL,0,12,56,-9152.29,-1052.52,71.308,4.3452,300,0,0,0,0,0,9,10,17,0,0,7,0,0,0,0,0,SmartAI,,NULL,28
81175,474,Defias Rogue Wizard,NULL,0,12,56,-9145.17,-1063.72,71.433,2.89713,300,0,0,0,0,0,9,10,17,0,0,7,0,0,0,0,0,SmartAI,,NULL,28
81176,474,Defias Rogue Wizard,NULL,0,12,56,-9227.32,-1031.4,69.6308,3.28044,300,0,0,0,0,0,9,10,17,0,0,7,0,0,0,0,0,SmartAI,,NULL,28
81178,2442,Cow,,0,12,88,-9587.28,-1141.08,45.0712,4.95689,300,15,1,0,0,0,5,5,190,0,0,8,0,0,1,0,64,,,NULL,46
81179,1933,Sheep,,0,12,88,-9575.07,-1175.1,47.0691,5.00277,300,15,1,0,0,0,3,3,31,0,0,8,0,0,1,0,66,,,NULL,17
81180,118,Prowler,NULL,0,12,12,-9663.31,-1152.73,40.297,0.270359,300,15,1,0,0,0,9,10,38,0,0,1,1,1,1,0,0,,,NULL,83
81181,844,Antonio Perelli,Traveling Salesman,0,12,12,-9628.33,-1176.14,39.9827,0.992539,300,0,2,0,0,0,35,35,12,128,0,7,0,0,0,512,66,SmartAI,,6494480,1
81182,118,Prowler,NULL,0,12,12,-9742.49,-1108.49,38.1107,3.05352,300,15,1,0,0,0,9,10,38,0,0,1,1,1,1,0,0,,,NULL,83
81183,118,Prowler,NULL,0,12,12,-9698.05,-1107.83,40.8897,0.039039,300,15,1,0,0,0,9,10,38,0,0,1,1,1,1,0,0,,,NULL,83
81184,118,Prowler,NULL,0,12,12,-9709.73,-1146.01,39.7267,3.26305,300,15,1,0,0,0,9,10,38,0,0,1,1,1,1,0,0,,,NULL,83
81186,732,Murloc Lurker,NULL,0,12,12,-9784.02,-1120.66,35.9243,4.80892,300,5,1,0,0,0,9,10,18,0,0,7,0,0,1,32768,0,SmartAI,,NULL,42
81187,118,Prowler,NULL,0,12,12,-9747.08,-1163.59,38.2913,3.49947,300,15,1,0,0,0,9,10,38,0,0,1,1,1,1,0,0,,,NULL,83
81188,732,Murloc Lurker,NULL,0,12,12,-9876.3,-1097.24,27.5205,0.855211,300,0,0,0,0,0,9,10,18,0,0,7,0,0,1,32768,0,SmartAI,,NULL,42
81189,46,Murloc Forager,,0,12,12,-9855.29,-1127.58,29.5544,0.471239,300,0,0,0,0,0,9,10,18,0,0,7,0,0,1,32768,0,SmartAI,,NULL,58
81190,732,Murloc Lurker,NULL,0,12,12,-9852.86,-1133.84,27.7583,0.139626,300,0,0,0,0,0,9,10,18,0,0,7,0,0,1,32768,0,SmartAI,,NULL,42
81191,732,Murloc Lurker,NULL,0,12,12,-9836.91,-1118.42,26.6061,0.261799,300,0,0,0,0,0,9,10,18,0,0,7,0,0,1,32768,0,SmartAI,,NULL,42
81192,732,Murloc Lurker,NULL,0,12,12,-9813.26,-1156.08,33.575,4.80817,300,5,1,0,0,0,9,10,18,0,0,7,0,0,1,32768,0,SmartAI,,NULL,42
81193,1933,Sheep,,0,12,12,-9837.23,-1170.45,32.3391,3.95395,300,15,1,0,0,0,3,3,31,0,0,8,0,0,1,0,66,,,NULL,17
81195,524,Rockhide Boar,NULL,0,12,62,-9835.63,-1048.32,34.6165,5.98123,300,15,1,0,0,0,7,8,189,0,0,1,5,1,1,0,0,SmartAI,,NULL,90
81196,118,Prowler,NULL,0,12,12,-9866.49,-1247.83,31.4246,0.779873,300,15,1,0,0,0,9,10,38,0,0,1,1,1,1,0,0,,,NULL,83
81197,118,Prowler,NULL,0,12,12,-9817.23,-1250.83,36.2617,3.6385,300,15,1,0,0,0,9,10,38,0,0,1,1,1,1,0,0,,,NULL,83
81198,732,Murloc Lurker,NULL,0,12,12,-9883.68,-1188.61,28.5517,2.8649,300,5,1,0,0,0,9,10,18,0,0,7,0,0,1,32768,0,SmartAI,,NULL,42
81199,732,Murloc Lurker,NULL,0,12,12,-9926.5,-1141.09,23.173,6.08998,300,5,1,0,0,0,9,10,18,0,0,7,0,0,1,32768,0,SmartAI,,NULL,42
81200,732,Murloc Lurker,NULL,0,12,12,-9888.62,-1138,26.7575,1.42128,300,5,1,0,0,0,9,10,18,0,0,7,0,0,1,32768,0,SmartAI,,NULL,42
81201,46,Murloc Forager,,0,12,12,-9928.74,-1129.88,23.6526,2.75762,300,0,0,0,0,0,9,10,18,0,0,7,0,0,1,32768,0,SmartAI,,NULL,58
81202,46,Murloc Forager,,0,12,12,-9920.11,-1123.17,24.7945,0.640891,300,5,1,0,0,0,9,10,18,0,0,7,0,0,1,32768,0,SmartAI,,NULL,58
81203,46,Murloc Forager,,0,12,12,-9911.07,-1145.65,23.7459,4.59022,300,0,0,0,0,0,9,10,18,0,0,7,0,0,1,32768,0,SmartAI,,NULL,58
81204,732,Murloc Lurker,NULL,0,12,12,-9907.11,-1144.85,24.0525,5.0091,300,0,0,0,0,0,9,10,18,0,0,7,0,0,1,32768,0,SmartAI,,NULL,42
81205,46,Murloc Forager,,0,12,12,-9928.98,-1156.71,22.2152,3.42085,300,0,0,0,0,0,9,10,18,0,0,7,0,0,1,32768,0,SmartAI,,NULL,58
81206,732,Murloc Lurker,NULL,0,12,12,-9928.25,-1163.1,21.2383,5.2709,300,0,0,0,0,0,9,10,18,0,0,7,0,0,1,32768,0,SmartAI,,NULL,42
81207,46,Murloc Forager,,0,12,12,-9904.07,-1107.86,27.1617,4.83965,300,5,1,0,0,0,9,10,18,0,0,7,0,0,1,32768,0,SmartAI,,NULL,58
81208,732,Murloc Lurker,NULL,0,12,12,-9892.94,-1112.79,28.7231,3.19841,300,5,1,0,0,0,9,10,18,0,0,7,0,0,1,32768,0,SmartAI,,NULL,42
81209,732,Murloc Lurker,NULL,0,12,12,-9839.48,-1191.06,34.0365,5.19787,300,5,1,0,0,0,9,10,18,0,0,7,0,0,1,32768,0,SmartAI,,NULL,42
81210,732,Murloc Lurker,NULL,0,12,12,-9913.96,-1223.62,24.942,4.7692,300,5,1,0,0,0,9,10,18,0,0,7,0,0,1,32768,0,SmartAI,,NULL,42
81211,732,Murloc Lurker,NULL,0,12,12,-9918.14,-1240.02,25.0181,5.31991,300,5,1,0,0,0,9,10,18,0,0,7,0,0,1,32768,0,SmartAI,,NULL,42
81212,732,Murloc Lurker,NULL,0,12,12,-9940.03,-1134.11,21.2883,3.56047,300,0,0,0,0,0,9,10,18,0,0,7,0,0,1,32768,0,SmartAI,,NULL,42
81213,46,Murloc Forager,,0,12,12,-9933.19,-1164.35,20.9409,4.45059,300,0,0,0,0,0,9,10,18,0,0,7,0,0,1,32768,0,SmartAI,,NULL,58
81214,732,Murloc Lurker,NULL,0,12,12,-9950.56,-1278.84,26.5787,0.129198,300,5,1,0,0,0,9,10,18,0,0,7,0,0,1,32768,0,SmartAI,,NULL,42
81215,883,Deer,,0,12,12,-9889.3,-1277.78,33.571,4.58303,300,15,1,0,0,0,5,5,31,0,0,8,0,0,1,0,66,,,NULL,45
81216,118,Prowler,NULL,0,12,12,-9879.71,-1312.79,36.2718,0.686708,300,15,1,0,0,0,9,10,38,0,0,1,1,1,1,0,0,,,NULL,83
81217,118,Prowler,NULL,0,12,12,-9823.18,-1266.35,35.3476,3.78431,300,15,1,0,0,0,9,10,38,0,0,1,1,1,1,0,0,,,NULL,83
81218,118,Prowler,NULL,0,12,12,-9808.33,-1258.78,35.7617,4.61773,300,15,1,0,0,0,9,10,38,0,0,1,1,1,1,0,0,,,NULL,83
81219,118,Prowler,NULL,0,12,798,-9818.11,-1269.33,35.6951,5.96757,300,15,1,0,0,0,9,10,38,0,0,1,1,1,1,0,0,,,NULL,83
81220,118,Prowler,NULL,0,12,798,-9796.5,-1260.63,35.2682,3.07178,300,15,1,0,0,0,9,10,38,0,0,1,1,1,1,0,0,,,NULL,83
81221,118,Prowler,NULL,0,12,12,-9849.88,-1286.07,35.8665,4.96037,300,15,1,0,0,0,9,10,38,0,0,1,1,1,1,0,0,,,NULL,83
81222,732,Murloc Lurker,NULL,0,12,12,-9958.81,-1342.6,25.6964,3.94633,300,5,1,0,0,0,9,10,18,0,0,7,0,0,1,32768,0,SmartAI,,NULL,42
81223,118,Prowler,NULL,0,12,798,-9886.52,-1367.22,33.7042,0.86831,300,15,1,0,0,0,9,10,38,0,0,1,1,1,1,0,0,,,NULL,83
81224,118,Prowler,NULL,0,12,12,-9918.8,-1345.62,30.7832,2.43468,300,15,1,0,0,0,9,10,38,0,0,1,1,1,1,0,0,,,NULL,83
81227,732,Murloc Lurker,NULL,0,12,12,-9944.75,-1407.46,25.5433,4.84663,300,5,1,0,0,0,9,10,18,0,0,7,0,0,1,32768,0,SmartAI,,NULL,42
81228,118,Prowler,NULL,0,12,798,-9858.83,-1415.5,37.6797,1.61578,300,15,1,0,0,0,9,10,38,0,0,1,1,1,1,0,0,,,NULL,83
81229,1423,Stormwind Guard,,0,12,798,-9767.03,-1368.88,59.0108,0.890118,300,0,0,0,0,0,22,25,11,1,0,7,0,0,0,32768,32832,,,NULL,38
81230,118,Prowler,NULL,0,12,798,-9764.02,-1261.39,45.7955,0.319911,300,15,1,0,0,0,9,10,38,0,0,1,1,1,1,0,0,,,NULL,83
81231,118,Prowler,NULL,0,12,798,-9749.64,-1251.38,46.8563,2.09542,300,15,1,0,0,0,9,10,38,0,0,1,1,1,1,0,0,,,NULL,83
81232,118,Prowler,NULL,0,12,798,-9742.63,-1292.56,47.5727,4.08374,300,15,1,0,0,0,9,10,38,0,0,1,1,1,1,0,0,,,NULL,83
81233,1423,Stormwind Guard,,0,12,798,-9755.07,-1377.19,59.2102,1.0472,300,0,0,0,0,0,22,25,11,1,0,7,0,0,0,32768,32832,,,NULL,38
81234,118,Prowler,NULL,0,12,798,-9726.09,-1304.14,49.2229,1.49058,300,15,1,0,0,0,9,10,38,0,0,1,1,1,1,0,0,,,NULL,83
81236,2442,Cow,,0,12,798,-9725.36,-1241.31,50.6461,4.66697,300,15,1,0,0,0,5,5,190,0,0,8,0,0,1,0,64,,,NULL,46
81237,118,Prowler,NULL,0,12,12,-9702.8,-1207.45,52.0275,3.05359,300,15,1,0,0,0,9,10,38,0,0,1,1,1,1,0,0,,,NULL,83
81238,278,Sara Timberlain,NULL,0,12,88,-9531.76,-1222.42,47.8379,5.35816,300,0,0,0,0,0,5,5,12,2,0,7,0,0,0,512,66,,,NULL,1
81239,1103,Eldrin,Tailoring Trainer,0,12,88,-9537.24,-1214.05,48.2341,4.90438,300,0,0,0,0,0,22,22,12,81,0,7,0,0,0,512,66,,,NULL,1
81240,620,Chicken,,0,12,88,-9507.4,-1209.39,47.8715,3.73257,300,10,1,0,0,0,1,1,31,2,0,8,0,0,1,0,66,,npc_chicken_cluck,NULL,20
81241,620,Chicken,,0,12,88,-9504.65,-1217.94,47.3471,1.73711,300,10,1,0,0,0,1,1,31,2,0,8,0,0,1,0,66,,npc_chicken_cluck,NULL,20
81242,620,Chicken,,0,12,88,-9475.52,-1161.98,50.9518,4.90971,300,0,0,0,0,0,1,1,31,2,0,8,0,0,1,0,66,,npc_chicken_cluck,NULL,20
81243,620,Chicken,,0,12,88,-9472.75,-1179.3,49.3829,3.86421,300,10,1,0,0,0,1,1,31,2,0,8,0,0,1,0,66,,npc_chicken_cluck,NULL,20
81244,620,Chicken,,0,12,88,-9480.22,-1159.73,50.8268,0.586483,300,10,1,0,0,0,1,1,31,2,0,8,0,0,1,0,66,,npc_chicken_cluck,NULL,20
81245,620,Chicken,,0,12,88,-9471.61,-1157.88,51.5768,5.19697,300,0,0,0,0,0,1,1,31,2,0,8,0,0,1,0,66,,npc_chicken_cluck,NULL,20
81246,620,Chicken,,0,12,88,-9478.55,-1166.22,50.4518,4.10283,300,0,0,0,0,0,1,1,31,2,0,8,0,0,1,0,66,,npc_chicken_cluck,NULL,20
81247,13159,James Clark,NULL,0,12,88,-9491.77,-1193.42,49.5782,2.0547,300,0,0,0,0,0,12,12,7,0,0,7,0,0,0,32768,0,,,NULL,1
81249,11328,Eastvale Peasant,NULL,0,12,88,-9512.16,-1284.19,44.3192,2.99859,300,0,2,0,0,0,6,7,12,0,0,7,0,0,1,0,2,,,6499920,5
81250,11328,Eastvale Peasant,NULL,0,12,88,-9508.8,-1280.82,43.8932,6.00732,300,0,2,0,0,0,6,7,12,0,0,7,0,0,1,0,2,,,6500000,5
81251,10616,Supervisor Raelen,NULL,0,12,88,-9469.79,-1289.22,41.1855,3.24631,300,0,0,0,0,0,15,15,123,2,0,7,0,0,0,0,66,SmartAI,,NULL,1
81252,11328,Eastvale Peasant,NULL,0,12,88,-9535.3,-1304.7,44.702,5.26945,300,0,2,0,0,0,6,7,12,0,0,7,0,0,1,0,2,,,6500160,5
81253,883,Deer,,0,12,88,-9427.67,-1269.96,48.413,1.05819,300,15,1,0,0,0,5,5,31,0,0,8,0,0,1,0,66,,,NULL,45
81254,883,Deer,,0,12,88,-9437.19,-1254.12,48.4532,2.48021,300,15,1,0,0,0,5,5,31,0,0,8,0,0,1,0,66,,,NULL,45
81255,890,Fawn,NULL,0,12,88,-9435.76,-1255.18,48.5311,2.51561,300,10,1,0,0,0,1,1,31,0,0,8,0,0,1,0,66,,,NULL,13
81256,620,Chicken,,0,12,88,-9456.54,-1160.68,52.9803,4.11778,300,0,0,0,0,0,1,1,31,2,0,8,0,0,1,0,66,,npc_chicken_cluck,NULL,20
81257,1975,Eastvale Lumberjack,NULL,0,12,88,-9400.75,-1336.92,50.0274,0.131568,300,0,2,0,0,0,7,8,11,0,0,7,0,0,1,0,0,,,6500560,3
81258,118,Prowler,NULL,0,12,88,-9382.17,-1205.15,61.8498,2.76029,300,15,1,0,0,0,9,10,38,0,0,1,1,1,1,0,0,,,NULL,83
81259,1975,Eastvale Lumberjack,NULL,0,12,88,-9403.85,-1331.02,50.0274,4.35244,300,5,1,0,0,0,7,8,11,0,0,7,0,0,1,0,0,,,NULL,3
81260,118,Prowler,NULL,0,12,88,-9391.29,-1185.1,62.3641,5.77619,300,15,1,0,0,0,9,10,38,0,0,1,1,1,1,0,0,,,NULL,83
81261,118,Prowler,NULL,0,12,88,-9342.08,-1324.49,62.3897,1.18321,300,15,1,0,0,0,9,10,38,0,0,1,1,1,1,0,0,,,NULL,83
81262,118,Prowler,NULL,0,12,88,-9345.57,-1241.07,66.1845,2.2482,300,15,1,0,0,0,9,10,38,0,0,1,1,1,1,0,0,,,NULL,83
81263,2442,Cow,,0,12,86,-9297.62,-1240.56,69.0536,2.19739,300,15,1,0,0,0,5,5,190,0,0,8,0,0,1,0,64,,,NULL,46
81265,118,Prowler,NULL,0,12,88,-9367.15,-1161.51,65.4592,5.13495,300,15,1,0,0,0,9,10,38,0,0,1,1,1,1,0,0,,,NULL,83
81266,2442,Cow,,0,12,86,-9358.52,-1160.69,65.1582,2.88179,300,15,1,0,0,0,5,5,190,0,0,8,0,0,1,0,64,,,NULL,46
81267,118,Prowler,NULL,0,12,88,-9347.92,-1192.06,66.678,3.41267,300,15,1,0,0,0,9,10,38,0,0,1,1,1,1,0,0,,,NULL,83
81269,732,Murloc Lurker,NULL,0,12,86,-9332.93,-1189.9,68.0493,3.4948,300,5,1,0,0,0,9,10,18,0,0,7,0,0,1,32768,0,SmartAI,,NULL,42
81270,46,Murloc Forager,,0,12,86,-9263.43,-1218.48,71.935,2.80998,300,0,0,0,0,0,9,10,18,0,0,7,0,0,1,32768,0,SmartAI,,NULL,58
81271,46,Murloc Forager,,0,12,86,-9255.84,-1215.61,72.5196,0.663225,300,0,0,0,0,0,9,10,18,0,0,7,0,0,1,32768,0,SmartAI,,NULL,58
81272,732,Murloc Lurker,NULL,0,12,86,-9244.18,-1211.99,72.5092,0.890118,300,0,0,0,0,0,9,10,18,0,0,7,0,0,1,32768,0,SmartAI,,NULL,42
81273,46,Murloc Forager,,0,12,86,-9217.6,-1229.03,72.6829,1.85005,300,0,0,0,0,0,9,10,18,0,0,7,0,0,1,32768,0,SmartAI,,NULL,58
81274,732,Murloc Lurker,NULL,0,12,86,-9219.07,-1220.05,70.9714,4.83965,300,5,1,0,0,0,9,10,18,0,0,7,0,0,1,32768,0,SmartAI,,NULL,42
81275,732,Murloc Lurker,NULL,0,12,86,-9254.7,-1232.84,73.6074,1.3357,300,5,1,0,0,0,9,10,18,0,0,7,0,0,1,32768,0,SmartAI,,NULL,42
81276,46,Murloc Forager,,0,12,86,-9244.01,-1221.57,73.3574,5.68404,300,5,1,0,0,0,9,10,18,0,0,7,0,0,1,32768,0,SmartAI,,NULL,58
81277,46,Murloc Forager,,0,12,86,-9229.57,-1199.44,67.7157,1.13446,300,0,0,0,0,0,9,10,18,0,0,7,0,0,1,32768,0,SmartAI,,NULL,58
81278,46,Murloc Forager,,0,12,86,-9250.76,-1186.95,68.3633,1.07394,300,5,1,0,0,0,9,10,18,0,0,7,0,0,1,32768,0,SmartAI,,NULL,58
81279,46,Murloc Forager,,0,12,86,-9239.36,-1187.58,69.2406,0.785398,300,0,0,0,0,0,9,10,18,0,0,7,0,0,1,32768,0,SmartAI,,NULL,58
81280,732,Murloc Lurker,NULL,0,12,86,-9283,-1165.4,69.5297,1.5708,300,0,0,0,0,0,9,10,18,0,0,7,0,0,1,32768,0,SmartAI,,NULL,42
81281,732,Murloc Lurker,NULL,0,12,86,-9278.78,-1180.12,70.8333,0.477805,300,5,1,0,0,0,9,10,18,0,0,7,0,0,1,32768,0,SmartAI,,NULL,42
81282,732,Murloc Lurker,NULL,0,12,86,-9274.1,-1174.41,70.2011,0.009661,300,5,1,0,0,0,9,10,18,0,0,7,0,0,1,32768,0,SmartAI,,NULL,42
81283,46,Murloc Forager,,0,12,86,-9212.75,-1203.99,66.0998,2.82743,300,5,1,0,0,0,9,10,18,0,0,7,0,0,1,32768,0,SmartAI,,NULL,58
81284,732,Murloc Lurker,NULL,0,12,86,-9212.07,-1229.33,72.9972,1.46608,300,0,0,0,0,0,9,10,18,0,0,7,0,0,1,32768,0,SmartAI,,NULL,42
81285,46,Murloc Forager,,0,12,86,-9191.33,-1218.33,69.6672,1.5708,300,5,1,0,0,0,9,10,18,0,0,7,0,0,1,32768,0,SmartAI,,NULL,58
81286,46,Murloc Forager,,0,12,86,-9194.58,-1214.87,68.4347,1.0821,300,0,0,0,0,0,9,10,18,0,0,7,0,0,1,32768,0,SmartAI,,NULL,58
81287,732,Murloc Lurker,NULL,0,12,86,-9173.47,-1255.92,75.3774,5.46812,300,5,1,0,0,0,9,10,18,0,0,7,0,0,1,32768,0,SmartAI,,NULL,42
81288,732,Murloc Lurker,NULL,0,12,86,-9242.25,-1160.93,63.4762,1.69297,300,0,0,0,0,0,9,10,18,0,0,7,0,0,1,32768,0,SmartAI,,NULL,42
81289,732,Murloc Lurker,NULL,0,12,86,-9231.14,-1188.27,65.2443,3.47321,300,0,0,0,0,0,9,10,18,0,0,7,0,0,1,32768,0,SmartAI,,NULL,42
81290,732,Murloc Lurker,NULL,0,12,86,-9255.98,-1161.28,65.3492,1.58825,300,0,0,0,0,0,9,10,18,0,0,7,0,0,1,32768,0,SmartAI,,NULL,42
81291,732,Murloc Lurker,NULL,0,12,86,-9303.92,-1121.99,69.0745,2.38673,300,0,0,0,0,0,9,10,18,0,0,7,0,0,1,32768,0,SmartAI,,NULL,42
81292,46,Murloc Forager,,0,12,86,-9113.98,-1222.37,66.5227,0.149231,300,5,1,0,0,0,9,10,18,0,0,7,0,0,1,32768,0,SmartAI,,NULL,58
81293,1933,Sheep,,0,12,86,-9151.74,-1260.64,77.1783,0.596842,300,15,1,0,0,0,3,3,31,0,0,8,0,0,1,0,66,,,NULL,17
81294,474,Defias Rogue Wizard,NULL,0,12,86,-9135.67,-1143.14,70.741,1.51076,300,0,0,0,0,0,9,10,17,0,0,7,0,0,0,0,0,SmartAI,,NULL,28
81295,46,Murloc Forager,,0,12,86,-9049.59,-1220.96,69.3406,1.65806,300,0,0,0,0,0,9,10,18,0,0,7,0,0,1,32768,0,SmartAI,,NULL,58
81296,46,Murloc Forager,,0,12,86,-9055.24,-1222.39,69.4903,2.26893,300,0,0,0,0,0,9,10,18,0,0,7,0,0,1,32768,0,SmartAI,,NULL,58
81297,46,Murloc Forager,,0,12,86,-9036.39,-1212.15,65.7656,2.14675,300,0,0,0,0,0,9,10,18,0,0,7,0,0,1,32768,0,SmartAI,,NULL,58
81298,46,Murloc Forager,,0,12,86,-9043.74,-1219.15,68.4732,4.7338,300,5,1,0,0,0,9,10,18,0,0,7,0,0,1,32768,0,SmartAI,,NULL,58
81299,474,Defias Rogue Wizard,NULL,0,12,86,-9175.03,-1122.98,71.3228,2.17653,300,0,0,0,0,0,9,10,17,0,0,7,0,0,0,0,0,SmartAI,,NULL,28
81300,46,Murloc Forager,,0,12,86,-8986.67,-1251.84,76.292,5.71529,300,5,1,0,0,0,9,10,18,0,0,7,0,0,1,32768,0,SmartAI,,NULL,58
81301,46,Murloc Forager,,0,12,86,-8986.08,-1213.23,72.5967,5.37309,300,5,1,0,0,0,9,10,18,0,0,7,0,0,1,32768,0,SmartAI,,NULL,58
81302,46,Murloc Forager,,0,12,86,-9004.07,-1210.58,71.5857,5.735,300,5,1,0,0,0,9,10,18,0,0,7,0,0,1,32768,0,SmartAI,,NULL,58
81303,46,Murloc Forager,,0,12,86,-8989.47,-1223.1,73.4447,2.6529,300,0,0,0,0,0,9,10,18,0,0,7,0,0,1,32768,0,SmartAI,,NULL,58
81304,46,Murloc Forager,,0,12,86,-8986.83,-1218.47,72.988,2.56563,300,0,0,0,0,0,9,10,18,0,0,7,0,0,1,32768,0,SmartAI,,NULL,58
81305,46,Murloc Forager,,0,12,86,-9031.68,-1225.32,70.3526,3.37615,300,5,1,0,0,0,9,10,18,0,0,7,0,0,1,32768,0,SmartAI,,NULL,58
81306,46,Murloc Forager,,0,12,86,-9011.36,-1224.29,73.3099,3.14159,300,0,0,0,0,0,9,10,18,0,0,7,0,0,1,32768,0,SmartAI,,NULL,58
81307,732,Murloc Lurker,NULL,0,12,86,-9009.98,-1218.83,72.491,2.96706,300,0,0,0,0,0,9,10,18,0,0,7,0,0,1,32768,0,SmartAI,,NULL,42
81308,46,Murloc Forager,,0,12,86,-9010.67,-1239.99,74.3252,4.73973,300,5,1,0,0,0,9,10,18,0,0,7,0,0,1,32768,0,SmartAI,,NULL,58
81309,46,Murloc Forager,,0,12,86,-8970.37,-1200.56,71.982,2.63545,300,0,0,0,0,0,9,10,18,0,0,7,0,0,1,32768,0,SmartAI,,NULL,58
81310,732,Murloc Lurker,NULL,0,12,86,-9002.02,-1195.34,68.4495,1.93731,300,0,0,0,0,0,9,10,18,0,0,7,0,0,1,32768,0,SmartAI,,NULL,42
81311,474,Defias Rogue Wizard,NULL,0,12,86,-9065.2,-1131.12,70.5225,3.19828,300,0,0,0,0,0,9,10,17,0,0,7,0,0,0,0,0,SmartAI,,NULL,28
81312,732,Murloc Lurker,NULL,0,12,86,-8969.85,-1196.36,71.5524,2.1293,300,0,0,0,0,0,9,10,18,0,0,7,0,0,1,32768,0,SmartAI,,NULL,42
81313,46,Murloc Forager,,0,12,86,-8983.62,-1170.05,65.0869,2.68781,300,0,0,0,0,0,9,10,18,0,0,7,0,0,1,32768,0,SmartAI,,NULL,58
81314,732,Murloc Lurker,NULL,0,12,86,-8988.99,-1174.49,65.3495,1.62316,300,0,0,0,0,0,9,10,18,0,0,7,0,0,1,32768,0,SmartAI,,NULL,42
81315,46,Murloc Forager,,0,12,86,-8979.13,-1192.8,71.1776,0.117569,300,5,1,0,0,0,9,10,18,0,0,7,0,0,1,32768,0,SmartAI,,NULL,58
81316,46,Murloc Forager,,0,12,86,-8978.21,-1179.85,68.4297,0.978392,300,5,1,0,0,0,9,10,18,0,0,7,0,0,1,32768,0,SmartAI,,NULL,58
81317,732,Murloc Lurker,NULL,0,12,86,-8982.79,-1197.27,71.6175,4.25486,300,5,1,0,0,0,9,10,18,0,0,7,0,0,1,32768,0,SmartAI,,NULL,42
81318,46,Murloc Forager,,0,12,86,-8946.85,-1222.71,74.1843,2.39789,300,5,1,0,0,0,9,10,18,0,0,7,0,0,1,32768,0,SmartAI,,NULL,58
81319,46,Murloc Forager,,0,12,86,-8938.87,-1191.69,72.9322,6.03309,300,5,1,0,0,0,9,10,18,0,0,7,0,0,1,32768,0,SmartAI,,NULL,58
81320,474,Defias Rogue Wizard,NULL,0,12,86,-9037.58,-1103.8,70.9863,0.908968,300,0,0,0,0,0,9,10,17,0,0,7,0,0,0,0,0,SmartAI,,NULL,28
81321,46,Murloc Forager,,0,12,86,-8966.23,-1168.53,68.5689,3.61283,300,0,0,0,0,0,9,10,18,0,0,7,0,0,1,32768,0,SmartAI,,NULL,58
81322,46,Murloc Forager,,0,12,86,-8964.49,-1162.66,67.8175,2.56563,300,5,1,0,0,0,9,10,18,0,0,7,0,0,1,32768,0,SmartAI,,NULL,58
81323,732,Murloc Lurker,NULL,0,12,86,-8960.29,-1159.65,68.0321,2.05949,300,5,1,0,0,0,9,10,18,0,0,7,0,0,1,32768,0,SmartAI,,NULL,42
81324,46,Murloc Forager,,0,12,86,-8960.26,-1147.74,65.6319,3.22258,300,5,1,0,0,0,9,10,18,0,0,7,0,0,1,32768,0,SmartAI,,NULL,58
81325,46,Murloc Forager,,0,12,86,-8913.71,-1191.35,74.5667,5.07544,300,5,1,0,0,0,9,10,18,0,0,7,0,0,1,32768,0,SmartAI,,NULL,58
81326,118,Prowler,NULL,0,12,86,-8900.49,-1203.78,75.522,2.46677,300,15,1,0,0,0,9,10,38,0,0,1,1,1,1,0,0,,,NULL,83
81327,118,Prowler,NULL,0,12,86,-8885.71,-1153.22,75.7348,0.061243,300,15,1,0,0,0,9,10,38,0,0,1,1,1,1,0,0,,,NULL,83
81328,118,Prowler,NULL,0,12,86,-8874.94,-1075.41,74.5064,1.37189,300,15,1,0,0,0,9,10,38,0,0,1,1,1,1,0,0,,,NULL,83
81329,118,Prowler,NULL,0,12,86,-8878.34,-1122.72,75.9496,3.31027,300,15,1,0,0,0,9,10,38,0,0,1,1,1,1,0,0,,,NULL,83
81331,883,Deer,,0,12,86,-8853.55,-1130.57,76.1068,6.1582,300,15,1,0,0,0,5,5,31,0,0,8,0,0,1,0,66,,,NULL,45
81332,118,Prowler,NULL,0,12,86,-8858.06,-1073.32,75.7669,4.52797,300,15,1,0,0,0,9,10,38,0,0,1,1,1,1,0,0,,,NULL,83
81333,118,Prowler,NULL,0,12,86,-8876.15,-1021.54,74.2623,0.93508,300,15,1,0,0,0,9,10,38,0,0,1,1,1,1,0,0,,,NULL,83
81334,118,Prowler,NULL,0,12,86,-8874,-1049.13,74.9767,3.53548,300,15,1,0,0,0,9,10,38,0,0,1,1,1,1,0,0,,,NULL,83
81335,118,Prowler,NULL,0,12,86,-8803.55,-1081.96,76.8271,5.23372,300,15,1,0,0,0,9,10,38,0,0,1,1,1,1,0,0,,,NULL,83
81336,118,Prowler,NULL,0,12,86,-8821.57,-1019.76,75.9927,5.12453,300,15,1,0,0,0,9,10,38,0,0,1,1,1,1,0,0,,,NULL,83
81337,118,Prowler,NULL,0,12,86,-8809.61,-1035.06,75.5801,4.63217,300,15,1,0,0,0,9,10,38,0,0,1,1,1,1,0,0,,,NULL,83
81339,46,Murloc Forager,,0,12,86,-9283.11,-1220.16,69.9581,4.98484,300,0,0,0,0,0,9,10,18,0,0,7,0,0,1,32768,0,SmartAI,,NULL,58
81340,732,Murloc Lurker,NULL,0,12,86,-9269.89,-1181.11,70.615,1.97222,300,0,0,0,0,0,9,10,18,0,0,7,0,0,1,32768,0,SmartAI,,NULL,42
81341,118,Prowler,NULL,0,12,88,-9321.02,-1352.16,67.5302,3.27273,300,15,1,0,0,0,9,10,38,0,0,1,1,1,1,0,0,,,NULL,83
81343,385,Horse,,0,12,88,-9415.83,-1361.95,50.6943,0.558505,300,0,0,0,0,0,5,5,35,0,0,8,0,0,1,0,66,,,NULL,1
81344,1650,Terry Palin,Lumberjack,0,12,88,-9404.85,-1343.52,50.1107,2.46091,300,0,0,0,0,0,11,11,12,128,0,7,0,0,0,512,66,,,NULL,1
81345,1975,Eastvale Lumberjack,NULL,0,12,88,-9411.29,-1347.18,50.0279,1.65702,300,5,1,0,0,0,7,8,11,0,0,7,0,0,1,0,0,,,NULL,3
81346,1198,Rallic Finn,Bowyer,0,12,88,-9469.28,-1355.24,47.4289,1.02974,300,0,0,0,0,0,18,18,12,4480,0,7,0,0,0,512,66,,,NULL,1
81347,1250,Drake Lindgren,General & Trade Supplies,0,12,88,-9483.1,-1356.25,47.041,0.767945,300,0,0,0,0,0,10,10,12,384,0,7,0,0,0,512,66,,,NULL,1
81348,11328,Eastvale Peasant,NULL,0,12,88,-9529.32,-1323.67,45.8948,2.70969,300,0,2,0,0,0,6,7,12,0,0,7,0,0,1,0,2,,,6507840,5
81349,11328,Eastvale Peasant,NULL,0,12,88,-9485.32,-1313.51,41.17,0.755021,300,0,2,0,0,0,6,7,12,0,0,7,0,0,1,0,2,,,6507920,5
81350,721,Rabbit,,0,12,88,-9551.55,-1338.64,48.5237,1.41608,300,15,1,0,0,0,1,1,31,0,0,8,0,0,1,0,66,,,NULL,94
81351,118,Prowler,NULL,0,12,798,-9747.78,-1252.35,47.3221,5.47825,300,15,1,0,0,0,9,10,38,0,0,1,1,1,1,0,0,,,NULL,83
81352,118,Prowler,NULL,0,12,12,-9784.21,-1215.5,39.3283,2.42258,300,15,1,0,0,0,9,10,38,0,0,1,1,1,1,0,0,,,NULL,83
81353,118,Prowler,NULL,0,12,12,-9855.01,-1212.3,32.9815,1.62749,300,15,1,0,0,0,9,10,38,0,0,1,1,1,1,0,0,,,NULL,83
81354,46,Murloc Forager,,0,12,12,-9943.45,-1087.18,21.4983,0,300,0,0,0,0,0,9,10,18,0,0,7,0,0,1,32768,0,SmartAI,,NULL,58
81355,46,Murloc Forager,,0,12,12,-9940.72,-1111.85,22.2972,1.85005,300,0,0,0,0,0,9,10,18,0,0,7,0,0,1,32768,0,SmartAI,,NULL,58
81356,46,Murloc Forager,,0,12,12,-9928.72,-1097.6,24.0897,2.89725,300,0,0,0,0,0,9,10,18,0,0,7,0,0,1,32768,0,SmartAI,,NULL,58
81357,732,Murloc Lurker,NULL,0,12,12,-9930.98,-1100.81,23.881,2.77507,300,0,0,0,0,0,9,10,18,0,0,7,0,0,1,32768,0,SmartAI,,NULL,42
81358,46,Murloc Forager,,0,12,62,-9913.13,-1058.6,25.3447,4.38447,300,0,0,0,0,0,9,10,18,0,0,7,0,0,1,32768,0,SmartAI,,NULL,58
81359,118,Prowler,NULL,0,12,12,-9911.79,-1443.38,29.5497,4.45026,300,15,1,0,0,0,9,10,38,0,0,1,1,1,1,0,0,,,NULL,83
81360,883,Deer,,0,12,12,-9877.48,-1482.56,30.4505,3.29068,300,15,1,0,0,0,5,5,31,0,0,8,0,0,1,0,66,,,NULL,45
81361,118,Prowler,NULL,0,12,798,-9882.43,-1437.78,33.9574,0.025385,300,15,1,0,0,0,9,10,38,0,0,1,1,1,1,0,0,,,NULL,83
81362,1423,Stormwind Guard,,0,12,798,-9776.48,-1383.62,62.9761,3.24447,300,0,2,0,0,0,22,25,11,1,0,7,0,0,0,32768,32832,,,6508960,38
81363,1423,Stormwind Guard,,0,12,798,-9784.8,-1397.47,62.982,0.191986,300,0,0,0,0,0,22,25,11,1,0,7,0,0,0,32768,32832,,,0,38
81364,1423,Stormwind Guard,,0,12,798,-9781.87,-1405.95,62.9875,1.11701,300,0,0,0,0,0,22,25,11,1,0,7,0,0,0,32768,32832,,,NULL,38
81365,1423,Stormwind Guard,,0,12,798,-9776.6,-1394.83,98.0706,1.01229,300,0,2,0,0,0,22,25,11,1,0,7,0,0,0,32768,32832,,,6509200,38
81367,118,Prowler,NULL,0,12,798,-9776.74,-1487.88,45.9843,2.04754,300,15,1,0,0,0,9,10,38,0,0,1,1,1,1,0,0,,,NULL,83
81368,118,Prowler,NULL,0,12,798,-9731.2,-1489.2,49.5855,2.70978,300,15,1,0,0,0,9,10,38,0,0,1,1,1,1,0,0,,,NULL,83
81369,883,Deer,,0,12,88,-9607.57,-1482,59.2828,5.61917,300,15,1,0,0,0,5,5,31,0,0,8,0,0,1,0,66,,,NULL,45
81370,890,Fawn,NULL,0,12,88,-9605.88,-1483.36,59.2828,5.6051,300,10,1,0,0,0,1,1,31,0,0,8,0,0,1,0,66,,,NULL,13
81371,2442,Cow,,0,12,88,-9581.54,-1477.2,59.9866,2.31334,300,15,1,0,0,0,5,5,190,0,0,8,0,0,1,0,64,,,NULL,46
81372,118,Prowler,NULL,0,12,88,-9613.17,-1446.79,57.4714,2.94586,300,15,1,0,0,0,9,10,38,0,0,1,1,1,1,0,0,,,NULL,83
81373,118,Prowler,NULL,0,12,88,-9605.83,-1374.21,54.5594,0.846838,300,15,1,0,0,0,9,10,38,0,0,1,1,1,1,0,0,,,NULL,83
81374,721,Rabbit,,0,12,88,-9594.44,-1419.28,57.893,2.9891,300,15,1,0,0,0,1,1,31,0,0,8,0,0,1,0,66,,,NULL,94
81375,118,Prowler,NULL,0,12,88,-9608.56,-1519.68,59.917,2.31754,300,15,1,0,0,0,9,10,38,0,0,1,1,1,1,0,0,,,NULL,83
81376,118,Prowler,NULL,0,12,88,-9524.04,-1496.84,62.1365,6.16368,300,15,1,0,0,0,9,10,38,0,0,1,1,1,1,0,0,,,NULL,83
81377,118,Prowler,NULL,0,12,88,-9468.57,-1479.81,62.2559,0.283826,300,15,1,0,0,0,9,10,38,0,0,1,1,1,1,0,0,,,NULL,83
81378,118,Prowler,NULL,0,12,88,-9526.95,-1542.21,61.1686,6.24524,300,15,1,0,0,0,9,10,38,0,0,1,1,1,1,0,0,,,NULL,83
81380,2442,Cow,,0,12,88,-9463.51,-1480.15,62.4794,5.45494,300,15,1,0,0,0,5,5,190,0,0,8,0,0,1,0,64,,,NULL,46
81382,721,Rabbit,,0,12,88,-9508.8,-1387.43,52.2712,1.68259,300,15,1,0,0,0,1,1,31,0,0,8,0,0,1,0,66,,,NULL,94
81383,2442,Cow,,0,12,88,-9447.9,-1460.88,60.9057,4.19369,300,15,1,0,0,0,5,5,190,0,0,8,0,0,1,0,64,,,NULL,46
81384,118,Prowler,NULL,0,12,88,-9579.87,-1544.08,60.4951,0.461899,300,15,1,0,0,0,9,10,38,0,0,1,1,1,1,0,0,,,NULL,83
81385,14561,Swift Brown Steed,,0,12,88,-9444.04,-1412.16,46.9049,1.72788,300,0,0,0,0,0,1,2,35,0,0,1,0,0,0,0,2,,,NULL,1
81387,118,Prowler,NULL,0,12,88,-9415.21,-1510.45,69.0401,6.02681,300,15,1,0,0,0,9,10,38,0,0,1,1,1,1,0,0,,,NULL,83
81388,14560,Swift White Steed,,0,12,88,-9438.08,-1411.84,47.0352,1.65806,300,0,0,0,0,0,1,2,35,0,0,1,0,0,0,0,2,,,NULL,1
81389,4732,Randal Hunter,Riding Trainer,0,12,88,-9441.02,-1391.25,46.8758,2.21657,300,0,0,0,0,0,10,10,12,83,0,7,0,0,0,512,66,,,NULL,1
81390,12375,Chestnut Mare,,0,12,88,-9438.26,-1405.13,47.0492,4.74729,300,0,0,0,0,0,1,2,35,0,0,1,0,0,0,0,2,,,NULL,1
81391,14559,Swift Palomino,,0,12,88,-9456.64,-1386.59,47.1554,1.39626,300,0,0,0,0,0,1,2,35,0,0,1,0,0,0,0,2,,,NULL,1
81392,12376,Brown Horse,,0,12,88,-9432.75,-1389.03,46.7454,0.523599,300,0,0,0,0,0,1,2,35,0,0,1,0,0,0,0,2,,,NULL,1
81393,384,Katie Hunter,Horse Breeder,0,12,88,-9455.37,-1385.33,47.2098,1.41372,300,0,0,0,0,0,10,10,12,129,0,7,0,0,0,512,66,,,NULL,1
81394,5405,Pinto,,0,12,88,-9440.48,-1379.6,46.9932,1.06465,300,0,0,0,0,0,1,2,35,2,0,1,0,0,0,0,2,,,NULL,1
81395,118,Prowler,NULL,0,12,88,-9373.73,-1416.8,63.4678,0.364781,300,15,1,0,0,0,9,10,38,0,0,1,1,1,1,0,0,,,NULL,83
81396,118,Prowler,NULL,0,12,88,-9374,-1415.6,63.3606,0.058258,300,15,1,0,0,0,9,10,38,0,0,1,1,1,1,0,0,,,NULL,83
81398,118,Prowler,NULL,0,12,88,-9425.13,-1461.9,62.1602,6.05852,300,15,1,0,0,0,9,10,38,0,0,1,1,1,1,0,0,,,NULL,83
81399,118,Prowler,NULL,0,12,88,-9388.42,-1450.43,62.0706,0.865909,300,15,1,0,0,0,9,10,38,0,0,1,1,1,1,0,0,,,NULL,83
81400,118,Prowler,NULL,0,12,88,-9356.79,-1399.67,63.4195,4.33877,300,15,1,0,0,0,9,10,38,0,0,1,1,1,1,0,0,,,NULL,83
81401,118,Prowler,NULL,0,12,88,-9357.34,-1446.03,66.0512,4.37944,300,15,1,0,0,0,9,10,38,0,0,1,1,1,1,0,0,,,NULL,83
81402,118,Prowler,NULL,0,12,88,-9510.46,-1525.95,61.0687,6.15949,300,15,1,0,0,0,9,10,38,0,0,1,1,1,1,0,0,,,NULL,83
81404,294,Marshal Haggard,NULL,0,12,88,-9545.33,-1401.1,54.1478,3.14159,300,0,0,0,0,0,20,20,12,2,0,7,0,0,0,512,66,,,NULL,1
81405,1933,Sheep,,0,12,12,-9636.88,-1566.36,54.4672,1.74828,300,15,1,0,0,0,3,3,31,0,0,8,0,0,1,0,66,,,NULL,17
81406,118,Prowler,NULL,0,12,798,-9752.26,-1514.08,48.6527,2.84506,300,15,1,0,0,0,9,10,38,0,0,1,1,1,1,0,0,,,NULL,83
81408,118,Prowler,NULL,0,12,798,-9731.11,-1545.96,51.5272,3.15722,300,15,1,0,0,0,9,10,38,0,0,1,1,1,1,0,0,,,NULL,83
81409,118,Prowler,NULL,0,12,12,-9675.52,-1575.58,56.1217,1.03494,300,15,1,0,0,0,9,10,38,0,0,1,1,1,1,0,0,,,NULL,83
81410,116,Defias Bandit,NULL,0,12,798,-9749.66,-1548.18,49.4051,1.96652,300,5,1,0,0,0,8,9,17,0,0,7,0,0,1,0,0,SmartAI,,NULL,47
81411,6093,Dead-Tooth Jack,NULL,0,12,12,-9768.74,-1566.18,41.624,4.08065,300,0,0,0,0,0,11,11,17,0,0,7,0,0,1,0,0,,,NULL,1
81412,116,Defias Bandit,NULL,0,12,12,-9772.73,-1560.21,41.749,2.83708,300,5,1,0,0,0,8,9,17,0,0,7,0,0,1,0,0,SmartAI,,NULL,47
81413,116,Defias Bandit,NULL,0,12,12,-9791.75,-1547.16,41.374,4.45129,300,5,1,0,0,0,8,9,17,0,0,7,0,0,1,0,0,SmartAI,,NULL,47
81414,721,Rabbit,,0,12,798,-9787.44,-1514.48,43.8762,2.65784,300,15,1,0,0,0,1,1,31,0,0,8,0,0,1,0,66,,,NULL,94
81415,116,Defias Bandit,NULL,0,12,12,-9776.18,-1574.37,41.901,5.04337,300,5,1,0,0,0,8,9,17,0,0,7,0,0,1,0,0,SmartAI,,NULL,47
81416,116,Defias Bandit,NULL,0,12,12,-9795.13,-1567.43,38.526,2.41517,300,5,1,0,0,0,8,9,17,0,0,7,0,0,1,0,0,SmartAI,,NULL,47
81417,118,Prowler,NULL,0,12,798,-9833.56,-1498.16,39.492,5.59045,300,15,1,0,0,0,9,10,38,0,0,1,1,1,1,0,0,,,NULL,83
81419,883,Deer,,0,12,12,-9805.59,-1541.31,40.3322,6.15592,300,15,1,0,0,0,5,5,31,0,0,8,0,0,1,0,66,,,NULL,45
81420,118,Prowler,NULL,0,12,798,-9820.66,-1505,40.5888,0.444419,300,15,1,0,0,0,9,10,38,0,0,1,1,1,1,0,0,,,NULL,83
81421,890,Fawn,NULL,0,12,12,-9807.92,-1541.02,40.113,6.10456,300,0,0,0,0,0,1,1,31,0,0,8,0,0,1,0,66,,,NULL,13
81422,732,Murloc Lurker,NULL,0,12,12,-9887.5,-1537.5,22.5285,2.81629,300,0,0,0,0,0,9,10,18,0,0,7,0,0,1,32768,0,SmartAI,,NULL,42
81423,116,Defias Bandit,NULL,0,12,12,-9749.8,-1586.18,48.6593,1.64448,300,5,1,0,0,0,8,9,17,0,0,7,0,0,1,0,0,SmartAI,,NULL,47
81424,116,Defias Bandit,NULL,0,12,12,-9790.91,-1586.84,40.7193,2.51969,300,5,1,0,0,0,8,9,17,0,0,7,0,0,1,0,0,SmartAI,,NULL,47
81425,732,Murloc Lurker,NULL,0,12,12,-9847.17,-1585.42,26.01,3.73906,300,0,0,0,0,0,9,10,18,0,0,7,0,0,1,32768,0,SmartAI,,NULL,42
81426,118,Prowler,NULL,0,12,12,-9825.49,-1581.31,29.7112,0.382879,300,15,1,0,0,0,9,10,38,0,0,1,1,1,1,0,0,,,NULL,83
81427,116,Defias Bandit,NULL,0,12,12,-9770.28,-1595.36,44.651,1.59509,300,5,1,0,0,0,8,9,17,0,0,7,0,0,1,0,0,SmartAI,,NULL,47
81428,732,Murloc Lurker,NULL,0,12,12,-9845.01,-1645.12,23.4972,1.05864,300,0,0,0,0,0,9,10,18,0,0,7,0,0,1,32768,0,SmartAI,,NULL,42
81429,118,Prowler,NULL,0,12,12,-9786.59,-1634.23,40.9229,3.6847,300,15,1,0,0,0,9,10,38,0,0,1,1,1,1,0,0,,,NULL,83
81430,118,Prowler,NULL,0,12,12,-9738.35,-1606.07,49.6782,2.72588,300,15,1,0,0,0,9,10,38,0,0,1,1,1,1,0,0,,,NULL,83
81431,118,Prowler,NULL,0,12,88,-9541.45,-1486.06,60.6541,5.88647,300,15,1,0,0,0,9,10,38,0,0,1,1,1,1,0,0,,,NULL,83
84587,6927,Defias Dockworker,NULL,0,12,797,-9958.02,-155.297,22.3585,5.67327,300,0,2,0,0,0,8,9,17,0,0,7,0,0,1,0,0,SmartAI,,6766960,3
85381,24484,Brewfest Reveler,,0,12,12,-9129.28,362.629,92.3738,4.11774,300,0,0,0,0,0,50,50,775,0,0,7,0,0,0,768,66,,npc_brewfest_reveler,0,10
85710,23537,Headless Horseman - Fire (DND),,0,12,12,-9328.25,56.2778,63.2509,2.60054,300,0,0,0,0,0,65,70,14,0,0,10,0,0,0,33554432,130,,,NULL,3
85711,23537,Headless Horseman - Fire (DND),,0,12,12,-9314.1,52.4562,77.7343,2.93215,300,0,0,0,0,0,65,70,14,0,0,10,0,0,0,33554432,130,,,NULL,3
85713,23686,Headless Horseman Flame Bunny,,0,12,87,-9465.54,63.2228,55.8587,6.25841,300,0,0,0,0,0,70,70,14,0,0,10,0,0,0,33554432,130,,npc_flame_bunny,NULL,1
86154,100,Gruff Swiftbite,,0,12,60,-10017,654.089,37.149,5.412,7200,10,1,0,0,0,12,12,20,0,4,7,0,0,1,0,0,SmartAI,,NULL,5
86156,802,Jay,NULL,0,12,88,-9507.03,-1275.85,44.1562,5.16513,300,8,1,0,0,0,1,1,12,0,0,7,0,0,1,768,66,,,NULL,1
86157,800,Kyle,NULL,0,12,88,-9504,-1286,43.067,4.472,300,8,1,0,0,0,1,1,12,0,0,7,0,0,1,768,66,,,NULL,1
86158,798,Solomon,NULL,0,12,88,-9497,-1274,43.456,0.703,300,8,1,0,0,0,1,1,12,0,0,7,0,0,1,768,66,,,NULL,1
86159,799,Kevin,NULL,0,12,88,-9487,-1254,43.483,1.865,300,8,1,0,0,0,1,1,12,0,0,7,0,0,1,768,66,,,NULL,1
86164,60,Ruklar the Trapper,NULL,0,12,54,-9250.89,-708.187,62.9,1.5507,300,0,0,0,0,0,8,8,26,0,0,7,0,0,1,0,0,SmartAI,,NULL,1
86303,25898,Elwynn Forest Flame Warden,,0,12,87,-9389.17,26.7242,60.1325,4.5204,300,0,0,0,0,0,25,25,84,3,0,7,0,0,0,33536,64,SmartAI,,NULL,1
86354,801,Eric,NULL,0,12,88,-9511.99,-1272.53,43.669,5.56961,300,8,1,0,0,0,1,1,12,0,0,7,0,0,0,768,66,,,NULL,1
86590,23537,Headless Horseman - Fire (DND),,0,12,12,-9304.2,29.8744,71.1984,2.83301,300,0,0,0,0,0,65,70,14,0,0,10,0,0,0,33554432,130,,,NULL,3
86714,25962,Fire Eater,,0,12,87,-9379.87,18.9105,62.1827,5.11381,300,0,0,0,0,0,40,60,774,3,0,7,0,0,0,33536,64,SmartAI,,NULL,1
86814,119,Longsnout,NULL,0,12,60,-9843.1,651.014,39.3611,4.07857,300,5,1,0,0,0,10,11,189,0,0,1,5,1,1,0,0,SmartAI,,NULL,9
86815,119,Longsnout,NULL,0,12,60,-9785.64,643.257,35.1311,4.80168,300,5,1,0,0,0,10,11,189,0,0,1,5,1,1,0,0,SmartAI,,NULL,9
86816,119,Longsnout,NULL,0,12,60,-9901.67,667.235,34.8295,1.14046,300,5,1,0,0,0,10,11,189,0,0,1,5,1,1,0,0,SmartAI,,NULL,9
86817,119,Longsnout,NULL,0,12,60,-9952.16,679.772,31.2477,6.24638,300,5,1,0,0,0,10,11,189,0,0,1,5,1,1,0,0,SmartAI,,NULL,9
86818,119,Longsnout,NULL,0,12,60,-9877.96,690.876,35.7078,4.33007,300,5,1,0,0,0,10,11,189,0,0,1,5,1,1,0,0,SmartAI,,NULL,9
86819,119,Longsnout,NULL,0,12,60,-9844.82,618.593,40.1722,3.05164,300,5,1,0,0,0,10,11,189,0,0,1,5,1,1,0,0,SmartAI,,NULL,9
86820,119,Longsnout,NULL,0,12,60,-9852.79,692.708,35.2851,3.54315,300,5,1,0,0,0,10,11,189,0,0,1,5,1,1,0,0,SmartAI,,NULL,9
86821,119,Longsnout,NULL,0,12,60,-9987.84,683.121,31.7943,5.18233,300,5,1,0,0,0,10,11,189,0,0,1,5,1,1,0,0,SmartAI,,NULL,9
86822,119,Longsnout,NULL,0,12,60,-9925.52,668.817,33.1967,4.8634,300,5,1,0,0,0,10,11,189,0,0,1,5,1,1,0,0,SmartAI,,NULL,9
87047,6491,Spirit Healer,,0,12,9,-8924,-189,80.555,2.77,300,0,0,0,0,0,60,60,35,16385,0,7,0,2,1,768,66,,,NULL,4
87999,34382,Chapman,Day of the Dead Vendor,0,12,12,-9327.6,178.975,61.6973,4.10484,300,0,0,0,0,0,80,80,35,641,0,7,0,0,0,0,64,,,NULL,1
88000,35249,Ghostly Human Celebrant,,0,12,12,-9346.44,171.041,61.5582,2.74061,300,0,0,0,0,0,1,1,12,1,0,7,0,0,0,0,64,,,NULL,11
88001,35249,Ghostly Human Celebrant,,0,12,12,-9340.16,183.339,61.5512,0.349854,300,0,0,0,0,0,1,1,12,1,0,7,0,0,0,0,64,,,NULL,11
88002,34435,Cheerful Human Spirit,,0,12,12,-9354.72,167.942,61.665,0.27367,300,0,0,0,0,0,60,60,12,3,0,7,0,0,0,0,64,,,NULL,1
88003,35249,Ghostly Human Celebrant,,0,12,12,-9342.2,187.984,61.5586,5.25467,300,0,0,0,0,0,1,1,12,1,0,7,0,0,0,0,64,,,NULL,11
88004,35249,Ghostly Human Celebrant,,0,12,12,-9344.05,175.877,61.5584,3.59669,300,0,0,0,0,0,1,1,12,1,0,7,0,0,0,0,64,,,NULL,11
88005,35249,Ghostly Human Celebrant,,0,12,12,-9318.67,173.348,61.613,2.83957,300,0,0,0,0,0,1,1,12,1,0,7,0,0,0,0,64,,,NULL,11
88006,35249,Ghostly Human Celebrant,,0,12,12,-9329.31,166.352,61.5815,1.76357,300,0,0,0,0,0,1,1,12,1,0,7,0,0,0,0,64,,,NULL,11
88007,35249,Ghostly Human Celebrant,,0,12,12,-9322.06,168.47,61.6066,2.40367,300,0,0,0,0,0,1,1,12,1,0,7,0,0,0,0,64,,,NULL,11
88008,35249,Ghostly Human Celebrant,,0,12,12,-9349.19,176.153,61.726,5.18634,300,0,0,0,0,0,1,1,12,1,0,7,0,0,0,0,64,,,NULL,11
88009,35249,Ghostly Human Celebrant,,0,12,12,-9350.81,171.018,61.7532,1.0198,300,0,0,0,0,0,1,1,12,1,0,7,0,0,0,0,64,,,NULL,11
88010,35249,Ghostly Human Celebrant,,0,12,12,-9337.56,188.283,61.5117,3.72314,300,0,0,0,0,0,1,1,12,1,0,7,0,0,0,0,64,,,NULL,11
88011,34383,Catrina,,0,12,12,-9330.46,180.936,61.6792,4.1716,300,0,0,0,0,0,80,80,35,1,0,7,0,0,0,0,64,SmartAI,,NULL,1
88012,35249,Ghostly Human Celebrant,,0,12,12,-9327.92,185.507,62.7096,4.07265,300,0,0,0,0,0,1,1,12,1,0,7,0,0,0,0,64,,,NULL,11
88840,23510,Thunderbrew Apprentice,Thunderbrew Brew Vendor,0,12,12,-9114.79,338.765,93.6277,2.9147,300,0,0,0,0,0,50,50,774,129,0,7,0,0,0,768,64,,,NULL,1
88841,23511,Gordok Brew Apprentice,Gordok Brew Vendor,0,12,12,-9118.65,325.3,93.3136,1.91986,300,0,0,0,0,0,50,50,35,129,0,7,0,0,0,0,64,,,0,1
88842,24484,Brewfest Reveler,,0,12,12,-9128.35,345.368,94.0594,2.68781,300,0,0,0,0,0,50,50,775,0,0,7,0,0,0,768,66,,npc_brewfest_reveler,0,10
88843,24484,Brewfest Reveler,,0,12,12,-9130.68,347.471,93.6376,5.67232,300,0,0,0,0,0,50,50,775,0,0,7,0,0,0,768,66,,npc_brewfest_reveler,0,10
88844,24484,Brewfest Reveler,,0,12,12,-9131.85,358.836,92.3964,0.976147,300,0,0,0,0,0,50,50,775,0,0,7,0,0,0,768,66,,npc_brewfest_reveler,0,10
88845,24484,Brewfest Reveler,,0,12,12,-9142.22,339.801,91.3411,3.19433,300,0,0,0,0,0,50,50,775,0,0,7,0,0,0,768,66,,npc_brewfest_reveler,0,10
88846,23482,Barleybrew Apprentice,Barleybrew Brew Vendor,0,12,12,-9118.48,348.456,93.9492,3.78736,300,0,0,0,0,0,50,50,774,129,0,7,0,0,0,768,64,,,NULL,1
88847,24484,Brewfest Reveler,,0,12,12,-9130.91,344.503,93.7304,0.942478,300,0,0,0,0,0,50,50,775,0,0,7,0,0,0,768,66,,npc_brewfest_reveler,0,10
88848,24484,Brewfest Reveler,,0,12,12,-9130.69,333.939,93.3105,0.837273,300,0,0,0,0,0,50,50,775,0,0,7,0,0,0,768,66,,npc_brewfest_reveler,0,10
88849,24484,Brewfest Reveler,,0,12,12,-9126.82,338.231,93.9283,3.97886,300,0,0,0,0,0,50,50,775,0,0,7,0,0,0,768,66,,npc_brewfest_reveler,0,10
88850,24484,Brewfest Reveler,,0,12,12,-9127.97,347.931,93.9306,3.87463,300,0,0,0,0,0,50,50,775,0,0,7,0,0,0,768,66,,npc_brewfest_reveler,0,10
89359,15760,Winter Reveler,NULL,0,12,87,-9468.33,24.9295,56.5369,6.0912,300,0,0,0,0,0,30,40,35,1,0,7,0,0,1,32768,0,SmartAI,,0,2
89360,15760,Winter Reveler,NULL,0,12,87,-9465.93,24.9355,56.6126,3.12414,300,0,0,0,0,0,30,40,35,1,0,7,0,0,1,32768,0,SmartAI,,0,2
89894,1423,Stormwind Guard,,0,12,60,-9787.54,809.795,26.0386,0.837758,300,0,0,0,0,0,22,25,11,1,0,7,0,0,0,32768,32832,,,0,38
94559,16781,Midsummer Celebrant,,0,12,87,-9375.14,26.3486,61.714,4.83456,300,0,0,0,0,0,40,70,35,1,0,7,0,0,1,32768,66,SmartAI,,0,4
94560,16781,Midsummer Celebrant,,0,12,87,-9383.17,11.5458,61.1362,1.44862,300,0,0,0,0,0,40,70,35,1,0,7,0,0,1,32768,66,SmartAI,,0,4
94561,16781,Midsummer Celebrant,,0,12,87,-9373.36,22.8965,62.0908,2.21657,300,0,0,0,0,0,40,70,35,1,0,7,0,0,1,32768,66,SmartAI,,0,4
94619,16781,Midsummer Celebrant,,0,12,87,-9382.33,14.4817,61.6174,4.2586,300,0,0,0,0,0,40,70,35,1,0,7,0,0,1,32768,66,SmartAI,,0,4
94768,26258,[DND] Midsummer Bonfire Faction Bunny - A,,0,12,87,-9392.21,39.5017,59.9653,0,300,0,0,0,0,0,1,1,35,0,0,10,0,0,0,33554432,128,,,NULL,1
94849,17066,Ribbon Pole Debug Target,,0,12,87,-9376.28,10.366,69.48,-0.506145,300,0,0,0,0,0,1,1,35,0,0,10,0,0,1,33555200,130,,npc_midsummer_bunny_pole,NULL,1
94904,16592,Midsummer Bonfire,,0,12,87,-9395.2,36.6331,60.3541,1.79769,300,0,0,0,0,0,1,1,35,0,0,10,0,0,1,33554432,130,,,NULL,2
96082,26007,Arena Battlemaster,,0,12,12,-9179.79,275.865,75.4225,1.5708,300,0,0,0,0,0,70,70,35,1048577,0,7,0,0,0,768,0,,,0,2
96083,26745,[DND] TAR Pedestal - Weapons,,0,12,87,-9488.42,101.054,56.5955,5.65487,300,0,0,0,0,0,70,70,35,6272,0,10,0,0,0,33555200,64,,,NULL,5
96084,26744,"[DND] TAR Pedestal - Glyph, Mail & Plate",,0,12,87,-9490.11,87.7993,56.3354,5.53269,300,0,0,0,0,0,70,70,35,6272,0,10,0,0,0,33555200,64,,,NULL,2
96085,26743,"[DND] TAR Pedestal - Glyph, Cloth & Leather",,0,12,87,-9490.87,83.9578,56.2398,5.89921,300,0,0,0,0,0,70,70,35,6272,0,10,0,0,0,33555200,64,,,NULL,2
96086,26759,"[DND] TAR Pedestal - Trainer, Warrior",,0,12,87,-9496.1,35.9651,56.7234,2.40855,300,0,0,0,0,0,70,70,35,6272,0,10,0,0,0,33555200,64,,,NULL,2
96087,26738,[DND] TAR Pedestal - Accessories,,0,12,87,-9496.91,62.7053,56.3357,0.20944,300,0,0,0,0,0,70,70,35,6272,0,10,0,0,0,33555200,64,,,NULL,6
96088,26745,[DND] TAR Pedestal - Weapons,,0,12,87,-9490.4,93.0475,56.503,0.174533,300,0,0,0,0,0,70,70,35,6272,0,10,0,0,0,33555200,64,,,NULL,5
96089,26753,"[DND] TAR Pedestal - Trainer, Mage",,0,12,87,-9482.3,54.6745,56.51,1.76278,300,0,0,0,0,0,70,70,35,6272,0,10,0,0,0,33555200,64,,,NULL,2
96090,26756,"[DND] TAR Pedestal - Trainer, Rogue",,0,12,87,-9491.31,45.9254,56.6653,2.82743,300,0,0,0,0,0,70,70,35,6272,0,10,0,0,0,33555200,64,,,NULL,2
96091,26742,"[DND] TAR Pedestal - Armor, Mail & Plate",,0,12,87,-9491.81,79.92,56.1378,0.05236,300,0,0,0,0,0,70,70,35,6272,0,10,0,0,0,33555200,64,,,NULL,2
96092,26739,[DND] TAR Pedestal - Enchantments,,0,12,87,-9467.02,70.7817,56.5051,4.74729,300,0,0,0,0,0,70,70,35,6272,0,10,0,0,0,33555200,64,,,NULL,6
96093,26751,"[DND] TAR Pedestal - Trainer, Druid",,0,12,87,-9468.05,55.424,56.8632,1.32645,300,0,0,0,0,0,70,70,35,6272,0,10,0,0,0,33555200,64,,,NULL,2
96094,26739,[DND] TAR Pedestal - Enchantments,,0,12,87,-9471.24,70.7968,56.5656,4.81711,300,0,0,0,0,0,70,70,35,6272,0,10,0,0,0,33555200,64,,,NULL,6
96095,26758,"[DND] TAR Pedestal - Trainer, Warlock",,0,12,87,-9494.5,39.2546,56.7962,2.54818,300,0,0,0,0,0,70,70,35,6272,0,10,0,0,0,33555200,64,,,NULL,2
96096,26748,[DND] TAR Pedestal - Beastmaster,,0,12,87,-9477.4,55.8905,56.6753,1.48353,300,0,0,0,0,0,70,70,35,6272,0,10,0,0,0,33555200,64,,,NULL,2
96097,26752,"[DND] TAR Pedestal - Trainer, Hunter",,0,12,87,-9472.66,55.798,56.8277,1.53589,300,0,0,0,0,0,70,70,35,6272,0,10,0,0,0,33555200,64,,,NULL,2
96098,26724,"[DND] TAR Pedestal - Armor, Cloth & Leather",,0,12,87,-9492.72,75.6383,56.1841,0.436332,300,0,0,0,0,0,70,70,35,6272,0,10,0,0,0,33555200,64,,,NULL,2
96099,26309,Weapons Vendor,,0,12,87,-9488.42,101.054,60.2788,5.65487,300,0,0,0,0,0,70,70,35,4224,0,7,0,0,0,768,0,,,NULL,6
96102,26332,Warrior Trainer,,0,12,87,-9496.1,35.9651,60.4067,2.40855,300,0,0,0,0,0,70,70,35,49,0,7,0,0,0,768,0,,,NULL,2
96104,26309,Weapons Vendor,,0,12,87,-9490.4,93.0475,60.1863,0.174533,300,0,0,0,0,0,70,70,35,4224,0,7,0,0,0,768,0,,,NULL,6
96105,26326,Mage Trainer,,0,12,87,-9482.3,54.6745,60.1933,1.76278,300,0,0,0,0,0,70,70,35,49,0,7,0,0,0,768,0,,,NULL,2
96106,26329,Rogue Trainer,,0,12,87,-9491.31,45.9254,60.3487,2.82743,300,0,0,0,0,0,70,70,35,49,0,7,0,0,0,768,0,,,NULL,2
96108,26755,"[DND] TAR Pedestal - Trainer, Priest",,0,12,87,-9489.17,49.2949,56.5557,2.47837,300,0,0,0,0,0,70,70,35,6272,0,10,0,0,0,33555200,64,,,NULL,2
96109,26738,[DND] TAR Pedestal - Accessories,,0,12,87,-9495.13,70.8716,56.3498,5.88176,300,0,0,0,0,0,70,70,35,6272,0,10,0,0,0,33555200,64,,,NULL,6
96110,26754,"[DND] TAR Pedestal - Trainer, Paladin",,0,12,87,-9486.22,52.9084,56.4601,2.23402,300,0,0,0,0,0,70,70,35,6272,0,10,0,0,0,33555200,64,,,NULL,1
96111,26740,[DND] TAR Pedestal - Gems,,0,12,87,-9480.14,77.5936,56.796,3.71755,300,0,0,0,0,0,70,70,35,6272,0,10,0,0,0,33555200,64,,,NULL,6
96112,26757,"[DND] TAR Pedestal - Trainer, Shaman",,0,12,87,-9492.86,42.564,56.8246,2.68781,300,0,0,0,0,0,70,70,35,6272,0,10,0,0,0,33555200,64,,,NULL,2
96113,26740,[DND] TAR Pedestal - Gems,,0,12,87,-9475.55,71.6653,56.6052,4.32842,300,0,0,0,0,0,70,70,35,6272,0,10,0,0,0,33555200,64,,,NULL,6
96114,26740,[DND] TAR Pedestal - Gems,,0,12,87,-9478.96,73.6922,56.6646,3.97935,300,0,0,0,0,0,70,70,35,6272,0,10,0,0,0,33555200,64,,,NULL,6
96115,26745,[DND] TAR Pedestal - Weapons,,0,12,87,-9489.32,97.2272,56.5484,6.03884,300,0,0,0,0,0,70,70,35,6272,0,10,0,0,0,33555200,64,,,NULL,5
96116,26738,[DND] TAR Pedestal - Accessories,,0,12,87,-9495.88,66.8677,56.4189,6.17846,300,0,0,0,0,0,70,70,35,6272,0,10,0,0,0,33555200,64,,,NULL,6
96118,26324,Druid Trainer,,0,12,87,-9468.05,55.424,60.5465,1.32645,300,0,0,0,0,0,70,70,35,49,0,7,0,0,0,768,0,,,NULL,2
96120,26331,Warlock Trainer,,0,12,87,-9494.5,39.2546,60.4795,2.54818,300,0,0,0,0,0,70,70,35,49,0,7,0,0,0,768,0,,,NULL,2
96121,26307,Beastmaster,,0,12,87,-9477.4,55.8905,60.3586,1.48353,300,0,0,0,0,0,70,70,35,1,0,7,0,0,0,768,0,,,NULL,2
96122,26325,Hunter Trainer,,0,12,87,-9472.66,55.798,60.511,1.53589,300,0,0,0,0,0,70,70,35,49,0,7,0,0,0,768,0,,,NULL,2
96124,26328,Priest Trainer,,0,12,87,-9489.17,49.2949,60.2391,2.47837,300,0,0,0,0,0,70,70,35,49,0,7,0,0,0,768,0,,,NULL,2
96126,26327,Paladin Trainer,,0,12,87,-9486.22,52.9084,60.1434,2.23402,300,0,0,0,0,0,70,70,35,49,0,7,0,0,0,768,0,,,NULL,2
96128,26330,Shaman Trainer,,0,12,87,-9492.86,42.564,60.5079,2.68781,300,0,0,0,0,0,70,70,35,49,0,7,0,0,0,768,0,,,NULL,2
96131,26309,Weapons Vendor,,0,12,87,-9489.32,97.2272,60.2317,6.03884,300,0,0,0,0,0,70,70,35,4224,0,7,0,0,0,768,0,,,NULL,6
96133,26741,[DND] TAR Pedestal - General Goods,,0,12,87,-9450.26,70.7579,56.5996,4.50295,300,0,0,0,0,0,70,70,35,6272,0,10,0,0,0,33555200,64,,,NULL,5
96134,26739,[DND] TAR Pedestal - Enchantments,,0,12,87,-9462.74,70.7093,56.4867,4.67748,300,0,0,0,0,0,70,70,35,6272,0,10,0,0,0,33555200,64,,,NULL,6
96135,26749,[DND] TAR Pedestal - Paymaster,,0,12,87,-9454.69,49.0365,56.7012,1.72788,300,0,0,0,0,0,70,70,35,6272,0,10,0,0,0,33555200,64,,,NULL,2
96137,26741,[DND] TAR Pedestal - General Goods,,0,12,87,-9454.38,70.6657,56.5605,4.55531,300,0,0,0,0,0,70,70,35,6272,0,10,0,0,0,33555200,64,,,NULL,5
96138,26741,[DND] TAR Pedestal - General Goods,,0,12,87,-9458.63,70.7116,56.5462,4.60767,300,0,0,0,0,0,70,70,35,6272,0,10,0,0,0,33555200,64,,,NULL,5
96139,26765,[DND] TAR Pedestal - Fight Promoter,,0,12,87,-9458.72,49.5112,56.6896,1.43117,300,0,0,0,0,0,70,70,35,6272,0,10,0,0,0,33555200,64,,,NULL,2
96140,26747,[DND] TAR Pedestal - Arena Organizer,,0,12,87,-9462.39,50.1898,56.5971,1.11701,300,0,0,0,0,0,70,70,35,6272,0,10,0,0,0,33555200,64,,,NULL,2
96142,26075,Paymaster,,0,12,87,-9454.69,49.0365,60.3845,1.72788,300,0,0,0,0,0,70,70,35,1,0,7,0,0,0,768,0,,,NULL,2
96145,26760,Fight Promoter,Arena Battlemaster's Assistant,0,12,87,-9458.72,49.5112,60.3729,1.43117,300,0,0,0,0,0,70,70,35,1,0,7,0,0,0,768,0,,,NULL,2
96146,26007,Arena Battlemaster,,0,12,12,-9089.17,-57.177,85.6382,0.593412,300,0,0,0,0,0,70,70,35,1048577,0,7,0,0,0,768,0,,,0,2
96147,26740,[DND] TAR Pedestal - Gems,,0,12,9,-8953.89,-109.362,83.6246,4.43314,300,0,0,0,0,0,70,70,35,6272,0,10,0,0,0,33555200,64,,,NULL,6
96148,26745,[DND] TAR Pedestal - Weapons,,0,12,9,-8992.38,-84.9667,85.4858,4.04916,300,0,0,0,0,0,70,70,35,6272,0,10,0,0,0,33555200,64,,,NULL,5
96149,26744,"[DND] TAR Pedestal - Glyph, Mail & Plate",,0,12,9,-8984.37,-95.2103,85.588,2.87979,300,0,0,0,0,0,70,70,35,6272,0,10,0,0,0,33555200,64,,,NULL,2
96150,26745,[DND] TAR Pedestal - Weapons,,0,12,9,-8989.3,-88.5705,85.4968,3.50811,300,0,0,0,0,0,70,70,35,6272,0,10,0,0,0,33555200,64,,,NULL,5
96151,26743,"[DND] TAR Pedestal - Glyph, Cloth & Leather",,0,12,9,-8981.07,-98.9376,85.3565,2.74017,300,0,0,0,0,0,70,70,35,6272,0,10,0,0,0,33555200,64,,,NULL,2
96152,26724,"[DND] TAR Pedestal - Armor, Cloth & Leather",,0,12,9,-8974.38,-105.229,84.9119,2.61799,300,0,0,0,0,0,70,70,35,6272,0,10,0,0,0,33555200,64,,,NULL,2
96154,26309,Weapons Vendor,,0,12,9,-8992.38,-84.9667,89.1692,4.04916,300,0,0,0,0,0,70,70,35,4224,0,7,0,0,0,768,0,,,NULL,6
96156,26309,Weapons Vendor,,0,12,9,-8989.3,-88.5705,89.1801,3.50811,300,0,0,0,0,0,70,70,35,4224,0,7,0,0,0,768,0,,,NULL,6
96158,26740,[DND] TAR Pedestal - Gems,,0,12,9,-8958.03,-109.478,83.9612,4.59022,300,0,0,0,0,0,70,70,35,6272,0,10,0,0,0,33555200,64,,,NULL,6
96159,26742,"[DND] TAR Pedestal - Armor, Mail & Plate",,0,12,9,-8977.45,-102.396,85.0659,2.6529,300,0,0,0,0,0,70,70,35,6272,0,10,0,0,0,33555200,64,,,NULL,2
96160,26738,[DND] TAR Pedestal - Accessories,,0,12,9,-8966.78,-108.445,84.6024,4.92183,300,0,0,0,0,0,70,70,35,6272,0,10,0,0,0,33555200,64,,,NULL,6
96161,26738,[DND] TAR Pedestal - Accessories,,0,12,9,-8962.49,-109.136,84.2406,4.76475,300,0,0,0,0,0,70,70,35,6272,0,10,0,0,0,33555200,64,,,NULL,6
96162,26738,[DND] TAR Pedestal - Accessories,,0,12,9,-8970.78,-107.208,84.7896,5.044,300,0,0,0,0,0,70,70,35,6272,0,10,0,0,0,33555200,64,,,NULL,6
96164,26309,Weapons Vendor,,0,12,9,-8986.93,-91.8995,89.2725,3.12414,300,0,0,0,0,0,70,70,35,4224,0,7,0,0,0,768,0,,,NULL,6
96170,26740,[DND] TAR Pedestal - Gems,,0,12,9,-8949.77,-109.315,83.3478,4.29351,300,0,0,0,0,0,70,70,35,6272,0,10,0,0,0,33555200,64,,,NULL,6
96171,26739,[DND] TAR Pedestal - Enchantments,,0,12,9,-8940.67,-109.28,83.0322,5.25344,300,0,0,0,0,0,70,70,35,6272,0,10,0,0,0,33555200,64,,,NULL,6
96173,26739,[DND] TAR Pedestal - Enchantments,,0,12,9,-8945.23,-109.018,83.1666,4.15388,300,0,0,0,0,0,70,70,35,6272,0,10,0,0,0,33555200,64,,,NULL,6
96174,26739,[DND] TAR Pedestal - Enchantments,,0,12,9,-8936.53,-109.448,83.0332,4.92183,300,0,0,0,0,0,70,70,35,6272,0,10,0,0,0,33555200,64,,,NULL,6
96177,26756,"[DND] TAR Pedestal - Trainer, Rogue",,0,12,9,-8946.19,-158.145,82.0022,1.64061,300,0,0,0,0,0,70,70,35,6272,0,10,0,0,0,33555200,64,,,NULL,2
96178,26755,"[DND] TAR Pedestal - Trainer, Priest",,0,12,9,-8941.99,-157.029,81.9415,1.85005,300,0,0,0,0,0,70,70,35,6272,0,10,0,0,0,33555200,64,,,NULL,2
96179,26758,"[DND] TAR Pedestal - Trainer, Warlock",,0,12,9,-8954.95,-158.161,81.9178,1.25664,300,0,0,0,0,0,70,70,35,6272,0,10,0,0,0,33555200,64,,,NULL,2
96180,26329,Rogue Trainer,,0,12,9,-8946.19,-158.145,85.6855,1.64061,300,0,0,0,0,0,70,70,35,49,0,7,0,0,0,768,0,,,NULL,2
96181,26759,"[DND] TAR Pedestal - Trainer, Warrior",,0,12,9,-8959.42,-156.478,81.8673,1.0472,300,0,0,0,0,0,70,70,35,6272,0,10,0,0,0,33555200,64,,,NULL,2
96182,26753,"[DND] TAR Pedestal - Trainer, Mage",,0,12,9,-8934.39,-153.62,81.8587,2.25148,300,0,0,0,0,0,70,70,35,6272,0,10,0,0,0,33555200,64,,,NULL,2
96183,26757,"[DND] TAR Pedestal - Trainer, Shaman",,0,12,9,-8950.7,-158.655,81.9764,1.44862,300,0,0,0,0,0,70,70,35,6272,0,10,0,0,0,33555200,64,,,NULL,2
96184,26328,Priest Trainer,,0,12,9,-8941.99,-157.029,85.6248,1.85005,300,0,0,0,0,0,70,70,35,49,0,7,0,0,0,768,0,,,NULL,2
96185,26331,Warlock Trainer,,0,12,9,-8954.95,-158.161,85.6012,1.25664,300,0,0,0,0,0,70,70,35,49,0,7,0,0,0,768,0,,,NULL,2
96186,26332,Warrior Trainer,,0,12,9,-8959.42,-156.478,85.5506,1.0472,300,0,0,0,0,0,70,70,35,49,0,7,0,0,0,768,0,,,NULL,2
96187,26326,Mage Trainer,,0,12,9,-8934.39,-153.62,85.5421,2.25148,300,0,0,0,0,0,70,70,35,49,0,7,0,0,0,768,0,,,NULL,2
96188,26327,Paladin Trainer,,0,12,9,-8937.71,-155.704,85.3754,2.05949,300,0,0,0,0,0,70,70,35,49,0,7,0,0,0,768,0,,,NULL,2
96189,26330,Shaman Trainer,,0,12,9,-8950.7,-158.655,85.6598,1.44862,300,0,0,0,0,0,70,70,35,49,0,7,0,0,0,768,0,,,NULL,2
96190,26747,[DND] TAR Pedestal - Arena Organizer,,0,12,9,-8918.51,-135.146,80.5303,1.64061,300,0,0,0,0,0,70,70,35,6272,0,10,0,0,0,33555200,64,,,NULL,2
96191,26752,"[DND] TAR Pedestal - Trainer, Hunter",,0,12,9,-8928.83,-147.713,81.7991,2.61799,300,0,0,0,0,0,70,70,35,6272,0,10,0,0,0,33555200,64,,,NULL,2
96192,26748,[DND] TAR Pedestal - Beastmaster,,0,12,9,-8931.29,-150.839,82.0391,2.44346,300,0,0,0,0,0,70,70,35,6272,0,10,0,0,0,33555200,64,,,NULL,2
96193,26765,[DND] TAR Pedestal - Fight Promoter,,0,12,9,-8914.73,-133.636,80.6375,1.95477,300,0,0,0,0,0,70,70,35,6272,0,10,0,0,0,33555200,64,,,NULL,2
96194,26012,Arena Organizer,,0,12,9,-8918.51,-135.146,84.2136,1.64061,300,0,0,0,0,0,70,70,35,262145,0,7,0,0,0,768,0,,,NULL,1
96195,26751,"[DND] TAR Pedestal - Trainer, Druid",,0,12,9,-8926.41,-144.356,81.722,2.80998,300,0,0,0,0,0,70,70,35,6272,0,10,0,0,0,33555200,64,,,NULL,2
96196,26325,Hunter Trainer,,0,12,9,-8928.83,-147.713,85.4824,2.61799,300,0,0,0,0,0,70,70,35,49,0,7,0,0,0,768,0,,,NULL,2
96197,26307,Beastmaster,,0,12,9,-8931.29,-150.839,85.7225,2.44346,300,0,0,0,0,0,70,70,35,1,0,7,0,0,0,768,0,,,NULL,2
96198,26760,Fight Promoter,Arena Battlemaster's Assistant,0,12,9,-8914.73,-133.636,84.3208,1.95477,300,0,0,0,0,0,70,70,35,1,0,7,0,0,0,768,0,,,NULL,2
96199,26324,Druid Trainer,,0,12,9,-8926.41,-144.356,85.4053,2.80998,300,0,0,0,0,0,70,70,35,49,0,7,0,0,0,768,0,,,NULL,2
96200,26741,[DND] TAR Pedestal - General Goods,,0,12,9,-8932.46,-110.112,83.0476,4.53786,300,0,0,0,0,0,70,70,35,6272,0,10,0,0,0,33555200,64,,,NULL,5
96201,26749,[DND] TAR Pedestal - Paymaster,,0,12,9,-8911.02,-131.912,80.7432,2.28638,300,0,0,0,0,0,70,70,35,6272,0,10,0,0,0,33555200,64,,,NULL,2
96202,26741,[DND] TAR Pedestal - General Goods,,0,12,9,-8924.32,-112.928,82.9834,3.76991,300,0,0,0,0,0,70,70,35,6272,0,10,0,0,0,33555200,64,,,NULL,5
96204,26075,Paymaster,,0,12,9,-8911.02,-131.912,84.4265,2.28638,300,0,0,0,0,0,70,70,35,1,0,7,0,0,0,768,0,,,NULL,2
100156,6491,Spirit Healer,,0,12,91,-9562.73,-603.599,58.3876,3.85078,300,0,0,0,0,0,60,60,35,16385,0,7,0,2,1,768,66,,,NULL,4
111084,15218,Faire Cannon Trigger,NULL,0,12,12,-9570.28,-9.95068,63.5196,6.12611,300,0,0,0,0,0,60,60,114,0,0,10,0,0,0,33555200,194,,,NULL,1
120789,68,Stormwind City Guard,NULL,0,12,12,-9091.4,414.322,92.1695,5.32334,300,0,2,0,0,0,75,75,11,1,0,7,0,0,0,32768,98368,SmartAI,,9663120,3
134000,472,Fedfennel,NULL,0,12,86,-8886.04,-771.985,69.2205,4.98213,7200,5,1,0,0,0,12,12,20,0,4,7,0,0,0,0,0,SmartAI,,NULL,4
134001,472,Fedfennel,NULL,0,12,86,-8855.48,-822.622,71.5874,0.598824,7200,5,1,0,0,0,12,12,20,0,4,7,0,0,0,0,0,SmartAI,,NULL,4
134002,472,Fedfennel,NULL,0,12,86,-8839.13,-863.772,75.6382,4.52817,7200,5,1,0,0,0,12,12,20,0,4,7,0,0,0,0,0,SmartAI,,NULL,4
134003,100,Gruff Swiftbite,,0,12,60,-10067.1,629.856,39.2659,0.67265,7200,10,1,0,0,0,12,12,20,0,4,7,0,0,1,0,0,SmartAI,,NULL,5
134004,100,Gruff Swiftbite,,0,12,60,-9981.18,566.13,37.6634,1.37087,7200,10,1,0,0,0,12,12,20,0,4,7,0,0,1,0,0,SmartAI,,NULL,5
134005,100,Gruff Swiftbite,,0,12,60,-9945.86,620.999,37.2259,4.03808,7200,10,1,0,0,0,12,12,20,0,4,7,0,0,1,0,0,SmartAI,,NULL,5
134006,100,Gruff Swiftbite,,0,12,60,-9930.88,573.464,37.0119,2.35969,7200,10,1,0,0,0,12,12,20,0,4,7,0,0,1,0,0,SmartAI,,NULL,5
134007,61,Thuros Lightfingers,NULL,0,12,92,-9326.41,543.283,75.0137,4.24072,7200,0,0,0,0,0,11,11,17,0,4,7,0,0,0,0,0,SmartAI,,NULL,8
134008,61,Thuros Lightfingers,NULL,0,12,92,-9282.06,520.888,85.7024,4.49441,7200,0,0,0,0,0,11,11,17,0,4,7,0,0,0,0,0,SmartAI,,NULL,8
134009,61,Thuros Lightfingers,NULL,0,12,92,-9261.58,465.959,83.0718,3.914,7200,0,0,0,0,0,11,11,17,0,4,7,0,0,0,0,0,SmartAI,,NULL,8
134010,61,Thuros Lightfingers,NULL,0,12,797,-9859.07,-217.846,36.3363,3.8606,7200,0,0,0,0,0,11,11,17,0,4,7,0,0,0,0,0,SmartAI,,NULL,8
134011,61,Thuros Lightfingers,NULL,0,12,797,-9862.97,-232.651,35.444,0.579991,7200,0,0,0,0,0,11,11,17,0,4,7,0,0,0,0,0,SmartAI,,NULL,8
134012,61,Thuros Lightfingers,NULL,0,12,12,-9778.61,-1586.34,41.3725,4.474,7200,0,0,0,0,0,11,11,17,0,4,7,0,0,0,0,0,SmartAI,,NULL,8
134013,61,Thuros Lightfingers,NULL,0,12,12,-9774.55,-1563.96,41.8608,4.03496,7200,0,0,0,0,0,11,11,17,0,4,7,0,0,0,0,0,SmartAI,,NULL,8
138284,32823,Bountiful Table,,0,12,12,-9116.83,309.643,93.1605,1.45805,300,0,0,0,0,0,1,1,35,0,0,10,0,0,0,33554432,64,,npc_bountiful_table,NULL,4
138285,32823,Bountiful Table,,0,12,12,-9115.63,320.223,93.189,1.45805,300,0,0,0,0,0,1,1,35,0,0,10,0,0,0,33554432,64,,npc_bountiful_table,NULL,4
138286,32823,Bountiful Table,,0,12,12,-9114.71,332.007,93.1289,1.50517,300,0,0,0,0,0,1,1,35,0,0,10,0,0,0,33554432,64,,npc_bountiful_table,NULL,4
138287,32823,Bountiful Table,,0,12,12,-9113.9,344.27,93.6394,1.50517,300,0,0,0,0,0,1,1,35,0,0,10,0,0,0,33554432,64,,npc_bountiful_table,NULL,4
138307,34653,Bountiful Table Hostess,,0,12,12,-9118.91,350.746,93.735,2.14134,300,0,0,0,0,0,80,80,534,2,0,7,0,0,0,33536,64,,,NULL,1
138308,34710,Ellen Moore,Cooking Trainer,0,12,12,-9118.18,359.164,93.2702,1.90179,300,0,0,0,0,0,40,40,534,83,0,7,0,0,0,33536,64,,,NULL,1
138309,35337,Bountiful Barrel,Pilgrim's Bounty Supplies,0,12,12,-9111.63,353.697,93.4015,2.40837,300,0,0,0,0,0,40,40,534,640,0,10,0,0,0,33536,64,,,NULL,1
138310,34744,Jasper Moore,,0,12,12,-9127.56,351.404,94.2329,2.13741,300,0,0,0,0,0,40,40,534,3,0,7,0,0,0,33536,64,,,NULL,1
138311,34682,Wilmina Holbeck,Pilgrim's Bounty Vendor,0,12,12,-9110.83,366.354,94.0632,2.67934,300,0,0,0,0,0,40,40,534,640,0,7,0,0,0,33536,64,,,NULL,1
138312,34675,Gregory Tabor,,0,12,12,-9125.02,352.824,94.2342,2.1217,300,0,0,0,0,0,40,40,534,2,0,7,0,0,0,33536,64,,,NULL,1
138515,32820,Wild Turkey,,0,12,60,-10154,619.3,27.052,4.304,300,20,1,0,0,0,1,1,188,0,0,1,0,0,0,0,64,SmartAI,,NULL,1448
138517,32820,Wild Turkey,,0,12,60,-10111,648.959,36.886,5.357,300,20,1,0,0,0,1,1,188,0,0,1,0,0,0,0,64,SmartAI,,NULL,1448
138518,32820,Wild Turkey,,0,12,60,-10107,690.702,32.081,3.962,300,20,1,0,0,0,1,1,188,0,0,1,0,0,0,0,64,SmartAI,,NULL,1448
138519,32820,Wild Turkey,,0,12,60,-10085,687.327,35.046,5.849,300,20,1,0,0,0,1,1,188,0,0,1,0,0,0,0,64,SmartAI,,NULL,1448
138520,32820,Wild Turkey,,0,12,60,-10083,545.919,29.148,0.695,300,20,1,0,0,0,1,1,188,0,0,1,0,0,0,0,64,SmartAI,,NULL,1448
138521,32820,Wild Turkey,,0,12,60,-10071,633.184,39.449,6.174,300,20,1,0,0,0,1,1,188,0,0,1,0,0,0,0,64,SmartAI,,NULL,1448
138522,32820,Wild Turkey,,0,12,64,-10059,155.731,27.684,3.863,300,20,1,0,0,0,1,1,188,0,0,1,0,0,0,0,64,SmartAI,,NULL,1448
138523,32820,Wild Turkey,,0,12,60,-10056,553.198,32.706,2.992,300,20,1,0,0,0,1,1,188,0,0,1,0,0,0,0,64,SmartAI,,NULL,1448
138524,32820,Wild Turkey,,0,12,64,-10055,49.171,31.882,3.217,300,20,1,0,0,0,1,1,188,0,0,1,0,0,0,0,64,SmartAI,,NULL,1448
138525,32820,Wild Turkey,,0,12,64,-10049,48.827,32.967,5.34,300,20,1,0,0,0,1,1,188,0,0,1,0,0,0,0,64,SmartAI,,NULL,1448
138526,32820,Wild Turkey,,0,12,57,-10045,225.886,27.451,3.413,300,20,1,0,0,0,1,1,188,0,0,1,0,0,0,0,64,SmartAI,,NULL,1448
138527,32820,Wild Turkey,,0,12,64,-10043,139.908,28.927,3.603,300,20,1,0,0,0,1,1,188,0,0,1,0,0,0,0,64,SmartAI,,NULL,1448
138528,32820,Wild Turkey,,0,12,64,-10042,139.466,29.229,1.223,300,20,1,0,0,0,1,1,188,0,0,1,0,0,0,0,64,SmartAI,,NULL,1448
138529,32820,Wild Turkey,,0,12,60,-10042,674.065,36.148,2.347,300,20,1,0,0,0,1,1,188,0,0,1,0,0,0,0,64,SmartAI,,NULL,1448
138530,32820,Wild Turkey,,0,12,57,-10039,283.298,30.42,6.267,300,20,1,0,0,0,1,1,188,0,0,1,0,0,0,0,64,SmartAI,,NULL,1448
138531,32820,Wild Turkey,,0,12,64,-10033,72.485,34.809,0.916,300,20,1,0,0,0,1,1,188,0,0,1,0,0,0,0,64,SmartAI,,NULL,1448
138532,32820,Wild Turkey,,0,12,64,-10031,143.328,31.699,0.896,300,20,1,0,0,0,1,1,188,0,0,1,0,0,0,0,64,SmartAI,,NULL,1448
138533,32820,Wild Turkey,,0,12,57,-10027,185.975,29.686,0,300,20,1,0,0,0,1,1,188,0,0,1,0,0,0,0,64,SmartAI,,NULL,1448
138534,32820,Wild Turkey,,0,12,64,-10022,20.283,36.088,5.391,300,20,1,0,0,0,1,1,188,0,0,1,0,0,0,0,64,SmartAI,,NULL,1448
138535,32820,Wild Turkey,,0,12,60,-10019,660.572,36.286,1.038,300,20,1,0,0,0,1,1,188,0,0,1,0,0,0,0,64,SmartAI,,NULL,1448
138536,32820,Wild Turkey,,0,12,60,-10017,654.089,37.149,5.412,300,20,1,0,0,0,1,1,188,0,0,1,0,0,0,0,64,SmartAI,,NULL,1448
138537,32820,Wild Turkey,,0,12,63,-10016,383.118,33.056,5.043,300,20,1,0,0,0,1,1,188,0,0,1,0,0,0,0,64,SmartAI,,NULL,1448
138538,32820,Wild Turkey,,0,12,64,-10014,37.605,35.253,0.768,300,20,1,0,0,0,1,1,188,0,0,1,0,0,0,0,64,SmartAI,,NULL,1448
138539,32820,Wild Turkey,,0,12,64,-10014,108.05,33.946,2.447,300,20,1,0,0,0,1,1,188,0,0,1,0,0,0,0,64,SmartAI,,NULL,1448
138540,32820,Wild Turkey,,0,12,57,-10012,216.285,30.095,1.123,300,20,1,0,0,0,1,1,188,0,0,1,0,0,0,0,64,SmartAI,,NULL,1448
138541,32820,Wild Turkey,,0,12,63,-10010,325.804,32.068,2.688,300,20,1,0,0,0,1,1,188,0,0,1,0,0,0,0,64,SmartAI,,NULL,1448
138542,32820,Wild Turkey,,0,12,60,-10010,582.399,38.946,5.949,300,20,1,0,0,0,1,1,188,0,0,1,0,0,0,0,64,SmartAI,,NULL,1448
138543,32820,Wild Turkey,,0,12,64,-10008,65.212,34.866,0.262,300,20,1,0,0,0,1,1,188,0,0,1,0,0,0,0,64,SmartAI,,NULL,1448
138544,32820,Wild Turkey,,0,12,57,-10008,209.363,30.628,0.802,300,20,1,0,0,0,1,1,188,0,0,1,0,0,0,0,64,SmartAI,,NULL,1448
138545,32820,Wild Turkey,,0,12,57,-10008,225.141,30.128,3.086,300,20,1,0,0,0,1,1,188,0,0,1,0,0,0,0,64,SmartAI,,NULL,1448
138546,32820,Wild Turkey,,0,12,64,-10005,52.82,34.654,0.297,300,20,1,0,0,0,1,1,188,0,0,1,0,0,0,0,64,SmartAI,,NULL,1448
138547,32820,Wild Turkey,,0,12,60,-10002,657.114,36.623,1.815,300,20,1,0,0,0,1,1,188,0,0,1,0,0,0,0,64,SmartAI,,NULL,1448
138548,32820,Wild Turkey,,0,12,57,-9999,206.431,30.798,0.059,300,20,1,0,0,0,1,1,188,0,0,1,0,0,0,0,64,SmartAI,,NULL,1448
138549,32820,Wild Turkey,,0,12,57,-9999,273.547,32.871,0.12,300,20,1,0,0,0,1,1,188,0,0,1,0,0,0,0,64,SmartAI,,NULL,1448
138550,32820,Wild Turkey,,0,12,63,-9997,356.614,35.086,5.825,300,20,1,0,0,0,1,1,188,0,0,1,0,0,0,0,64,SmartAI,,NULL,1448
138551,32820,Wild Turkey,,0,12,60,-9997,665.204,36.668,3.77,300,20,1,0,0,0,1,1,188,0,0,1,0,0,0,0,64,SmartAI,,NULL,1448
138552,32820,Wild Turkey,,0,12,63,-9995,471.122,33.046,5.384,300,20,1,0,0,0,1,1,188,0,0,1,0,0,0,0,64,SmartAI,,NULL,1448
138553,32820,Wild Turkey,,0,12,57,-9993,233.377,30.43,3.647,300,20,1,0,0,0,1,1,188,0,0,1,0,0,0,0,64,SmartAI,,NULL,1448
138554,32820,Wild Turkey,,0,12,57,-9993,298.491,34.711,1.195,300,20,1,0,0,0,1,1,188,0,0,1,0,0,0,0,64,SmartAI,,NULL,1448
138555,32820,Wild Turkey,,0,12,63,-9993,319.126,35.156,5.748,300,20,1,0,0,0,1,1,188,0,0,1,0,0,0,0,64,SmartAI,,NULL,1448
138556,32820,Wild Turkey,,0,12,63,-9991,474.728,33.654,6.098,300,20,1,0,0,0,1,1,188,0,0,1,0,0,0,0,64,SmartAI,,NULL,1448
138557,32820,Wild Turkey,,0,12,63,-9990,310.445,35.333,3.769,300,20,1,0,0,0,1,1,188,0,0,1,0,0,0,0,64,SmartAI,,NULL,1448
138559,32820,Wild Turkey,,0,12,57,-9989,238.463,30.235,2.087,300,20,1,0,0,0,1,1,188,0,0,1,0,0,0,0,64,SmartAI,,NULL,1448
138560,32820,Wild Turkey,,0,12,57,-9989,270.974,33.069,1.406,300,20,1,0,0,0,1,1,188,0,0,1,0,0,0,0,64,SmartAI,,NULL,1448
138561,32820,Wild Turkey,,0,12,63,-9988,472.114,34.029,1.646,300,20,1,0,0,0,1,1,188,0,0,1,0,0,0,0,64,SmartAI,,NULL,1448
138562,32820,Wild Turkey,,0,12,63,-9987,303.128,34.983,3.132,300,20,1,0,0,0,1,1,188,0,0,1,0,0,0,0,64,SmartAI,,NULL,1448
138563,32820,Wild Turkey,,0,12,57,-9986,191.426,31.517,1.057,300,20,1,0,0,0,1,1,188,0,0,1,0,0,0,0,64,SmartAI,,NULL,1448
138564,32820,Wild Turkey,,0,12,63,-9986,453.746,35.546,0.018,300,20,1,0,0,0,1,1,188,0,0,1,0,0,0,0,64,SmartAI,,NULL,1448
138565,32820,Wild Turkey,,0,12,63,-9985,446.073,36.32,4.079,300,20,1,0,0,0,1,1,188,0,0,1,0,0,0,0,64,SmartAI,,NULL,1448
138566,32820,Wild Turkey,,0,12,63,-9984,448.163,36.195,5.497,300,20,1,0,0,0,1,1,188,0,0,1,0,0,0,0,64,SmartAI,,NULL,1448
138567,32820,Wild Turkey,,0,12,60,-9982,562.627,37.885,1.274,300,20,1,0,0,0,1,1,188,0,0,1,0,0,0,0,64,SmartAI,,NULL,1448
138568,32820,Wild Turkey,,0,12,60,-9981,542.102,37.19,5.026,300,20,1,0,0,0,1,1,188,0,0,1,0,0,0,0,64,SmartAI,,NULL,1448
138569,32820,Wild Turkey,,0,12,64,-9980,156.79,34.349,0.199,300,20,1,0,0,0,1,1,188,0,0,1,0,0,0,0,64,SmartAI,,NULL,1448
138570,32820,Wild Turkey,,0,12,60,-9979,644.991,37.125,5.198,300,20,1,0,0,0,1,1,188,0,0,1,0,0,0,0,64,SmartAI,,NULL,1448
138571,32820,Wild Turkey,,0,12,64,-9976,-24,35.04,2.754,300,20,1,0,0,0,1,1,188,0,0,1,0,0,0,0,64,SmartAI,,NULL,1448
138572,32820,Wild Turkey,,0,12,64,-9975,-27,34.762,4.23,300,20,1,0,0,0,1,1,188,0,0,1,0,0,0,0,64,SmartAI,,NULL,1448
138573,32820,Wild Turkey,,0,12,57,-9975,292.899,36.336,4.86,300,20,1,0,0,0,1,1,188,0,0,1,0,0,0,0,64,SmartAI,,NULL,1448
138574,32820,Wild Turkey,,0,12,57,-9853.68,284.862,37.987,1.89787,300,20,1,0,0,0,1,1,188,0,0,1,0,0,0,0,64,SmartAI,,NULL,1448
138575,32820,Wild Turkey,,0,12,63,-9962,307.319,36.992,0.284,300,20,1,0,0,0,1,1,188,0,0,1,0,0,0,0,64,SmartAI,,NULL,1448
138577,32820,Wild Turkey,,0,12,797,-9960,-144,24.59,0.618,300,20,1,0,0,0,1,1,188,0,0,1,0,0,0,0,64,SmartAI,,NULL,1448
138579,32820,Wild Turkey,,0,12,12,-9957,-1421,25.077,0.994,300,20,1,0,0,0,1,1,188,0,0,1,0,0,0,0,64,SmartAI,,NULL,1448
138580,32820,Wild Turkey,,0,12,12,-9957,-1280,24.766,2.885,300,20,1,0,0,0,1,1,188,0,0,1,0,0,0,0,64,SmartAI,,NULL,1448
138581,32820,Wild Turkey,,0,12,12,-9957,-274,26.367,3.351,300,20,1,0,0,0,1,1,188,0,0,1,0,0,0,0,64,SmartAI,,NULL,1448
138582,32820,Wild Turkey,,0,12,797,-9957,-46,33.197,3.964,300,20,1,0,0,0,1,1,188,0,0,1,0,0,0,0,64,SmartAI,,NULL,1448
138583,32820,Wild Turkey,,0,12,64,-9955,41.774,33.476,1.127,300,20,1,0,0,0,1,1,188,0,0,1,0,0,0,0,64,SmartAI,,NULL,1448
138584,32820,Wild Turkey,,0,12,60,-9954,554.6,39.256,0.457,300,20,1,0,0,0,1,1,188,0,0,1,0,0,0,0,64,SmartAI,,NULL,1448
138585,32820,Wild Turkey,,0,12,797,-9952,-133,25.452,3.594,300,20,1,0,0,0,1,1,188,0,0,1,0,0,0,0,64,SmartAI,,NULL,1448
138586,32820,Wild Turkey,,0,12,64,-9952,-19,34.434,5.494,300,20,1,0,0,0,1,1,188,0,0,1,0,0,0,0,64,SmartAI,,NULL,1448
138587,32820,Wild Turkey,,0,12,60,-9951,675.731,32.108,3.045,300,20,1,0,0,0,1,1,188,0,0,1,0,0,0,0,64,SmartAI,,NULL,1448
138588,32820,Wild Turkey,,0,12,63,-9950,413.263,35.043,3.409,300,20,1,0,0,0,1,1,188,0,0,1,0,0,0,0,64,SmartAI,,NULL,1448
138589,32820,Wild Turkey,,0,12,60,-9950,615.613,37.291,1.169,300,20,1,0,0,0,1,1,188,0,0,1,0,0,0,0,64,SmartAI,,NULL,1448
138590,32820,Wild Turkey,,0,12,60,-9950,621.918,37.356,5.061,300,20,1,0,0,0,1,1,188,0,0,1,0,0,0,0,64,SmartAI,,NULL,1448
138591,32820,Wild Turkey,,0,12,797,-9948,-55,32.847,5.109,300,20,1,0,0,0,1,1,188,0,0,1,0,0,0,0,64,SmartAI,,NULL,1448
138592,32820,Wild Turkey,,0,12,64,-9948,-20,34.2,5.984,300,20,1,0,0,0,1,1,188,0,0,1,0,0,0,0,64,SmartAI,,NULL,1448
138593,32820,Wild Turkey,,0,12,797,-9947,-44,33.23,1.308,300,20,1,0,0,0,1,1,188,0,0,1,0,0,0,0,64,SmartAI,,NULL,1448
138594,32820,Wild Turkey,,0,12,64,-9946,129.134,33.365,0.596,300,20,1,0,0,0,1,1,188,0,0,1,0,0,0,0,64,SmartAI,,NULL,1448
138595,32820,Wild Turkey,,0,12,60,-9946,604.266,38.356,1.857,300,20,1,0,0,0,1,1,188,0,0,1,0,0,0,0,64,SmartAI,,NULL,1448
138596,32820,Wild Turkey,,0,12,797,-9958.61,-153.27,22.3896,5.7039,300,20,1,0,0,0,1,1,188,0,0,1,0,0,0,0,64,SmartAI,,NULL,1448
138598,32820,Wild Turkey,,0,12,60,-9937,650.755,33.537,0.565,300,20,1,0,0,0,1,1,188,0,0,1,0,0,0,0,64,SmartAI,,NULL,1448
138599,32820,Wild Turkey,,0,12,60,-9936,583.854,37.895,3.957,300,20,1,0,0,0,1,1,188,0,0,1,0,0,0,0,64,SmartAI,,NULL,1448
138600,32820,Wild Turkey,,0,12,12,-9933,-1164,20.941,4.451,300,20,1,0,0,0,1,1,188,0,0,1,0,0,0,0,64,SmartAI,,NULL,1448
138601,32820,Wild Turkey,,0,12,12,-9933,-1093,23.46,6.133,300,20,1,0,0,0,1,1,188,0,0,1,0,0,0,0,64,SmartAI,,NULL,1448
138602,32820,Wild Turkey,,0,12,797,-9931,-45,30.883,5.497,300,20,1,0,0,0,1,1,188,0,0,1,0,0,0,0,64,SmartAI,,NULL,1448
138603,32820,Wild Turkey,,0,12,12,-9929,-1157,22.215,3.421,300,20,1,0,0,0,1,1,188,0,0,1,0,0,0,0,64,SmartAI,,NULL,1448
138604,32820,Wild Turkey,,0,12,12,-9929,-1098,24.09,2.897,300,20,1,0,0,0,1,1,188,0,0,1,0,0,0,0,64,SmartAI,,NULL,1448
138605,32820,Wild Turkey,,0,12,12,-9928,-1452,27.62,1.308,300,20,1,0,0,0,1,1,188,0,0,1,0,0,0,0,64,SmartAI,,NULL,1448
138606,32820,Wild Turkey,,0,12,797,-9925,-90,29.881,0.517,300,20,1,0,0,0,1,1,188,0,0,1,0,0,0,0,64,SmartAI,,NULL,1448
138607,32820,Wild Turkey,,0,12,62,-9924,-979,20.854,2.209,300,20,1,0,0,0,1,1,188,0,0,1,0,0,0,0,64,SmartAI,,NULL,1448
138608,32820,Wild Turkey,,0,12,64,-9924,38.387,32.595,3.142,300,20,1,0,0,0,1,1,188,0,0,1,0,0,0,0,64,SmartAI,,NULL,1448
138609,32820,Wild Turkey,,0,12,12,-9923,-1477,24.17,2.616,300,20,1,0,0,0,1,1,188,0,0,1,0,0,0,0,64,SmartAI,,NULL,1448
138610,32820,Wild Turkey,,0,12,64,-9923,79.156,32.697,3.526,300,20,1,0,0,0,1,1,188,0,0,1,0,0,0,0,64,SmartAI,,NULL,1448
138611,32820,Wild Turkey,,0,12,12,-9921,-1244,25.03,2.628,300,20,1,0,0,0,1,1,188,0,0,1,0,0,0,0,64,SmartAI,,NULL,1448
138612,32820,Wild Turkey,,0,12,12,-9920,-419,24.92,3.004,300,20,1,0,0,0,1,1,188,0,0,1,0,0,0,0,64,SmartAI,,NULL,1448
138613,32820,Wild Turkey,,0,12,60,-9920,613.934,40.759,3.77,300,20,1,0,0,0,1,1,188,0,0,1,0,0,0,0,64,SmartAI,,NULL,1448
138614,32820,Wild Turkey,,0,12,797,-9919,-64,30.693,1.277,300,20,1,0,0,0,1,1,188,0,0,1,0,0,0,0,64,SmartAI,,NULL,1448
138615,32820,Wild Turkey,,0,12,62,-9918,-839,20.029,1.622,300,20,1,0,0,0,1,1,188,0,0,1,0,0,0,0,64,SmartAI,,NULL,1448
138616,32820,Wild Turkey,,0,12,64,-9918,42.296,32.719,2.63,300,20,1,0,0,0,1,1,188,0,0,1,0,0,0,0,64,SmartAI,,NULL,1448
138617,32820,Wild Turkey,,0,12,63,-9918,415.128,35.311,0,300,20,1,0,0,0,1,1,188,0,0,1,0,0,0,0,64,SmartAI,,NULL,1448
138618,32820,Wild Turkey,,0,12,60,-9917,599.298,39.564,0,300,20,1,0,0,0,1,1,188,0,0,1,0,0,0,0,64,SmartAI,,NULL,1448
138620,32820,Wild Turkey,,0,12,62,-9914,-1056,25.676,4.699,300,20,1,0,0,0,1,1,188,0,0,1,0,0,0,0,64,SmartAI,,NULL,1448
138621,32820,Wild Turkey,,0,12,62,-9914,-911,23.237,2.325,300,20,1,0,0,0,1,1,188,0,0,1,0,0,0,0,64,SmartAI,,NULL,1448
138622,32820,Wild Turkey,,0,12,60,-9913,646.473,36.822,4.221,300,20,1,0,0,0,1,1,188,0,0,1,0,0,0,0,64,SmartAI,,NULL,1448
138623,32820,Wild Turkey,,0,12,12,-9911,-377,31.405,5.939,300,20,1,0,0,0,1,1,188,0,0,1,0,0,0,0,64,SmartAI,,NULL,1448
138624,32820,Wild Turkey,,0,12,63,-9911,456.769,34.47,2.141,300,20,1,0,0,0,1,1,188,0,0,1,0,0,0,0,64,SmartAI,,NULL,1448
138625,32820,Wild Turkey,,0,12,62,-9910,-894,23.534,0.697,300,20,1,0,0,0,1,1,188,0,0,1,0,0,0,0,64,SmartAI,,NULL,1448
138626,32820,Wild Turkey,,0,12,12,-9908,-1489,26.38,5.963,300,20,1,0,0,0,1,1,188,0,0,1,0,0,0,0,64,SmartAI,,NULL,1448
138627,32820,Wild Turkey,,0,12,12,-9907,-331,33.75,3.793,300,20,1,0,0,0,1,1,188,0,0,1,0,0,0,0,64,SmartAI,,NULL,1448
138628,32820,Wild Turkey,,0,12,797,-9906,-56,29.896,0.191,300,20,1,0,0,0,1,1,188,0,0,1,0,0,0,0,64,SmartAI,,NULL,1448
138629,32820,Wild Turkey,,0,12,64,-9902,81.655,32.322,5.607,300,20,1,0,0,0,1,1,188,0,0,1,0,0,0,0,64,SmartAI,,NULL,1448
138630,32820,Wild Turkey,,0,12,12,-9901,-1281,32.436,4.133,300,20,1,0,0,0,1,1,188,0,0,1,0,0,0,0,64,SmartAI,,NULL,1448
138631,32820,Wild Turkey,,0,12,12,-9901,-303,34.373,0.437,300,20,1,0,0,0,1,1,188,0,0,1,0,0,0,0,64,SmartAI,,NULL,1448
138632,32820,Wild Turkey,,0,12,62,-9896,-1061,28.464,5.99,300,20,1,0,0,0,1,1,188,0,0,1,0,0,0,0,64,SmartAI,,NULL,1448
138633,32820,Wild Turkey,,0,12,63,-9896,329.928,36.451,1.921,300,20,1,0,0,0,1,1,188,0,0,1,0,0,0,0,64,SmartAI,,NULL,1448
138634,32820,Wild Turkey,,0,12,12,-9895,-1281,33.821,4.304,300,20,1,0,0,0,1,1,188,0,0,1,0,0,0,0,64,SmartAI,,NULL,1448
138635,32820,Wild Turkey,,0,12,798,-9892,-1359,34.463,6.268,300,20,1,0,0,0,1,1,188,0,0,1,0,0,0,0,64,SmartAI,,NULL,1448
138636,32820,Wild Turkey,,0,12,12,-9892,-296,34.618,3.511,300,20,1,0,0,0,1,1,188,0,0,1,0,0,0,0,64,SmartAI,,NULL,1448
138637,32820,Wild Turkey,,0,12,12,-9891,-291,34.098,3.514,300,20,1,0,0,0,1,1,188,0,0,1,0,0,0,0,64,SmartAI,,NULL,1448
138638,32820,Wild Turkey,,0,12,12,-9890,-1332,32.508,3.66,300,20,1,0,0,0,1,1,188,0,0,1,0,0,0,0,64,SmartAI,,NULL,1448
138639,32820,Wild Turkey,,0,12,63,-9890,338.467,36.649,2.758,300,20,1,0,0,0,1,1,188,0,0,1,0,0,0,0,64,SmartAI,,NULL,1448
138640,32820,Wild Turkey,,0,12,57,-9770.83,279.166,43.1248,0.1198,300,20,1,0,0,0,1,1,188,0,0,1,0,0,0,0,64,SmartAI,,NULL,1448
138641,32820,Wild Turkey,,0,12,57,-9833.96,188.524,22.577,5.79556,300,20,1,0,0,0,1,1,188,0,0,1,0,0,0,0,64,SmartAI,,NULL,1448
138642,32820,Wild Turkey,,0,12,62,-9887,-749,22.768,1.657,300,20,1,0,0,0,1,1,188,0,0,1,0,0,0,0,64,SmartAI,,NULL,1448
138643,32820,Wild Turkey,,0,12,12,-9884,-299,34.827,2.17,300,20,1,0,0,0,1,1,188,0,0,1,0,0,0,0,64,SmartAI,,NULL,1448
138644,32820,Wild Turkey,,0,12,12,-9883,-1496,29.322,2.166,300,20,1,0,0,0,1,1,188,0,0,1,0,0,0,0,64,SmartAI,,NULL,1448
138645,32820,Wild Turkey,,0,12,62,-9883,-1017,29.945,0.262,300,20,1,0,0,0,1,1,188,0,0,1,0,0,0,0,64,SmartAI,,NULL,1448
138646,32820,Wild Turkey,,0,12,12,-9882,-446,30.028,3.263,300,20,1,0,0,0,1,1,188,0,0,1,0,0,0,0,64,SmartAI,,NULL,1448
138647,32820,Wild Turkey,,0,12,60,-9882,685.787,34.208,0.54,300,20,1,0,0,0,1,1,188,0,0,1,0,0,0,0,64,SmartAI,,NULL,1448
138648,32820,Wild Turkey,,0,12,63,-9881,322.619,37.824,3.142,300,20,1,0,0,0,1,1,188,0,0,1,0,0,0,0,64,SmartAI,,NULL,1448
138649,32820,Wild Turkey,,0,12,62,-9879,-816,28.519,1.704,300,20,1,0,0,0,1,1,188,0,0,1,0,0,0,0,64,SmartAI,,NULL,1448
138650,32820,Wild Turkey,,0,12,12,-9878,-309,36.016,0.577,300,20,1,0,0,0,1,1,188,0,0,1,0,0,0,0,64,SmartAI,,NULL,1448
138651,32820,Wild Turkey,,0,12,12,-9876,-1097,27.52,0.855,300,20,1,0,0,0,1,1,188,0,0,1,0,0,0,0,64,SmartAI,,NULL,1448
138652,32820,Wild Turkey,,0,12,64,-9876,-15,26.9,1.334,300,20,1,0,0,0,1,1,188,0,0,1,0,0,0,0,64,SmartAI,,NULL,1448
138653,32820,Wild Turkey,,0,12,12,-9870,-1232,31.674,2.685,300,20,1,0,0,0,1,1,188,0,0,1,0,0,0,0,64,SmartAI,,NULL,1448
138654,32820,Wild Turkey,,0,12,12,-9869,-1537,26.111,0.722,300,20,1,0,0,0,1,1,188,0,0,1,0,0,0,0,64,SmartAI,,NULL,1448
138655,32820,Wild Turkey,,0,12,62,-9867,-917,36.258,0.774,300,20,1,0,0,0,1,1,188,0,0,1,0,0,0,0,64,SmartAI,,NULL,1448
138656,32820,Wild Turkey,,0,12,63,-9953.17,491.623,31.376,1.92737,300,20,1,0,0,0,1,1,188,0,0,1,0,0,0,0,64,SmartAI,,NULL,1448
138657,32820,Wild Turkey,,0,12,797,-9865,-222,35.965,0.876,300,20,1,0,0,0,1,1,188,0,0,1,0,0,0,0,64,SmartAI,,NULL,1448
138658,32820,Wild Turkey,,0,12,797,-9864,-190,35.805,5.313,300,20,1,0,0,0,1,1,188,0,0,1,0,0,0,0,64,SmartAI,,NULL,1448
138660,32820,Wild Turkey,,0,12,798,-9862,-1481,32.855,0.064,300,20,1,0,0,0,1,1,188,0,0,1,0,0,0,0,64,SmartAI,,NULL,1448
138661,32820,Wild Turkey,,0,12,797,-9861,-124,28.832,2.762,300,20,1,0,0,0,1,1,188,0,0,1,0,0,0,0,64,SmartAI,,NULL,1448
138662,32820,Wild Turkey,,0,12,797,-9859.72,-226.423,35.9223,0.545298,300,20,1,0,0,0,1,1,188,0,0,1,0,0,0,0,64,SmartAI,,NULL,1448
138663,32820,Wild Turkey,,0,12,797,-9860,-129,29.292,0.763,300,20,1,0,0,0,1,1,188,0,0,1,0,0,0,0,64,SmartAI,,NULL,1448
138664,32820,Wild Turkey,,0,12,63,-9860,471.51,36.643,4.627,300,20,1,0,0,0,1,1,188,0,0,1,0,0,0,0,64,SmartAI,,NULL,1448
138667,32820,Wild Turkey,,0,12,63,-9858,365.972,36.337,1.815,300,20,1,0,0,0,1,1,188,0,0,1,0,0,0,0,64,SmartAI,,NULL,1448
138668,32820,Wild Turkey,,0,12,62,-9857,-930,37.532,2.233,300,20,1,0,0,0,1,1,188,0,0,1,0,0,0,0,64,SmartAI,,NULL,1448
138669,32820,Wild Turkey,,0,12,62,-9857,-715,30.994,3.81,300,20,1,0,0,0,1,1,188,0,0,1,0,0,0,0,64,SmartAI,,NULL,1448
138670,32820,Wild Turkey,,0,12,797,-9857,-135,29.663,6.193,300,20,1,0,0,0,1,1,188,0,0,1,0,0,0,0,64,SmartAI,,NULL,1448
138671,32820,Wild Turkey,,0,12,60,-9857,671.134,37.354,2.036,300,20,1,0,0,0,1,1,188,0,0,1,0,0,0,0,64,SmartAI,,NULL,1448
138672,32820,Wild Turkey,,0,12,12,-9856,-1199,32.526,2.099,300,20,1,0,0,0,1,1,188,0,0,1,0,0,0,0,64,SmartAI,,NULL,1448
138673,32820,Wild Turkey,,0,12,62,-9856,-920,38.461,1.038,300,20,1,0,0,0,1,1,188,0,0,1,0,0,0,0,64,SmartAI,,NULL,1448
138674,32820,Wild Turkey,,0,12,798,-9855,-1380,40.682,1.781,300,20,1,0,0,0,1,1,188,0,0,1,0,0,0,0,64,SmartAI,,NULL,1448
138675,32820,Wild Turkey,,0,12,62,-9854,-993,36.544,1.231,300,20,1,0,0,0,1,1,188,0,0,1,0,0,0,0,64,SmartAI,,NULL,1448
138676,32820,Wild Turkey,,0,12,12,-9853,-1134,27.79,0.14,300,20,1,0,0,0,1,1,188,0,0,1,0,0,0,0,64,SmartAI,,NULL,1448
138677,32820,Wild Turkey,,0,12,62,-9851,-913,39.336,2.219,300,20,1,0,0,0,1,1,188,0,0,1,0,0,0,0,64,SmartAI,,NULL,1448
138678,32820,Wild Turkey,,0,12,12,-9850,-593,20.515,4.231,300,20,1,0,0,0,1,1,188,0,0,1,0,0,0,0,64,SmartAI,,NULL,1448
138679,32820,Wild Turkey,,0,12,60,-9850,644.698,39.705,3.528,300,20,1,0,0,0,1,1,188,0,0,1,0,0,0,0,64,SmartAI,,NULL,1448
138680,32820,Wild Turkey,,0,12,57,-9804.73,240.662,41.1706,4.86251,300,20,1,0,0,0,1,1,188,0,0,1,0,0,0,0,64,SmartAI,,NULL,1448
138681,32820,Wild Turkey,,0,12,12,-9848,-1652,22.788,0.41,300,20,1,0,0,0,1,1,188,0,0,1,0,0,0,0,64,SmartAI,,NULL,1448
138682,32820,Wild Turkey,,0,12,12,-9847,-1585,26.385,2.191,300,20,1,0,0,0,1,1,188,0,0,1,0,0,0,0,64,SmartAI,,NULL,1448
138683,32820,Wild Turkey,,0,12,62,-9845,-924,40.598,6.244,300,20,1,0,0,0,1,1,188,0,0,1,0,0,0,0,64,SmartAI,,NULL,1448
138684,32820,Wild Turkey,,0,12,798,-9843,-1486,35.741,4.619,300,20,1,0,0,0,1,1,188,0,0,1,0,0,0,0,64,SmartAI,,NULL,1448
138685,32820,Wild Turkey,,0,12,12,-9841,-514,28.703,0.697,300,20,1,0,0,0,1,1,188,0,0,1,0,0,0,0,64,SmartAI,,NULL,1448
138686,32820,Wild Turkey,,0,12,62,-9840,-1050,34.617,4.469,300,20,1,0,0,0,1,1,188,0,0,1,0,0,0,0,64,SmartAI,,NULL,1448
138687,32820,Wild Turkey,,0,12,62,-9840,-839,38.619,4.48,300,20,1,0,0,0,1,1,188,0,0,1,0,0,0,0,64,SmartAI,,NULL,1448
138688,32820,Wild Turkey,,0,12,64,-9840,94.95,38.219,3.128,300,20,1,0,0,0,1,1,188,0,0,1,0,0,0,0,64,SmartAI,,NULL,1448
138689,32820,Wild Turkey,,0,12,62,-9839,-1016,36.34,3.464,300,20,1,0,0,0,1,1,188,0,0,1,0,0,0,0,64,SmartAI,,NULL,1448
138690,32820,Wild Turkey,,0,12,12,-9836,-1589,27.767,5.994,300,20,1,0,0,0,1,1,188,0,0,1,0,0,0,0,64,SmartAI,,NULL,1448
138691,32820,Wild Turkey,,0,12,12,-9836,-1503,39.312,5.869,300,20,1,0,0,0,1,1,188,0,0,1,0,0,0,0,64,SmartAI,,NULL,1448
138692,32820,Wild Turkey,,0,12,12,-9835,-1180,33.735,6.256,300,20,1,0,0,0,1,1,188,0,0,1,0,0,0,0,64,SmartAI,,NULL,1448
138693,32820,Wild Turkey,,0,12,62,-9835,-1014,36.715,3.416,300,20,1,0,0,0,1,1,188,0,0,1,0,0,0,0,64,SmartAI,,NULL,1448
138694,32820,Wild Turkey,,0,12,12,-9834,-1641,27.372,0.369,300,20,1,0,0,0,1,1,188,0,0,1,0,0,0,0,64,SmartAI,,NULL,1448
138695,32820,Wild Turkey,,0,12,57,-9843.61,198.627,22.7217,5.28962,300,20,1,0,0,0,1,1,188,0,0,1,0,0,0,0,64,SmartAI,,NULL,1448
138696,32820,Wild Turkey,,0,12,798,-9832,-1498,39.74,5.377,300,20,1,0,0,0,1,1,188,0,0,1,0,0,0,0,64,SmartAI,,NULL,1448
138697,32820,Wild Turkey,,0,12,62,-9831,-919,41.841,3.293,300,20,1,0,0,0,1,1,188,0,0,1,0,0,0,0,64,SmartAI,,NULL,1448
138698,32820,Wild Turkey,,0,12,12,-9829,-546,26.926,2.84,300,20,1,0,0,0,1,1,188,0,0,1,0,0,0,0,64,SmartAI,,NULL,1448
138699,32820,Wild Turkey,,0,12,63,-9829,471.386,36.938,0.335,300,20,1,0,0,0,1,1,188,0,0,1,0,0,0,0,64,SmartAI,,NULL,1448
138700,32820,Wild Turkey,,0,12,60,-9829,562.429,39.357,6.275,300,20,1,0,0,0,1,1,188,0,0,1,0,0,0,0,64,SmartAI,,NULL,1448
138701,32820,Wild Turkey,,0,12,12,-9826,-1192,35.56,4.098,300,20,1,0,0,0,1,1,188,0,0,1,0,0,0,0,64,SmartAI,,NULL,1448
138702,32820,Wild Turkey,,0,12,57,-9826,261.761,40.683,1.78,300,20,1,0,0,0,1,1,188,0,0,1,0,0,0,0,64,SmartAI,,NULL,1448
138703,32820,Wild Turkey,,0,12,57,-9826,285.082,38.577,1.575,300,20,1,0,0,0,1,1,188,0,0,1,0,0,0,0,64,SmartAI,,NULL,1448
138704,32820,Wild Turkey,,0,12,60,-9826,543.539,36.069,1.571,300,20,1,0,0,0,1,1,188,0,0,1,0,0,0,0,64,SmartAI,,NULL,1448
138705,32820,Wild Turkey,,0,12,60,-9826,550.792,37.732,4.378,300,20,1,0,0,0,1,1,188,0,0,1,0,0,0,0,64,SmartAI,,NULL,1448
138706,32820,Wild Turkey,,0,12,12,-9825,-358,54.618,2.712,300,20,1,0,0,0,1,1,188,0,0,1,0,0,0,0,64,SmartAI,,NULL,1448
138707,32820,Wild Turkey,,0,12,57,-9825,269.418,39.451,3.454,300,20,1,0,0,0,1,1,188,0,0,1,0,0,0,0,64,SmartAI,,NULL,1448
138708,32820,Wild Turkey,,0,12,57,-9824,81.413,3.073,4.745,300,20,1,0,0,0,1,1,188,0,0,1,0,0,0,0,64,SmartAI,,NULL,1448
138709,32820,Wild Turkey,,0,12,12,-9823,39.419,32.713,5.261,300,20,1,0,0,0,1,1,188,0,0,1,0,0,0,0,64,SmartAI,,NULL,1448
138710,32820,Wild Turkey,,0,12,57,-9822,180.986,22.808,0.379,300,20,1,0,0,0,1,1,188,0,0,1,0,0,0,0,64,SmartAI,,NULL,1448
138711,32820,Wild Turkey,,0,12,12,-9821,-1582,30.796,5.815,300,20,1,0,0,0,1,1,188,0,0,1,0,0,0,0,64,SmartAI,,NULL,1448
138712,32820,Wild Turkey,,0,12,62,-9821,-760,37.255,3.793,300,20,1,0,0,0,1,1,188,0,0,1,0,0,0,0,64,SmartAI,,NULL,1448
138713,32820,Wild Turkey,,0,12,12,-9821,-235,37.324,4.182,300,20,1,0,0,0,1,1,188,0,0,1,0,0,0,0,64,SmartAI,,NULL,1448
138714,32820,Wild Turkey,,0,12,57,-9821,270.262,39.826,3.543,300,20,1,0,0,0,1,1,188,0,0,1,0,0,0,0,64,SmartAI,,NULL,1448
138715,32820,Wild Turkey,,0,12,12,-9820,-1186,35.621,0.891,300,20,1,0,0,0,1,1,188,0,0,1,0,0,0,0,64,SmartAI,,NULL,1448
138716,32820,Wild Turkey,,0,12,57,-9806.61,181.334,22.481,0.226278,300,20,1,0,0,0,1,1,188,0,0,1,0,0,0,0,64,SmartAI,,NULL,1448
138717,32820,Wild Turkey,,0,12,62,-9819,-1014,38.261,2.284,300,20,1,0,0,0,1,1,188,0,0,1,0,0,0,0,64,SmartAI,,NULL,1448
138718,32820,Wild Turkey,,0,12,57,-9819,271.888,39.745,3.47,300,20,1,0,0,0,1,1,188,0,0,1,0,0,0,0,64,SmartAI,,NULL,1448
138719,32820,Wild Turkey,,0,12,63,-9819,448.569,36.18,4.211,300,20,1,0,0,0,1,1,188,0,0,1,0,0,0,0,64,SmartAI,,NULL,1448
138720,32820,Wild Turkey,,0,12,12,-9818,-173,33.968,0.393,300,20,1,0,0,0,1,1,188,0,0,1,0,0,0,0,64,SmartAI,,NULL,1448
138721,32820,Wild Turkey,,0,12,12,-9818,-77,25.713,3.213,300,20,1,0,0,0,1,1,188,0,0,1,0,0,0,0,64,SmartAI,,NULL,1448
138722,32820,Wild Turkey,,0,12,63,-9818,470.864,36.726,3.236,300,20,1,0,0,0,1,1,188,0,0,1,0,0,0,0,64,SmartAI,,NULL,1448
138723,32820,Wild Turkey,,0,12,60,-9818,610.676,41.971,1.021,300,20,1,0,0,0,1,1,188,0,0,1,0,0,0,0,64,SmartAI,,NULL,1448
138724,32820,Wild Turkey,,0,12,62,-9817,-856,39.261,5.935,300,20,1,0,0,0,1,1,188,0,0,1,0,0,0,0,64,SmartAI,,NULL,1448
138725,32820,Wild Turkey,,0,12,12,-9817,-291,41.486,3.443,300,20,1,0,0,0,1,1,188,0,0,1,0,0,0,0,64,SmartAI,,NULL,1448
138726,32820,Wild Turkey,,0,12,12,-9817,-81,26.183,0,300,20,1,0,0,0,1,1,188,0,0,1,0,0,0,0,64,SmartAI,,NULL,1448
138727,32820,Wild Turkey,,0,12,12,-9817,49.706,34.991,3.594,300,20,1,0,0,0,1,1,188,0,0,1,0,0,0,0,64,SmartAI,,NULL,1448
138728,32820,Wild Turkey,,0,12,57,-9817,139.933,5.035,4.008,300,20,1,0,0,0,1,1,188,0,0,1,0,0,0,0,64,SmartAI,,NULL,1448
138729,32820,Wild Turkey,,0,12,63,-9817,415.699,36.716,0,300,20,1,0,0,0,1,1,188,0,0,1,0,0,0,0,64,SmartAI,,NULL,1448
138730,32820,Wild Turkey,,0,12,12,-9816,-184,36.307,0,300,20,1,0,0,0,1,1,188,0,0,1,0,0,0,0,64,SmartAI,,NULL,1448
138731,32820,Wild Turkey,,0,12,63,-9816,451.863,36.203,4.279,300,20,1,0,0,0,1,1,188,0,0,1,0,0,0,0,64,SmartAI,,NULL,1448
138732,32820,Wild Turkey,,0,12,12,-9815,-1161,34.012,4.563,300,20,1,0,0,0,1,1,188,0,0,1,0,0,0,0,64,SmartAI,,NULL,1448
138733,32820,Wild Turkey,,0,12,62,-9815,-1034,37.253,4.324,300,20,1,0,0,0,1,1,188,0,0,1,0,0,0,0,64,SmartAI,,NULL,1448
138734,32820,Wild Turkey,,0,12,12,-9815,-120,28.903,6.033,300,20,1,0,0,0,1,1,188,0,0,1,0,0,0,0,64,SmartAI,,NULL,1448
138735,32820,Wild Turkey,,0,12,62,-9813,-1023,37.602,1.692,300,20,1,0,0,0,1,1,188,0,0,1,0,0,0,0,64,SmartAI,,NULL,1448
138736,32820,Wild Turkey,,0,12,62,-9812,-1007,39.106,6.136,300,20,1,0,0,0,1,1,188,0,0,1,0,0,0,0,64,SmartAI,,NULL,1448
138737,32820,Wild Turkey,,0,12,12,-9809,-8,27.107,2.378,300,20,1,0,0,0,1,1,188,0,0,1,0,0,0,0,64,SmartAI,,NULL,1448
138738,32820,Wild Turkey,,0,12,57,-9818.85,181.23,22.8492,3.23508,300,20,1,0,0,0,1,1,188,0,0,1,0,0,0,0,64,SmartAI,,NULL,1448
138739,32820,Wild Turkey,,0,12,12,-9808,-1257,35.589,3.087,300,20,1,0,0,0,1,1,188,0,0,1,0,0,0,0,64,SmartAI,,NULL,1448
138740,32820,Wild Turkey,,0,12,62,-9808,-931,39.855,0.515,300,20,1,0,0,0,1,1,188,0,0,1,0,0,0,0,64,SmartAI,,NULL,1448
138741,32820,Wild Turkey,,0,12,60,-9808,700.085,33.112,4.485,300,20,1,0,0,0,1,1,188,0,0,1,0,0,0,0,64,SmartAI,,NULL,1448
138742,32820,Wild Turkey,,0,12,62,-9806,-932,39.941,1.082,300,20,1,0,0,0,1,1,188,0,0,1,0,0,0,0,64,SmartAI,,NULL,1448
138743,32820,Wild Turkey,,0,12,62,-9806,-927,39.94,4.34,300,20,1,0,0,0,1,1,188,0,0,1,0,0,0,0,64,SmartAI,,NULL,1448
138744,32820,Wild Turkey,,0,12,63,-9806,444.748,36.487,4.376,300,20,1,0,0,0,1,1,188,0,0,1,0,0,0,0,64,SmartAI,,NULL,1448
138745,32820,Wild Turkey,,0,12,63,-9803,369.894,39.797,0.106,300,20,1,0,0,0,1,1,188,0,0,1,0,0,0,0,64,SmartAI,,NULL,1448
138746,32820,Wild Turkey,,0,12,60,-9803,698.179,33.112,4.377,300,20,1,0,0,0,1,1,188,0,0,1,0,0,0,0,64,SmartAI,,NULL,1448
138747,32820,Wild Turkey,,0,12,12,-9801,-339,50.996,2.859,300,20,1,0,0,0,1,1,188,0,0,1,0,0,0,0,64,SmartAI,,NULL,1448
138748,32820,Wild Turkey,,0,12,57,-9828.89,215.772,15.5806,4.06545,300,20,1,0,0,0,1,1,188,0,0,1,0,0,0,0,64,SmartAI,,NULL,1448
138749,32820,Wild Turkey,,0,12,63,-9801,428.308,37.763,5.009,300,20,1,0,0,0,1,1,188,0,0,1,0,0,0,0,64,SmartAI,,NULL,1448
138750,32820,Wild Turkey,,0,12,12,-9800,-1545,40.87,6.055,300,20,1,0,0,0,1,1,188,0,0,1,0,0,0,0,64,SmartAI,,NULL,1448
138751,32820,Wild Turkey,,0,12,12,-9800,-69,25.769,2.678,300,20,1,0,0,0,1,1,188,0,0,1,0,0,0,0,64,SmartAI,,NULL,1448
138752,32820,Wild Turkey,,0,12,12,-9799,-84,25.817,2.924,300,20,1,0,0,0,1,1,188,0,0,1,0,0,0,0,64,SmartAI,,NULL,1448
138753,32820,Wild Turkey,,0,12,57,-9799,109.791,24.437,2.13,300,20,1,0,0,0,1,1,188,0,0,1,0,0,0,0,64,SmartAI,,NULL,1448
138754,32820,Wild Turkey,,0,12,57,-9825.36,199.121,13.9991,5.394,300,20,1,0,0,0,1,1,188,0,0,1,0,0,0,0,64,SmartAI,,NULL,1448
138755,32820,Wild Turkey,,0,12,12,-9798,-1566,37.678,4.835,300,20,1,0,0,0,1,1,188,0,0,1,0,0,0,0,64,SmartAI,,NULL,1448
138756,32820,Wild Turkey,,0,12,12,-9798,-71,25.992,2.625,300,20,1,0,0,0,1,1,188,0,0,1,0,0,0,0,64,SmartAI,,NULL,1448
138757,32820,Wild Turkey,,0,12,63,-9798,460.417,36.02,1.952,300,20,1,0,0,0,1,1,188,0,0,1,0,0,0,0,64,SmartAI,,NULL,1448
138758,32820,Wild Turkey,,0,12,12,-9797,-1545,41.124,6.074,300,20,1,0,0,0,1,1,188,0,0,1,0,0,0,0,64,SmartAI,,NULL,1448
138759,32820,Wild Turkey,,0,12,57,-9797,99.441,27.848,3.72,300,20,1,0,0,0,1,1,188,0,0,1,0,0,0,0,64,SmartAI,,NULL,1448
138760,32820,Wild Turkey,,0,12,57,-9797,140.117,23.51,0.629,300,20,1,0,0,0,1,1,188,0,0,1,0,0,0,0,64,SmartAI,,NULL,1448
138761,32820,Wild Turkey,,0,12,798,-9796,-1328,44.102,3.989,300,20,1,0,0,0,1,1,188,0,0,1,0,0,0,0,64,SmartAI,,NULL,1448
138762,32820,Wild Turkey,,0,12,12,-9796,-92,26.825,4.658,300,20,1,0,0,0,1,1,188,0,0,1,0,0,0,0,64,SmartAI,,NULL,1448
138763,32820,Wild Turkey,,0,12,57,-9768.37,231.5,46.3995,2.64377,300,20,1,0,0,0,1,1,188,0,0,1,0,0,0,0,64,SmartAI,,NULL,1448
138764,32820,Wild Turkey,,0,12,57,-9795,109.769,46.1,1.688,300,20,1,0,0,0,1,1,188,0,0,1,0,0,0,0,64,SmartAI,,NULL,1448
138765,32820,Wild Turkey,,0,12,63,-9795,470.588,35.875,5.219,300,20,1,0,0,0,1,1,188,0,0,1,0,0,0,0,64,SmartAI,,NULL,1448
138766,32820,Wild Turkey,,0,12,12,-9793,-76,26.349,0.763,300,20,1,0,0,0,1,1,188,0,0,1,0,0,0,0,64,SmartAI,,NULL,1448
138767,32820,Wild Turkey,,0,12,62,-9790,-891,40.109,0.336,300,20,1,0,0,0,1,1,188,0,0,1,0,0,0,0,64,SmartAI,,NULL,1448
138768,32820,Wild Turkey,,0,12,60,-9790,811.494,25.983,5.441,300,20,1,0,0,0,1,1,188,0,0,1,0,0,0,0,64,SmartAI,,NULL,1448
138769,32820,Wild Turkey,,0,12,12,-9789,-52,26.779,3.638,300,20,1,0,0,0,1,1,188,0,0,1,0,0,0,0,64,SmartAI,,NULL,1448
138770,32820,Wild Turkey,,0,12,57,-9788,111.106,46.738,4.66,300,20,1,0,0,0,1,1,188,0,0,1,0,0,0,0,64,SmartAI,,NULL,1448
138771,32820,Wild Turkey,,0,12,12,-9787,-555,32.218,1.918,300,20,1,0,0,0,1,1,188,0,0,1,0,0,0,0,64,SmartAI,,NULL,1448
138772,32820,Wild Turkey,,0,12,63,-9787,446.78,37.712,3.265,300,20,1,0,0,0,1,1,188,0,0,1,0,0,0,0,64,SmartAI,,NULL,1448
138773,32820,Wild Turkey,,0,12,60,-9787,731.342,33.005,2.531,300,20,1,0,0,0,1,1,188,0,0,1,0,0,0,0,64,SmartAI,,NULL,1448
138774,32820,Wild Turkey,,0,12,12,-9786,-338,52.05,3.137,300,20,1,0,0,0,1,1,188,0,0,1,0,0,0,0,64,SmartAI,,NULL,1448
138775,32820,Wild Turkey,,0,12,12,-9785,-1131,35.206,4.418,300,20,1,0,0,0,1,1,188,0,0,1,0,0,0,0,64,SmartAI,,NULL,1448
138776,32820,Wild Turkey,,0,12,12,-9785,-369,53.851,0.932,300,20,1,0,0,0,1,1,188,0,0,1,0,0,0,0,64,SmartAI,,NULL,1448
138777,32820,Wild Turkey,,0,12,12,-9785,-312,47.715,1.767,300,20,1,0,0,0,1,1,188,0,0,1,0,0,0,0,64,SmartAI,,NULL,1448
138778,32820,Wild Turkey,,0,12,12,-9784,-1540,43.124,6.088,300,20,1,0,0,0,1,1,188,0,0,1,0,0,0,0,64,SmartAI,,NULL,1448
138779,32820,Wild Turkey,,0,12,62,-9784,-984,40.225,2.491,300,20,1,0,0,0,1,1,188,0,0,1,0,0,0,0,64,SmartAI,,NULL,1448
138780,32820,Wild Turkey,,0,12,60,-9784,583.306,37.658,0,300,20,1,0,0,0,1,1,188,0,0,1,0,0,0,0,64,SmartAI,,NULL,1448
138781,32820,Wild Turkey,,0,12,12,-9783,-643,38.064,3.106,300,20,1,0,0,0,1,1,188,0,0,1,0,0,0,0,64,SmartAI,,NULL,1448
138782,32820,Wild Turkey,,0,12,12,-9783,-206,40.169,4.714,300,20,1,0,0,0,1,1,188,0,0,1,0,0,0,0,64,SmartAI,,NULL,1448
138783,32820,Wild Turkey,,0,12,57,-9783,108.722,46.037,1.602,300,20,1,0,0,0,1,1,188,0,0,1,0,0,0,0,64,SmartAI,,NULL,1448
138784,32820,Wild Turkey,,0,12,12,-9782,-1214,40.11,4.743,300,20,1,0,0,0,1,1,188,0,0,1,0,0,0,0,64,SmartAI,,NULL,1448
138785,32820,Wild Turkey,,0,12,12,-9781,-340,52.759,6.267,300,20,1,0,0,0,1,1,188,0,0,1,0,0,0,0,64,SmartAI,,NULL,1448
138786,32820,Wild Turkey,,0,12,12,-9781,38.677,34.476,3.719,300,20,1,0,0,0,1,1,188,0,0,1,0,0,0,0,64,SmartAI,,NULL,1448
138787,32820,Wild Turkey,,0,12,60,-9781,818.493,25.876,5.222,300,20,1,0,0,0,1,1,188,0,0,1,0,0,0,0,64,SmartAI,,NULL,1448
138788,32820,Wild Turkey,,0,12,62,-9780,-713,37.885,4.901,300,20,1,0,0,0,1,1,188,0,0,1,0,0,0,0,64,SmartAI,,NULL,1448
138789,32820,Wild Turkey,,0,12,12,-9774,42.294,35.31,3.105,300,20,1,0,0,0,1,1,188,0,0,1,0,0,0,0,64,SmartAI,,NULL,1448
138790,32820,Wild Turkey,,0,12,62,-9773,-877,39.698,0.241,300,20,1,0,0,0,1,1,188,0,0,1,0,0,0,0,64,SmartAI,,NULL,1448
138791,32820,Wild Turkey,,0,12,12,-9773,-663,38.65,4.342,300,20,1,0,0,0,1,1,188,0,0,1,0,0,0,0,64,SmartAI,,NULL,1448
138792,32820,Wild Turkey,,0,12,12,-9773,-625,38.944,4.624,300,20,1,0,0,0,1,1,188,0,0,1,0,0,0,0,64,SmartAI,,NULL,1448
138793,32820,Wild Turkey,,0,12,12,-9773,-85,28.616,5.453,300,20,1,0,0,0,1,1,188,0,0,1,0,0,0,0,64,SmartAI,,NULL,1448
138794,32820,Wild Turkey,,0,12,62,-9772,-741,39.829,5.986,300,20,1,0,0,0,1,1,188,0,0,1,0,0,0,0,64,SmartAI,,NULL,1448
138795,32820,Wild Turkey,,0,12,62,-9771,-857,39.585,4.254,300,20,1,0,0,0,1,1,188,0,0,1,0,0,0,0,64,SmartAI,,NULL,1448
138796,32820,Wild Turkey,,0,12,12,-9771,-579,36.326,3.167,300,20,1,0,0,0,1,1,188,0,0,1,0,0,0,0,64,SmartAI,,NULL,1448
138797,32820,Wild Turkey,,0,12,57,-9771,111.906,47.054,2.732,300,20,1,0,0,0,1,1,188,0,0,1,0,0,0,0,64,SmartAI,,NULL,1448
138798,32820,Wild Turkey,,0,12,12,-9758.04,191.688,51.0349,3.51339,300,20,1,0,0,0,1,1,188,0,0,1,0,0,0,0,64,SmartAI,,NULL,1448
138799,32820,Wild Turkey,,0,12,57,-9770,205.796,46.15,3.377,300,20,1,0,0,0,1,1,188,0,0,1,0,0,0,0,64,SmartAI,,NULL,1448
138800,32820,Wild Turkey,,0,12,12,-9769,-1566,41.704,5.201,300,20,1,0,0,0,1,1,188,0,0,1,0,0,0,0,64,SmartAI,,NULL,1448
138801,32820,Wild Turkey,,0,12,12,-9769,-77,28.542,4.893,300,20,1,0,0,0,1,1,188,0,0,1,0,0,0,0,64,SmartAI,,NULL,1448
138802,32820,Wild Turkey,,0,12,62,-9765,-740,40.328,1.356,300,20,1,0,0,0,1,1,188,0,0,1,0,0,0,0,64,SmartAI,,NULL,1448
138803,32820,Wild Turkey,,0,12,12,-9765,-640,40.579,3.144,300,20,1,0,0,0,1,1,188,0,0,1,0,0,0,0,64,SmartAI,,NULL,1448
138804,32820,Wild Turkey,,0,12,12,-9764,-1627,47.481,2.482,300,20,1,0,0,0,1,1,188,0,0,1,0,0,0,0,64,SmartAI,,NULL,1448
138805,32820,Wild Turkey,,0,12,12,-9764,-580,37.913,5.737,300,20,1,0,0,0,1,1,188,0,0,1,0,0,0,0,64,SmartAI,,NULL,1448
138806,32820,Wild Turkey,,0,12,12,-9763,325.363,43.322,2.428,300,20,1,0,0,0,1,1,188,0,0,1,0,0,0,0,64,SmartAI,,NULL,1448
138807,32820,Wild Turkey,,0,12,12,-9762,54.415,38.711,1.661,300,20,1,0,0,0,1,1,188,0,0,1,0,0,0,0,64,SmartAI,,NULL,1448
138808,32820,Wild Turkey,,0,12,62,-9761,-1015,40.758,1.741,300,20,1,0,0,0,1,1,188,0,0,1,0,0,0,0,64,SmartAI,,NULL,1448
138809,32820,Wild Turkey,,0,12,62,-9761,-948,39.179,5.835,300,20,1,0,0,0,1,1,188,0,0,1,0,0,0,0,64,SmartAI,,NULL,1448
138810,32820,Wild Turkey,,0,12,12,-9759,-643,40.987,6.268,300,20,1,0,0,0,1,1,188,0,0,1,0,0,0,0,64,SmartAI,,NULL,1448
138811,32820,Wild Turkey,,0,12,12,-9758,-137,32.806,0.543,300,20,1,0,0,0,1,1,188,0,0,1,0,0,0,0,64,SmartAI,,NULL,1448
138812,32820,Wild Turkey,,0,12,12,-9758,-73,30.879,3.776,300,20,1,0,0,0,1,1,188,0,0,1,0,0,0,0,64,SmartAI,,NULL,1448
138813,32820,Wild Turkey,,0,12,62,-9757,-734,40.014,1.117,300,20,1,0,0,0,1,1,188,0,0,1,0,0,0,0,64,SmartAI,,NULL,1448
138814,32820,Wild Turkey,,0,12,12,-9757,212.414,47.7,0.285,300,20,1,0,0,0,1,1,188,0,0,1,0,0,0,0,64,SmartAI,,NULL,1448
138815,32820,Wild Turkey,,0,12,62,-9756,-743,41.258,3.814,300,20,1,0,0,0,1,1,188,0,0,1,0,0,0,0,64,SmartAI,,NULL,1448
138816,32820,Wild Turkey,,0,12,798,-9754,-1314,47.153,3.479,300,20,1,0,0,0,1,1,188,0,0,1,0,0,0,0,64,SmartAI,,NULL,1448
138817,32820,Wild Turkey,,0,12,12,-9754,83.393,42.845,3.962,300,20,1,0,0,0,1,1,188,0,0,1,0,0,0,0,64,SmartAI,,NULL,1448
138818,32820,Wild Turkey,,0,12,12,-9753,-265,46.591,4.372,300,20,1,0,0,0,1,1,188,0,0,1,0,0,0,0,64,SmartAI,,NULL,1448
138819,32820,Wild Turkey,,0,12,798,-9752,-1450,49.442,5.795,300,20,1,0,0,0,1,1,188,0,0,1,0,0,0,0,64,SmartAI,,NULL,1448
138820,32820,Wild Turkey,,0,12,12,-9752,-219,44.307,5.562,300,20,1,0,0,0,1,1,188,0,0,1,0,0,0,0,64,SmartAI,,NULL,1448
138821,32820,Wild Turkey,,0,12,12,-9752,317.84,44.536,1.763,300,20,1,0,0,0,1,1,188,0,0,1,0,0,0,0,64,SmartAI,,NULL,1448
138822,32820,Wild Turkey,,0,12,62,-9751,-747,41.764,5.172,300,20,1,0,0,0,1,1,188,0,0,1,0,0,0,0,64,SmartAI,,NULL,1448
138823,32820,Wild Turkey,,0,12,62,-9750,-749,41.764,5.17,300,20,1,0,0,0,1,1,188,0,0,1,0,0,0,0,64,SmartAI,,NULL,1448
138824,32820,Wild Turkey,,0,12,12,-9750,317.248,44.883,6.075,300,20,1,0,0,0,1,1,188,0,0,1,0,0,0,0,64,SmartAI,,NULL,1448
138825,32820,Wild Turkey,,0,12,12,-9750,520.191,35.408,4.794,300,20,1,0,0,0,1,1,188,0,0,1,0,0,0,0,64,SmartAI,,NULL,1448
138826,32820,Wild Turkey,,0,12,12,-9749,-147,35.487,1.987,300,20,1,0,0,0,1,1,188,0,0,1,0,0,0,0,64,SmartAI,,NULL,1448
138827,32820,Wild Turkey,,0,12,57,-9826.07,186.314,12.2822,1.2734,300,20,1,0,0,0,1,1,188,0,0,1,0,0,0,0,64,SmartAI,,NULL,1448
138828,32820,Wild Turkey,,0,12,62,-9748,-753,41.264,5.73,300,20,1,0,0,0,1,1,188,0,0,1,0,0,0,0,64,SmartAI,,NULL,1448
138829,32820,Wild Turkey,,0,12,12,-9748,-348,54.392,0.792,300,20,1,0,0,0,1,1,188,0,0,1,0,0,0,0,64,SmartAI,,NULL,1448
138830,32820,Wild Turkey,,0,12,12,-9748,311.153,45.449,6.103,300,20,1,0,0,0,1,1,188,0,0,1,0,0,0,0,64,SmartAI,,NULL,1448
138831,32820,Wild Turkey,,0,12,798,-9747,-1530,49.29,4.695,300,20,1,0,0,0,1,1,188,0,0,1,0,0,0,0,64,SmartAI,,NULL,1448
138832,32820,Wild Turkey,,0,12,62,-9747,-918,39.343,6.169,300,20,1,0,0,0,1,1,188,0,0,1,0,0,0,0,64,SmartAI,,NULL,1448
138833,32820,Wild Turkey,,0,12,12,-9747,103.541,45.928,0.122,300,20,1,0,0,0,1,1,188,0,0,1,0,0,0,0,64,SmartAI,,NULL,1448
138834,32820,Wild Turkey,,0,12,57,-9851.49,213.185,14.1337,2.54401,300,20,1,0,0,0,1,1,188,0,0,1,0,0,0,0,64,SmartAI,,NULL,1448
138835,32820,Wild Turkey,,0,12,57,-9744,87.153,12.71,6.018,300,20,1,0,0,0,1,1,188,0,0,1,0,0,0,0,64,SmartAI,,NULL,1448
138836,32820,Wild Turkey,,0,12,12,-9743,-361,53.892,3.28,300,20,1,0,0,0,1,1,188,0,0,1,0,0,0,0,64,SmartAI,,NULL,1448
138837,32820,Wild Turkey,,0,12,12,-9743,-1,37.689,2.205,300,20,1,0,0,0,1,1,188,0,0,1,0,0,0,0,64,SmartAI,,NULL,1448
138838,32820,Wild Turkey,,0,12,12,-9743,430.639,38.11,3.056,300,20,1,0,0,0,1,1,188,0,0,1,0,0,0,0,64,SmartAI,,NULL,1448
138839,32820,Wild Turkey,,0,12,62,-9742,-759,41.002,4.724,300,20,1,0,0,0,1,1,188,0,0,1,0,0,0,0,64,SmartAI,,NULL,1448
138840,32820,Wild Turkey,,0,12,62,-9742,-725,40.918,1.935,300,20,1,0,0,0,1,1,188,0,0,1,0,0,0,0,64,SmartAI,,NULL,1448
138841,32820,Wild Turkey,,0,12,62,-9741,-837,40.12,4.08,300,20,1,0,0,0,1,1,188,0,0,1,0,0,0,0,64,SmartAI,,NULL,1448
138842,32820,Wild Turkey,,0,12,12,-9741,165.586,50.495,0.571,300,20,1,0,0,0,1,1,188,0,0,1,0,0,0,0,64,SmartAI,,NULL,1448
138843,32820,Wild Turkey,,0,12,57,-9903.68,226.756,16.4163,0.336615,300,20,1,0,0,0,1,1,188,0,0,1,0,0,0,0,64,SmartAI,,NULL,1448
138844,32820,Wild Turkey,,0,12,12,-9739,518.949,35.619,1.928,300,20,1,0,0,0,1,1,188,0,0,1,0,0,0,0,64,SmartAI,,NULL,1448
138845,32820,Wild Turkey,,0,12,12,-9738,-1213,47.634,2.495,300,20,1,0,0,0,1,1,188,0,0,1,0,0,0,0,64,SmartAI,,NULL,1448
138847,32820,Wild Turkey,,0,12,62,-9735,-989,42.063,0.381,300,20,1,0,0,0,1,1,188,0,0,1,0,0,0,0,64,SmartAI,,NULL,1448
138848,32820,Wild Turkey,,0,12,12,-9735,-79,34.112,3.089,300,20,1,0,0,0,1,1,188,0,0,1,0,0,0,0,64,SmartAI,,NULL,1448
138849,32820,Wild Turkey,,0,12,57,-9735,138.105,19.025,0.554,300,20,1,0,0,0,1,1,188,0,0,1,0,0,0,0,64,SmartAI,,NULL,1448
138850,32820,Wild Turkey,,0,12,57,-9734,114.787,24.424,5.405,300,20,1,0,0,0,1,1,188,0,0,1,0,0,0,0,64,SmartAI,,NULL,1448
138851,32820,Wild Turkey,,0,12,57,-9731,115.349,24.41,4.975,300,20,1,0,0,0,1,1,188,0,0,1,0,0,0,0,64,SmartAI,,NULL,1448
138852,32820,Wild Turkey,,0,12,12,-9731,447.916,37.187,2.678,300,20,1,0,0,0,1,1,188,0,0,1,0,0,0,0,64,SmartAI,,NULL,1448
138853,32820,Wild Turkey,,0,12,798,-9730,-1466,52.464,4.684,300,20,1,0,0,0,1,1,188,0,0,1,0,0,0,0,64,SmartAI,,NULL,1448
138854,32820,Wild Turkey,,0,12,12,-9730,-259,47.41,2.503,300,20,1,0,0,0,1,1,188,0,0,1,0,0,0,0,64,SmartAI,,NULL,1448
138855,32820,Wild Turkey,,0,12,12,-9730,103.062,46.948,5.309,300,20,1,0,0,0,1,1,188,0,0,1,0,0,0,0,64,SmartAI,,NULL,1448
138856,32820,Wild Turkey,,0,12,12,-9730,341.769,43.205,2.423,300,20,1,0,0,0,1,1,188,0,0,1,0,0,0,0,64,SmartAI,,NULL,1448
138857,32820,Wild Turkey,,0,12,12,-9729,437.74,37.602,2.513,300,20,1,0,0,0,1,1,188,0,0,1,0,0,0,0,64,SmartAI,,NULL,1448
138858,32820,Wild Turkey,,0,12,798,-9728,-1553,52.11,6.186,300,20,1,0,0,0,1,1,188,0,0,1,0,0,0,0,64,SmartAI,,NULL,1448
138859,32820,Wild Turkey,,0,12,62,-9728,-746,41.971,0.902,300,20,1,0,0,0,1,1,188,0,0,1,0,0,0,0,64,SmartAI,,NULL,1448
138860,32820,Wild Turkey,,0,12,12,-9728,290.418,48.336,1.483,300,20,1,0,0,0,1,1,188,0,0,1,0,0,0,0,64,SmartAI,,NULL,1448
138861,32820,Wild Turkey,,0,12,12,-9727,-1089,38.716,2.975,300,20,1,0,0,0,1,1,188,0,0,1,0,0,0,0,64,SmartAI,,NULL,1448
138862,32820,Wild Turkey,,0,12,12,-9727,40.062,39.599,3.984,300,20,1,0,0,0,1,1,188,0,0,1,0,0,0,0,64,SmartAI,,NULL,1448
138863,32820,Wild Turkey,,0,12,12,-9727,474.598,35.212,2.846,300,20,1,0,0,0,1,1,188,0,0,1,0,0,0,0,64,SmartAI,,NULL,1448
138864,32820,Wild Turkey,,0,12,120,-9727,720.553,28.913,6.131,300,20,1,0,0,0,1,1,188,0,0,1,0,0,0,0,64,SmartAI,,NULL,1448
138865,32820,Wild Turkey,,0,12,12,-9726,-1129,39.08,2.512,300,20,1,0,0,0,1,1,188,0,0,1,0,0,0,0,64,SmartAI,,NULL,1448
138866,32820,Wild Turkey,,0,12,120,-9726,712.112,29.85,2.776,300,20,1,0,0,0,1,1,188,0,0,1,0,0,0,0,64,SmartAI,,NULL,1448
138867,32820,Wild Turkey,,0,12,798,-9724,-1310,48.816,0.756,300,20,1,0,0,0,1,1,188,0,0,1,0,0,0,0,64,SmartAI,,NULL,1448
138868,32820,Wild Turkey,,0,12,12,-9724,-1112,40.213,3.67,300,20,1,0,0,0,1,1,188,0,0,1,0,0,0,0,64,SmartAI,,NULL,1448
138869,32820,Wild Turkey,,0,12,62,-9724,-930,38.308,2.72,300,20,1,0,0,0,1,1,188,0,0,1,0,0,0,0,64,SmartAI,,NULL,1448
138870,32820,Wild Turkey,,0,12,12,-9723,-581,45.81,5.94,300,20,1,0,0,0,1,1,188,0,0,1,0,0,0,0,64,SmartAI,,NULL,1448
138871,32820,Wild Turkey,,0,12,12,-9722,128.517,47.234,0.323,300,20,1,0,0,0,1,1,188,0,0,1,0,0,0,0,64,SmartAI,,NULL,1448
138872,32820,Wild Turkey,,0,12,12,-9722,197.088,50.27,4.67,300,20,1,0,0,0,1,1,188,0,0,1,0,0,0,0,64,SmartAI,,NULL,1448
138873,32820,Wild Turkey,,0,12,12,-9722,256.462,49.063,1.155,300,20,1,0,0,0,1,1,188,0,0,1,0,0,0,0,64,SmartAI,,NULL,1448
138874,32820,Wild Turkey,,0,12,12,-9721,23.362,39.87,5.61,300,20,1,0,0,0,1,1,188,0,0,1,0,0,0,0,64,SmartAI,,NULL,1448
138875,32820,Wild Turkey,,0,12,12,-9721,428.239,38.853,0,300,20,1,0,0,0,1,1,188,0,0,1,0,0,0,0,64,SmartAI,,NULL,1448
138876,32820,Wild Turkey,,0,12,60,-9721,745.296,30.548,5.925,300,20,1,0,0,0,1,1,188,0,0,1,0,0,0,0,64,SmartAI,,NULL,1448
138877,32820,Wild Turkey,,0,12,12,-9720,-1205,49.588,5.101,300,20,1,0,0,0,1,1,188,0,0,1,0,0,0,0,64,SmartAI,,NULL,1448
138878,32820,Wild Turkey,,0,12,12,-9720,429.388,38.745,2.756,300,20,1,0,0,0,1,1,188,0,0,1,0,0,0,0,64,SmartAI,,NULL,1448
138879,32820,Wild Turkey,,0,12,12,-9719,-395,50.859,0.383,300,20,1,0,0,0,1,1,188,0,0,1,0,0,0,0,64,SmartAI,,NULL,1448
138880,32820,Wild Turkey,,0,12,12,-9718,-85,36.09,3.028,300,20,1,0,0,0,1,1,188,0,0,1,0,0,0,0,64,SmartAI,,NULL,1448
138881,32820,Wild Turkey,,0,12,12,-9718,371.821,42.544,5.649,300,20,1,0,0,0,1,1,188,0,0,1,0,0,0,0,64,SmartAI,,NULL,1448
138882,32820,Wild Turkey,,0,12,798,-9717,-1490,50.84,4.318,300,20,1,0,0,0,1,1,188,0,0,1,0,0,0,0,64,SmartAI,,NULL,1448
138883,32820,Wild Turkey,,0,12,798,-9717,-1303,50.725,4.052,300,20,1,0,0,0,1,1,188,0,0,1,0,0,0,0,64,SmartAI,,NULL,1448
138884,32820,Wild Turkey,,0,12,60,-9717,755.86,30.836,4.349,300,20,1,0,0,0,1,1,188,0,0,1,0,0,0,0,64,SmartAI,,NULL,1448
138885,32820,Wild Turkey,,0,12,12,-9716,-1144,40.123,0.638,300,20,1,0,0,0,1,1,188,0,0,1,0,0,0,0,64,SmartAI,,NULL,1448
138886,32820,Wild Turkey,,0,12,62,-9716,-818,43.924,1.439,300,20,1,0,0,0,1,1,188,0,0,1,0,0,0,0,64,SmartAI,,NULL,1448
138887,32820,Wild Turkey,,0,12,798,-9715,-1537,54.61,0.335,300,20,1,0,0,0,1,1,188,0,0,1,0,0,0,0,64,SmartAI,,NULL,1448
138888,32820,Wild Turkey,,0,12,62,-9715,-716,45.383,1.985,300,20,1,0,0,0,1,1,188,0,0,1,0,0,0,0,64,SmartAI,,NULL,1448
138889,32820,Wild Turkey,,0,12,12,-9715,-245,48.313,0.157,300,20,1,0,0,0,1,1,188,0,0,1,0,0,0,0,64,SmartAI,,NULL,1448
138890,32820,Wild Turkey,,0,12,12,-9714,-7,38.999,6.216,300,20,1,0,0,0,1,1,188,0,0,1,0,0,0,0,64,SmartAI,,NULL,1448
138891,32820,Wild Turkey,,0,12,12,-9714,410.541,40.489,5.066,300,20,1,0,0,0,1,1,188,0,0,1,0,0,0,0,64,SmartAI,,NULL,1448
138892,32820,Wild Turkey,,0,12,12,-9713,-646,46.941,5.807,300,20,1,0,0,0,1,1,188,0,0,1,0,0,0,0,64,SmartAI,,NULL,1448
138893,32820,Wild Turkey,,0,12,12,-9712,-660,46.67,0.96,300,20,1,0,0,0,1,1,188,0,0,1,0,0,0,0,64,SmartAI,,NULL,1448
138894,32820,Wild Turkey,,0,12,12,-9712,-181,43.842,3.608,300,20,1,0,0,0,1,1,188,0,0,1,0,0,0,0,64,SmartAI,,NULL,1448
138895,32820,Wild Turkey,,0,12,12,-9712,-113,36.01,5.03,300,20,1,0,0,0,1,1,188,0,0,1,0,0,0,0,64,SmartAI,,NULL,1448
138896,32820,Wild Turkey,,0,12,60,-9712,579.657,37.595,0.698,300,20,1,0,0,0,1,1,188,0,0,1,0,0,0,0,64,SmartAI,,NULL,1448
138897,32820,Wild Turkey,,0,12,798,-9711,-1546,56.61,1.215,300,20,1,0,0,0,1,1,188,0,0,1,0,0,0,0,64,SmartAI,,NULL,1448
138898,32820,Wild Turkey,,0,12,12,-9711,245.09,49.688,5.531,300,20,1,0,0,0,1,1,188,0,0,1,0,0,0,0,64,SmartAI,,NULL,1448
138899,32820,Wild Turkey,,0,12,12,-9709,-515,53.228,5.221,300,20,1,0,0,0,1,1,188,0,0,1,0,0,0,0,64,SmartAI,,NULL,1448
138900,32820,Wild Turkey,,0,12,12,-9708,-375,53.215,4.519,300,20,1,0,0,0,1,1,188,0,0,1,0,0,0,0,64,SmartAI,,NULL,1448
138901,32820,Wild Turkey,,0,12,120,-9708,726.474,30.275,0.921,300,20,1,0,0,0,1,1,188,0,0,1,0,0,0,0,64,SmartAI,,NULL,1448
138902,32820,Wild Turkey,,0,12,12,-9707,-1225,54.113,6.001,300,20,1,0,0,0,1,1,188,0,0,1,0,0,0,0,64,SmartAI,,NULL,1448
138903,32820,Wild Turkey,,0,12,12,-9706,-448,51.78,3.097,300,20,1,0,0,0,1,1,188,0,0,1,0,0,0,0,64,SmartAI,,NULL,1448
138904,32820,Wild Turkey,,0,12,12,-9706,-50,38.471,0.338,300,20,1,0,0,0,1,1,188,0,0,1,0,0,0,0,64,SmartAI,,NULL,1448
138905,32820,Wild Turkey,,0,12,62,-9705,-986,41.854,0.701,300,20,1,0,0,0,1,1,188,0,0,1,0,0,0,0,64,SmartAI,,NULL,1448
138906,32820,Wild Turkey,,0,12,60,-9729.64,590.888,32.8345,2.93918,300,20,1,0,0,0,1,1,188,0,0,1,0,0,0,0,64,SmartAI,,NULL,1448
138907,32820,Wild Turkey,,0,12,12,-9703,-194,45.877,3.77,300,20,1,0,0,0,1,1,188,0,0,1,0,0,0,0,64,SmartAI,,NULL,1448
138908,32820,Wild Turkey,,0,12,12,-9701,-343,56.395,0.109,300,20,1,0,0,0,1,1,188,0,0,1,0,0,0,0,64,SmartAI,,NULL,1448
138909,32820,Wild Turkey,,0,12,12,-9699,-1219,53.988,3.839,300,20,1,0,0,0,1,1,188,0,0,1,0,0,0,0,64,SmartAI,,NULL,1448
138910,32820,Wild Turkey,,0,12,120,-9699,754.402,31.08,4.664,300,20,1,0,0,0,1,1,188,0,0,1,0,0,0,0,64,SmartAI,,NULL,1448
138911,32820,Wild Turkey,,0,12,12,-9698,-79,38.762,4.605,300,20,1,0,0,0,1,1,188,0,0,1,0,0,0,0,64,SmartAI,,NULL,1448
138912,32820,Wild Turkey,,0,12,12,-9698,-73,38.956,5.983,300,20,1,0,0,0,1,1,188,0,0,1,0,0,0,0,64,SmartAI,,NULL,1448
138913,32820,Wild Turkey,,0,12,12,-9697,-77,38.994,4.625,300,20,1,0,0,0,1,1,188,0,0,1,0,0,0,0,64,SmartAI,,NULL,1448
138914,32820,Wild Turkey,,0,12,12,-9696,-563,47.972,4.491,300,20,1,0,0,0,1,1,188,0,0,1,0,0,0,0,64,SmartAI,,NULL,1448
138915,32820,Wild Turkey,,0,12,12,-9696,-518,51.99,2.203,300,20,1,0,0,0,1,1,188,0,0,1,0,0,0,0,64,SmartAI,,NULL,1448
138916,32820,Wild Turkey,,0,12,12,-9696,-287,58.855,3.667,300,20,1,0,0,0,1,1,188,0,0,1,0,0,0,0,64,SmartAI,,NULL,1448
138917,32820,Wild Turkey,,0,12,12,-9696,119.949,48.207,3.006,300,20,1,0,0,0,1,1,188,0,0,1,0,0,0,0,64,SmartAI,,NULL,1448
138918,32820,Wild Turkey,,0,12,120,-9696,605.496,39.227,0.987,300,20,1,0,0,0,1,1,188,0,0,1,0,0,0,0,64,SmartAI,,NULL,1448
138919,32820,Wild Turkey,,0,12,12,-9695,-596,48.613,2.691,300,20,1,0,0,0,1,1,188,0,0,1,0,0,0,0,64,SmartAI,,NULL,1448
138920,32820,Wild Turkey,,0,12,12,-9694,-338,57.316,1.581,300,20,1,0,0,0,1,1,188,0,0,1,0,0,0,0,64,SmartAI,,NULL,1448
138921,32820,Wild Turkey,,0,12,12,-9694,-325,56.084,3.284,300,20,1,0,0,0,1,1,188,0,0,1,0,0,0,0,64,SmartAI,,NULL,1448
138922,32820,Wild Turkey,,0,12,62,-9693,-891,42.969,3.883,300,20,1,0,0,0,1,1,188,0,0,1,0,0,0,0,64,SmartAI,,NULL,1448
138923,32820,Wild Turkey,,0,12,12,-9693,-681,46.882,3.713,300,20,1,0,0,0,1,1,188,0,0,1,0,0,0,0,64,SmartAI,,NULL,1448
138924,32820,Wild Turkey,,0,12,12,-9693,-565,48.472,1.692,300,20,1,0,0,0,1,1,188,0,0,1,0,0,0,0,64,SmartAI,,NULL,1448
138925,32820,Wild Turkey,,0,12,12,-9693,-12,40.812,2.241,300,20,1,0,0,0,1,1,188,0,0,1,0,0,0,0,64,SmartAI,,NULL,1448
138926,32820,Wild Turkey,,0,12,120,-9693,757.182,31.571,2.831,300,20,1,0,0,0,1,1,188,0,0,1,0,0,0,0,64,SmartAI,,NULL,1448
138927,32820,Wild Turkey,,0,12,12,-9691,-179,45.468,3.793,300,20,1,0,0,0,1,1,188,0,0,1,0,0,0,0,64,SmartAI,,NULL,1448
138928,32820,Wild Turkey,,0,12,12,-9690,-684,47.855,1.707,300,20,1,0,0,0,1,1,188,0,0,1,0,0,0,0,64,SmartAI,,NULL,1448
138929,32820,Wild Turkey,,0,12,12,-9690,214.238,51.084,2.691,300,20,1,0,0,0,1,1,188,0,0,1,0,0,0,0,64,SmartAI,,NULL,1448
138930,32820,Wild Turkey,,0,12,12,-9689,-702,48.288,1.51,300,20,1,0,0,0,1,1,188,0,0,1,0,0,0,0,64,SmartAI,,NULL,1448
138931,32820,Wild Turkey,,0,12,12,-9689,-582,50.154,5.298,300,20,1,0,0,0,1,1,188,0,0,1,0,0,0,0,64,SmartAI,,NULL,1448
138932,32820,Wild Turkey,,0,12,12,-9689,-311,56.459,1.525,300,20,1,0,0,0,1,1,188,0,0,1,0,0,0,0,64,SmartAI,,NULL,1448
138933,32820,Wild Turkey,,0,12,12,-9688,-1583,56.778,3.584,300,20,1,0,0,0,1,1,188,0,0,1,0,0,0,0,64,SmartAI,,NULL,1448
138934,32820,Wild Turkey,,0,12,12,-9688,-708,48.174,4.93,300,20,1,0,0,0,1,1,188,0,0,1,0,0,0,0,64,SmartAI,,NULL,1448
138935,32820,Wild Turkey,,0,12,12,-9688,-363,55.84,4.373,300,20,1,0,0,0,1,1,188,0,0,1,0,0,0,0,64,SmartAI,,NULL,1448
138936,32820,Wild Turkey,,0,12,12,-9688,212.671,51.334,2.213,300,20,1,0,0,0,1,1,188,0,0,1,0,0,0,0,64,SmartAI,,NULL,1448
138937,32820,Wild Turkey,,0,12,60,-9688,535.311,38.85,4.16,300,20,1,0,0,0,1,1,188,0,0,1,0,0,0,0,64,SmartAI,,NULL,1448
138938,32820,Wild Turkey,,0,12,62,-9687,-750,46.082,3.762,300,20,1,0,0,0,1,1,188,0,0,1,0,0,0,0,64,SmartAI,,NULL,1448
138939,32820,Wild Turkey,,0,12,12,-9687,-684,48.302,6.184,300,20,1,0,0,0,1,1,188,0,0,1,0,0,0,0,64,SmartAI,,NULL,1448
138940,32820,Wild Turkey,,0,12,12,-9687,-684,48.895,0,300,20,1,0,0,0,1,1,188,0,0,1,0,0,0,0,64,SmartAI,,NULL,1448
138941,32820,Wild Turkey,,0,12,12,-9686,-1131,40.541,4.802,300,20,1,0,0,0,1,1,188,0,0,1,0,0,0,0,64,SmartAI,,NULL,1448
138942,32820,Wild Turkey,,0,12,12,-9686,-349,57.389,2.183,300,20,1,0,0,0,1,1,188,0,0,1,0,0,0,0,64,SmartAI,,NULL,1448
138943,32820,Wild Turkey,,0,12,12,-9686,-168,45.128,3.634,300,20,1,0,0,0,1,1,188,0,0,1,0,0,0,0,64,SmartAI,,NULL,1448
138944,32820,Wild Turkey,,0,12,12,-9685,-421,54.012,2.846,300,20,1,0,0,0,1,1,188,0,0,1,0,0,0,0,64,SmartAI,,NULL,1448
138945,32820,Wild Turkey,,0,12,12,-9685,-269,61.53,3.605,300,20,1,0,0,0,1,1,188,0,0,1,0,0,0,0,64,SmartAI,,NULL,1448
138946,32820,Wild Turkey,,0,12,62,-9684,-951,41.894,1.231,300,20,1,0,0,0,1,1,188,0,0,1,0,0,0,0,64,SmartAI,,NULL,1448
138947,32820,Wild Turkey,,0,12,12,-9683,-50,39.54,2.438,300,20,1,0,0,0,1,1,188,0,0,1,0,0,0,0,64,SmartAI,,NULL,1448
138948,32820,Wild Turkey,,0,12,12,-9682,-327,56.332,3.443,300,20,1,0,0,0,1,1,188,0,0,1,0,0,0,0,64,SmartAI,,NULL,1448
138949,32820,Wild Turkey,,0,12,12,-9682,136.4,47.849,0.967,300,20,1,0,0,0,1,1,188,0,0,1,0,0,0,0,64,SmartAI,,NULL,1448
138950,32820,Wild Turkey,,0,12,12,-9681,-416,54.327,3.698,300,20,1,0,0,0,1,1,188,0,0,1,0,0,0,0,64,SmartAI,,NULL,1448
138951,32820,Wild Turkey,,0,12,12,-9681,-335,57.205,3.703,300,20,1,0,0,0,1,1,188,0,0,1,0,0,0,0,64,SmartAI,,NULL,1448
138952,32820,Wild Turkey,,0,12,12,-9681,-164,45.229,0.723,300,20,1,0,0,0,1,1,188,0,0,1,0,0,0,0,64,SmartAI,,NULL,1448
138953,32820,Wild Turkey,,0,12,12,-9681,-135,43.235,5.441,300,20,1,0,0,0,1,1,188,0,0,1,0,0,0,0,64,SmartAI,,NULL,1448
138954,32820,Wild Turkey,,0,12,12,-9680,356.074,43.955,3.999,300,20,1,0,0,0,1,1,188,0,0,1,0,0,0,0,64,SmartAI,,NULL,1448
138955,32820,Wild Turkey,,0,12,120,-9680,754.835,33.07,1.964,300,20,1,0,0,0,1,1,188,0,0,1,0,0,0,0,64,SmartAI,,NULL,1448
138956,32820,Wild Turkey,,0,12,12,-9678,-1581,57.199,3.789,300,20,1,0,0,0,1,1,188,0,0,1,0,0,0,0,64,SmartAI,,NULL,1448
138957,32820,Wild Turkey,,0,12,12,-9678,-183,46.748,4.703,300,20,1,0,0,0,1,1,188,0,0,1,0,0,0,0,64,SmartAI,,NULL,1448
138958,32820,Wild Turkey,,0,12,60,-9678,598.149,39.802,4.33,300,20,1,0,0,0,1,1,188,0,0,1,0,0,0,0,64,SmartAI,,NULL,1448
138959,32820,Wild Turkey,,0,12,12,-9677,-567,49.951,3.448,300,20,1,0,0,0,1,1,188,0,0,1,0,0,0,0,64,SmartAI,,NULL,1448
138960,32820,Wild Turkey,,0,12,12,-9676,-1601,54.754,2.82,300,20,1,0,0,0,1,1,188,0,0,1,0,0,0,0,64,SmartAI,,NULL,1448
138961,32820,Wild Turkey,,0,12,12,-9676,-1573,55.732,3.81,300,20,1,0,0,0,1,1,188,0,0,1,0,0,0,0,64,SmartAI,,NULL,1448
138962,32820,Wild Turkey,,0,12,12,-9676,-423,54.769,3.825,300,20,1,0,0,0,1,1,188,0,0,1,0,0,0,0,64,SmartAI,,NULL,1448
138963,32820,Wild Turkey,,0,12,12,-9676,108.541,45.798,5.688,300,20,1,0,0,0,1,1,188,0,0,1,0,0,0,0,64,SmartAI,,NULL,1448
138964,32820,Wild Turkey,,0,12,62,-9675,-815,47.432,3.599,300,20,1,0,0,0,1,1,188,0,0,1,0,0,0,0,64,SmartAI,,NULL,1448
138965,32820,Wild Turkey,,0,12,12,-9675,174.857,49.398,0.567,300,20,1,0,0,0,1,1,188,0,0,1,0,0,0,0,64,SmartAI,,NULL,1448
138966,32820,Wild Turkey,,0,12,62,-9674,-905,42.956,3.032,300,20,1,0,0,0,1,1,188,0,0,1,0,0,0,0,64,SmartAI,,NULL,1448
138967,32820,Wild Turkey,,0,12,12,-9673,-492,51.997,4.616,300,20,1,0,0,0,1,1,188,0,0,1,0,0,0,0,64,SmartAI,,NULL,1448
138968,32820,Wild Turkey,,0,12,12,-9673,318.748,46.291,2.546,300,20,1,0,0,0,1,1,188,0,0,1,0,0,0,0,64,SmartAI,,NULL,1448
138969,32820,Wild Turkey,,0,12,12,-9673,374.112,43.139,2.698,300,20,1,0,0,0,1,1,188,0,0,1,0,0,0,0,64,SmartAI,,NULL,1448
138970,32820,Wild Turkey,,0,12,12,-9671,374.911,43.226,1.907,300,20,1,0,0,0,1,1,188,0,0,1,0,0,0,0,64,SmartAI,,NULL,1448
138971,32820,Wild Turkey,,0,12,12,-9667,-434,54.843,0.73,300,20,1,0,0,0,1,1,188,0,0,1,0,0,0,0,64,SmartAI,,NULL,1448
138972,32820,Wild Turkey,,0,12,12,-9667,-429,55.276,2.6,300,20,1,0,0,0,1,1,188,0,0,1,0,0,0,0,64,SmartAI,,NULL,1448
138973,32820,Wild Turkey,,0,12,12,-9667,494.199,38.632,5.933,300,20,1,0,0,0,1,1,188,0,0,1,0,0,0,0,64,SmartAI,,NULL,1448
138974,32820,Wild Turkey,,0,12,60,-9666,541.163,41.336,3.046,300,20,1,0,0,0,1,1,188,0,0,1,0,0,0,0,64,SmartAI,,NULL,1448
138975,32820,Wild Turkey,,0,12,120,-9665,693.473,36.846,3.491,300,20,1,0,0,0,1,1,188,0,0,1,0,0,0,0,64,SmartAI,,NULL,1448
138976,32820,Wild Turkey,,0,12,12,-9663,-1154,40.172,0.397,300,20,1,0,0,0,1,1,188,0,0,1,0,0,0,0,64,SmartAI,,NULL,1448
138977,32820,Wild Turkey,,0,12,12,-9663,401.738,40.652,5.242,300,20,1,0,0,0,1,1,188,0,0,1,0,0,0,0,64,SmartAI,,NULL,1448
138978,32820,Wild Turkey,,0,12,120,-9663,603.806,40.344,0.648,300,20,1,0,0,0,1,1,188,0,0,1,0,0,0,0,64,SmartAI,,NULL,1448
138979,32820,Wild Turkey,,0,12,12,-9662,-190,50.471,0.433,300,20,1,0,0,0,1,1,188,0,0,1,0,0,0,0,64,SmartAI,,NULL,1448
138980,32820,Wild Turkey,,0,12,12,-9661,-1084,43.3,0.976,300,20,1,0,0,0,1,1,188,0,0,1,0,0,0,0,64,SmartAI,,NULL,1448
138981,32820,Wild Turkey,,0,12,12,-9660,525.708,41.011,2.836,300,20,1,0,0,0,1,1,188,0,0,1,0,0,0,0,64,SmartAI,,NULL,1448
138982,32820,Wild Turkey,,0,12,12,-9658,108.193,46.029,3.889,300,20,1,0,0,0,1,1,188,0,0,1,0,0,0,0,64,SmartAI,,NULL,1448
138983,32820,Wild Turkey,,0,12,12,-9658,208.041,48.973,1.677,300,20,1,0,0,0,1,1,188,0,0,1,0,0,0,0,64,SmartAI,,NULL,1448
138984,32820,Wild Turkey,,0,12,12,-9658,384.124,41.988,2.129,300,20,1,0,0,0,1,1,188,0,0,1,0,0,0,0,64,SmartAI,,NULL,1448
138985,32820,Wild Turkey,,0,12,12,-9657,177.253,48.539,1.592,300,20,1,0,0,0,1,1,188,0,0,1,0,0,0,0,64,SmartAI,,NULL,1448
138986,32820,Wild Turkey,,0,12,12,-9656,-186,52.282,5.817,300,20,1,0,0,0,1,1,188,0,0,1,0,0,0,0,64,SmartAI,,NULL,1448
138987,32820,Wild Turkey,,0,12,12,-9655,-430,56.846,3.104,300,20,1,0,0,0,1,1,188,0,0,1,0,0,0,0,64,SmartAI,,NULL,1448
138988,32820,Wild Turkey,,0,12,12,-9655,161.958,47.921,4.104,300,20,1,0,0,0,1,1,188,0,0,1,0,0,0,0,64,SmartAI,,NULL,1448
138989,32820,Wild Turkey,,0,12,12,-9654,-589,55.268,6.118,300,20,1,0,0,0,1,1,188,0,0,1,0,0,0,0,64,SmartAI,,NULL,1448
138990,32820,Wild Turkey,,0,12,60,-9654,564.774,41.556,4.709,300,20,1,0,0,0,1,1,188,0,0,1,0,0,0,0,64,SmartAI,,NULL,1448
138991,32820,Wild Turkey,,0,12,120,-9654,659.651,38.735,5.69,300,20,1,0,0,0,1,1,188,0,0,1,0,0,0,0,64,SmartAI,,NULL,1448
138992,32820,Wild Turkey,,0,12,12,-9653,-1626,56.418,0.262,300,20,1,0,0,0,1,1,188,0,0,1,0,0,0,0,64,SmartAI,,NULL,1448
138993,32820,Wild Turkey,,0,12,120,-9653,625.699,38.357,0.42,300,20,1,0,0,0,1,1,188,0,0,1,0,0,0,0,64,SmartAI,,NULL,1448
138994,32820,Wild Turkey,,0,12,120,-9652,654.731,38.735,0.454,300,20,1,0,0,0,1,1,188,0,0,1,0,0,0,0,64,SmartAI,,NULL,1448
138995,32820,Wild Turkey,,0,12,62,-9651,-923,46.883,3.953,300,20,1,0,0,0,1,1,188,0,0,1,0,0,0,0,64,SmartAI,,NULL,1448
138996,32820,Wild Turkey,,0,12,12,-9651,-451,55.271,0.3,300,20,1,0,0,0,1,1,188,0,0,1,0,0,0,0,64,SmartAI,,NULL,1448
138997,32820,Wild Turkey,,0,12,12,-9651,346.356,43.78,3.174,300,20,1,0,0,0,1,1,188,0,0,1,0,0,0,0,64,SmartAI,,NULL,1448
138998,32820,Wild Turkey,,0,12,60,-9651,534.697,43.157,2.778,300,20,1,0,0,0,1,1,188,0,0,1,0,0,0,0,64,SmartAI,,NULL,1448
138999,32820,Wild Turkey,,0,12,120,-9651,608.674,41.892,5.38,300,20,1,0,0,0,1,1,188,0,0,1,0,0,0,0,64,SmartAI,,NULL,1448
139000,32820,Wild Turkey,,0,12,12,-9650,141.491,45.918,3.654,300,20,1,0,0,0,1,1,188,0,0,1,0,0,0,0,64,SmartAI,,NULL,1448
139001,32820,Wild Turkey,,0,12,120,-9650,661.417,38.735,5.027,300,20,1,0,0,0,1,1,188,0,0,1,0,0,0,0,64,SmartAI,,NULL,1448
139002,32820,Wild Turkey,,0,12,12,-9646,-259,62.374,4.038,300,20,1,0,0,0,1,1,188,0,0,1,0,0,0,0,64,SmartAI,,NULL,1448
139003,32820,Wild Turkey,,0,12,12,-9644,-117,50.891,5.77,300,20,1,0,0,0,1,1,188,0,0,1,0,0,0,0,64,SmartAI,,NULL,1448
139004,32820,Wild Turkey,,0,12,12,-9643,-390,60.446,1.07,300,20,1,0,0,0,1,1,188,0,0,1,0,0,0,0,64,SmartAI,,NULL,1448
139005,32820,Wild Turkey,,0,12,12,-9643,-52,43.822,4.879,300,20,1,0,0,0,1,1,188,0,0,1,0,0,0,0,64,SmartAI,,NULL,1448
139006,32820,Wild Turkey,,0,12,12,-9643,377.555,42.262,0.399,300,20,1,0,0,0,1,1,188,0,0,1,0,0,0,0,64,SmartAI,,NULL,1448
139007,32820,Wild Turkey,,0,12,12,-9642,-208,53.564,3.837,300,20,1,0,0,0,1,1,188,0,0,1,0,0,0,0,64,SmartAI,,NULL,1448
139008,32820,Wild Turkey,,0,12,12,-9642,171.817,47.878,1.497,300,20,1,0,0,0,1,1,188,0,0,1,0,0,0,0,64,SmartAI,,NULL,1448
139009,32820,Wild Turkey,,0,12,12,-9641,-423,60.277,2.665,300,20,1,0,0,0,1,1,188,0,0,1,0,0,0,0,64,SmartAI,,NULL,1448
139010,32820,Wild Turkey,,0,12,120,-9638,696.574,38.652,0.302,300,20,1,0,0,0,1,1,188,0,0,1,0,0,0,0,64,SmartAI,,NULL,1448
139011,32820,Wild Turkey,,0,12,12,-9635,56.194,59.917,4.14,300,20,1,0,0,0,1,1,188,0,0,1,0,0,0,0,64,SmartAI,,NULL,1448
139012,32820,Wild Turkey,,0,12,12,-9633,304.301,47.332,5.973,300,20,1,0,0,0,1,1,188,0,0,1,0,0,0,0,64,SmartAI,,NULL,1448
139013,32820,Wild Turkey,,0,12,88,-9631,-1569,55.883,5.065,300,20,1,0,0,0,1,1,188,0,0,1,0,0,0,0,64,SmartAI,,NULL,1448
139014,32820,Wild Turkey,,0,12,12,-9631,-45,44.366,2.666,300,20,1,0,0,0,1,1,188,0,0,1,0,0,0,0,64,SmartAI,,NULL,1448
139015,32820,Wild Turkey,,0,12,12,-9629,212.808,47.86,2.653,300,20,1,0,0,0,1,1,188,0,0,1,0,0,0,0,64,SmartAI,,NULL,1448
139016,32820,Wild Turkey,,0,12,12,-9621.46,-1038.96,39.6437,0.24935,300,20,1,0,0,0,1,1,188,0,0,1,0,0,0,0,64,SmartAI,,NULL,1448
139017,32820,Wild Turkey,,0,12,12,-9621,195.889,47.699,4.419,300,20,1,0,0,0,1,1,188,0,0,1,0,0,0,0,64,SmartAI,,NULL,1448
139018,32820,Wild Turkey,,0,12,12,-9620,-1070,39.575,0.448,300,20,1,0,0,0,1,1,188,0,0,1,0,0,0,0,64,SmartAI,,NULL,1448
139019,32820,Wild Turkey,,0,12,12,-9617,-884,49.006,5.743,300,20,1,0,0,0,1,1,188,0,0,1,0,0,0,0,64,SmartAI,,NULL,1448
139020,32820,Wild Turkey,,0,12,12,-9617,-854,45.009,4.939,300,20,1,0,0,0,1,1,188,0,0,1,0,0,0,0,64,SmartAI,,NULL,1448
139021,32820,Wild Turkey,,0,12,12,-9616,-1039,39.999,3.142,300,20,1,0,0,0,1,1,188,0,0,1,0,0,0,0,64,SmartAI,,NULL,1448
139022,32820,Wild Turkey,,0,12,12,-9616,358.532,44.245,2.353,300,20,1,0,0,0,1,1,188,0,0,1,0,0,0,0,64,SmartAI,,NULL,1448
139023,32820,Wild Turkey,,0,12,12,-9615,-1164,42.549,2.742,300,20,1,0,0,0,1,1,188,0,0,1,0,0,0,0,64,SmartAI,,NULL,1448
139024,32820,Wild Turkey,,0,12,12,-9615,-877,48.881,0.785,300,20,1,0,0,0,1,1,188,0,0,1,0,0,0,0,64,SmartAI,,NULL,1448
139025,32820,Wild Turkey,,0,12,12,-9614,-884,49.325,3.363,300,20,1,0,0,0,1,1,188,0,0,1,0,0,0,0,64,SmartAI,,NULL,1448
139026,32820,Wild Turkey,,0,12,12,-9612,-880,48.976,2.975,300,20,1,0,0,0,1,1,188,0,0,1,0,0,0,0,64,SmartAI,,NULL,1448
139027,32820,Wild Turkey,,0,12,12,-9610.42,-1072.08,39.5028,3.2748,300,20,1,0,0,0,1,1,188,0,0,1,0,0,0,0,64,SmartAI,,NULL,1448
139028,32820,Wild Turkey,,0,12,12,-9610,-1032,41.306,3.142,300,20,1,0,0,0,1,1,188,0,0,1,0,0,0,0,64,SmartAI,,NULL,1448
139029,32820,Wild Turkey,,0,12,120,-9610,640.565,38.652,2.732,300,20,1,0,0,0,1,1,188,0,0,1,0,0,0,0,64,SmartAI,,NULL,1448
139030,32820,Wild Turkey,,0,12,12,-9609,-873,48.006,0.976,300,20,1,0,0,0,1,1,188,0,0,1,0,0,0,0,64,SmartAI,,NULL,1448
139031,32820,Wild Turkey,,0,12,88,-9606,-1474,59.74,2.897,300,20,1,0,0,0,1,1,188,0,0,1,0,0,0,0,64,SmartAI,,NULL,1448
139032,32820,Wild Turkey,,0,12,12,-9606,541.682,45.521,3.87,300,20,1,0,0,0,1,1,188,0,0,1,0,0,0,0,64,SmartAI,,NULL,1448
139033,32820,Wild Turkey,,0,12,120,-9606,684.352,38.652,1.964,300,20,1,0,0,0,1,1,188,0,0,1,0,0,0,0,64,SmartAI,,NULL,1448
139034,32820,Wild Turkey,,0,12,12,-9605,-536,55.4,2.668,300,20,1,0,0,0,1,1,188,0,0,1,0,0,0,0,64,SmartAI,,NULL,1448
139035,32820,Wild Turkey,,0,12,12,-9600,-617,56.301,5.539,300,20,1,0,0,0,1,1,188,0,0,1,0,0,0,0,64,SmartAI,,NULL,1448
139036,32820,Wild Turkey,,0,12,91,-9598,-625,56.651,3.35,300,20,1,0,0,0,1,1,188,0,0,1,0,0,0,0,64,SmartAI,,NULL,1448
139037,32820,Wild Turkey,,0,12,91,-9596,-614,56.776,2.182,300,20,1,0,0,0,1,1,188,0,0,1,0,0,0,0,64,SmartAI,,NULL,1448
139038,32820,Wild Turkey,,0,12,91,-9592,-614,57.006,3.361,300,20,1,0,0,0,1,1,188,0,0,1,0,0,0,0,64,SmartAI,,NULL,1448
139039,32820,Wild Turkey,,0,12,12,-9590,-1128,44.706,1.545,300,20,1,0,0,0,1,1,188,0,0,1,0,0,0,0,64,SmartAI,,NULL,1448
139040,32820,Wild Turkey,,0,12,12,-9588,-438,60.505,3.263,300,20,1,0,0,0,1,1,188,0,0,1,0,0,0,0,64,SmartAI,,NULL,1448
139041,32820,Wild Turkey,,0,12,88,-9587,-1545,59.617,6.028,300,20,1,0,0,0,1,1,188,0,0,1,0,0,0,0,64,SmartAI,,NULL,1448
139042,32820,Wild Turkey,,0,12,88,-9587,-1149,45.731,5.771,300,20,1,0,0,0,1,1,188,0,0,1,0,0,0,0,64,SmartAI,,NULL,1448
139043,32820,Wild Turkey,,0,12,12,-9586,435.596,39.798,3.141,300,20,1,0,0,0,1,1,188,0,0,1,0,0,0,0,64,SmartAI,,NULL,1448
139044,32820,Wild Turkey,,0,12,12,-9586,459.753,41.175,3.861,300,20,1,0,0,0,1,1,188,0,0,1,0,0,0,0,64,SmartAI,,NULL,1448
139045,32820,Wild Turkey,,0,12,12,-9584,-160,57.909,5.738,300,20,1,0,0,0,1,1,188,0,0,1,0,0,0,0,64,SmartAI,,NULL,1448
139046,32820,Wild Turkey,,0,12,18,-9582,-317,61.673,1.959,300,20,1,0,0,0,1,1,188,0,0,1,0,0,0,0,64,SmartAI,,NULL,1448
139047,32820,Wild Turkey,,0,12,120,-9580,727.4,34.263,6.273,300,20,1,0,0,0,1,1,188,0,0,1,0,0,0,0,64,SmartAI,,NULL,1448
139048,32820,Wild Turkey,,0,12,60,-9578,576.959,49.341,1.091,300,20,1,0,0,0,1,1,188,0,0,1,0,0,0,0,64,SmartAI,,NULL,1448
139049,32820,Wild Turkey,,0,12,91,-9576,-718,99.27,3.054,300,20,1,0,0,0,1,1,188,0,0,1,0,0,0,0,64,SmartAI,,NULL,1448
139050,32820,Wild Turkey,,0,12,12,-9576,314.797,55.528,2.647,300,20,1,0,0,0,1,1,188,0,0,1,0,0,0,0,64,SmartAI,,NULL,1448
139051,32820,Wild Turkey,,0,12,18,-9575,-424,62.826,1.817,300,20,1,0,0,0,1,1,188,0,0,1,0,0,0,0,64,SmartAI,,NULL,1448
139052,32820,Wild Turkey,,0,12,18,-9575,-297,61.31,2.498,300,20,1,0,0,0,1,1,188,0,0,1,0,0,0,0,64,SmartAI,,NULL,1448
139053,32820,Wild Turkey,,0,12,12,-9572.62,88.1464,58.8819,5.974,300,20,1,0,0,0,1,1,188,0,0,1,0,0,0,0,64,SmartAI,,NULL,1448
139054,32820,Wild Turkey,,0,12,18,-9571,-432,62.519,0.868,300,20,1,0,0,0,1,1,188,0,0,1,0,0,0,0,64,SmartAI,,NULL,1448
139055,32820,Wild Turkey,,0,12,88,-9570,-1141,43.698,5.645,300,20,1,0,0,0,1,1,188,0,0,1,0,0,0,0,64,SmartAI,,NULL,1448
139056,32820,Wild Turkey,,0,12,12,-9570,518.539,48.457,1.061,300,20,1,0,0,0,1,1,188,0,0,1,0,0,0,0,64,SmartAI,,NULL,1448
139057,32820,Wild Turkey,,0,12,88,-9568,-1482,61.479,0.377,300,20,1,0,0,0,1,1,188,0,0,1,0,0,0,0,64,SmartAI,,NULL,1448
139058,32820,Wild Turkey,,0,12,88,-9568,-1260,47.978,3.074,300,20,1,0,0,0,1,1,188,0,0,1,0,0,0,0,64,SmartAI,,NULL,1448
139059,32820,Wild Turkey,,0,12,88,-9568,-1142,43.928,5.745,300,20,1,0,0,0,1,1,188,0,0,1,0,0,0,0,64,SmartAI,,NULL,1448
139060,32820,Wild Turkey,,0,12,12,-9568,-1011,47.385,2.208,300,20,1,0,0,0,1,1,188,0,0,1,0,0,0,0,64,SmartAI,,NULL,1448
139061,32820,Wild Turkey,,0,12,12,-9568,-439,61.607,0.36,300,20,1,0,0,0,1,1,188,0,0,1,0,0,0,0,64,SmartAI,,NULL,1448
139062,32820,Wild Turkey,,0,12,12,-9568,-222,62.061,6.001,300,20,1,0,0,0,1,1,188,0,0,1,0,0,0,0,64,SmartAI,,NULL,1448
139063,32820,Wild Turkey,,0,12,12,-9567,81.004,58.881,0.348,300,20,1,0,0,0,1,1,188,0,0,1,0,0,0,0,64,SmartAI,,NULL,1448
139064,32820,Wild Turkey,,0,12,12,-9567,195.622,59.003,3.211,300,20,1,0,0,0,1,1,188,0,0,1,0,0,0,0,64,SmartAI,,NULL,1448
139065,32820,Wild Turkey,,0,12,88,-9565,-1139,43.958,3.8,300,20,1,0,0,0,1,1,188,0,0,1,0,0,0,0,64,SmartAI,,NULL,1448
139066,32820,Wild Turkey,,0,12,18,-9563,-307,63.23,2.619,300,20,1,0,0,0,1,1,188,0,0,1,0,0,0,0,64,SmartAI,,NULL,1448
139067,32820,Wild Turkey,,0,12,87,-9562,103.726,58.882,4.918,300,20,1,0,0,0,1,1,188,0,0,1,0,0,0,0,64,SmartAI,,NULL,1448
139068,32820,Wild Turkey,,0,12,87,-9560.06,74.1694,58.8881,0.905975,300,20,1,0,0,0,1,1,188,0,0,1,0,0,0,0,64,SmartAI,,NULL,1448
139069,32820,Wild Turkey,,0,12,87,-9563.21,76.4257,58.8835,0.935819,300,20,1,0,0,0,1,1,188,0,0,1,0,0,0,0,64,SmartAI,,NULL,1448
139070,32820,Wild Turkey,,0,12,87,-9558,104.884,58.882,4.923,300,20,1,0,0,0,1,1,188,0,0,1,0,0,0,0,64,SmartAI,,NULL,1448
139071,32820,Wild Turkey,,0,12,87,-9557,89.681,58.881,4.876,300,20,1,0,0,0,1,1,188,0,0,1,0,0,0,0,64,SmartAI,,NULL,1448
139072,32820,Wild Turkey,,0,12,87,-9557,129.744,58.881,5.82,300,20,1,0,0,0,1,1,188,0,0,1,0,0,0,0,64,SmartAI,,NULL,1448
139073,32820,Wild Turkey,,0,12,18,-9556,-316,62.352,6.073,300,20,1,0,0,0,1,1,188,0,0,1,0,0,0,0,64,SmartAI,,NULL,1448
139074,32820,Wild Turkey,,0,12,12,-9555,181.645,59.138,2.708,300,20,1,0,0,0,1,1,188,0,0,1,0,0,0,0,64,SmartAI,,NULL,1448
139075,32820,Wild Turkey,,0,12,18,-9554,-390,62.948,0.279,300,20,1,0,0,0,1,1,188,0,0,1,0,0,0,0,64,SmartAI,,NULL,1448
139076,32820,Wild Turkey,,0,12,18,-9554,-313,62.556,4.793,300,20,1,0,0,0,1,1,188,0,0,1,0,0,0,0,64,SmartAI,,NULL,1448
139077,32820,Wild Turkey,,0,12,88,-9553,-1502,61.176,6.117,300,20,1,0,0,0,1,1,188,0,0,1,0,0,0,0,64,SmartAI,,NULL,1448
139078,32820,Wild Turkey,,0,12,91,-9553,-728,99.252,2.164,300,20,1,0,0,0,1,1,188,0,0,1,0,0,0,0,64,SmartAI,,NULL,1448
139079,32820,Wild Turkey,,0,12,18,-9553,-244,62.128,1.554,300,20,1,0,0,0,1,1,188,0,0,1,0,0,0,0,64,SmartAI,,NULL,1448
139080,32820,Wild Turkey,,0,12,87,-9553,108.151,58.882,0.059,300,20,1,0,0,0,1,1,188,0,0,1,0,0,0,0,64,SmartAI,,NULL,1448
139081,32820,Wild Turkey,,0,12,12,-9552,140.323,58.881,5.078,300,20,1,0,0,0,1,1,188,0,0,1,0,0,0,0,64,SmartAI,,NULL,1448
139082,32820,Wild Turkey,,0,12,91,-9551.31,-712.266,75.0554,3.9444,300,20,1,0,0,0,1,1,188,0,0,1,0,0,0,0,64,SmartAI,,NULL,1448
139083,32820,Wild Turkey,,0,12,12,-9551,209.447,57.854,3.198,300,20,1,0,0,0,1,1,188,0,0,1,0,0,0,0,64,SmartAI,,NULL,1448
139084,32820,Wild Turkey,,0,12,18,-9550,-315,62.703,2.76,300,20,1,0,0,0,1,1,188,0,0,1,0,0,0,0,64,SmartAI,,NULL,1448
139085,32820,Wild Turkey,,0,12,18,-9549,-381,62.186,0.841,300,20,1,0,0,0,1,1,188,0,0,1,0,0,0,0,64,SmartAI,,NULL,1448
139086,32820,Wild Turkey,,0,12,91,-9548.14,-710.201,90.4265,3.76926,300,20,1,0,0,0,1,1,188,0,0,1,0,0,0,0,64,SmartAI,,NULL,1448
139087,32820,Wild Turkey,,0,12,18,-9548,-540,60.557,3.038,300,20,1,0,0,0,1,1,188,0,0,1,0,0,0,0,64,SmartAI,,NULL,1448
139088,32820,Wild Turkey,,0,12,87,-9548,67.039,59.25,1.844,300,20,1,0,0,0,1,1,188,0,0,1,0,0,0,0,64,SmartAI,,NULL,1448
139089,32820,Wild Turkey,,0,12,12,-9547,-975,49.27,2.344,300,20,1,0,0,0,1,1,188,0,0,1,0,0,0,0,64,SmartAI,,NULL,1448
139090,32820,Wild Turkey,,0,12,18,-9547,-551,60.16,3.215,300,20,1,0,0,0,1,1,188,0,0,1,0,0,0,0,64,SmartAI,,NULL,1448
139091,32820,Wild Turkey,,0,12,18,-9546,-187,61.342,5.506,300,20,1,0,0,0,1,1,188,0,0,1,0,0,0,0,64,SmartAI,,NULL,1448
139092,32820,Wild Turkey,,0,12,88,-9545,-1401,53.933,2.466,300,20,1,0,0,0,1,1,188,0,0,1,0,0,0,0,64,SmartAI,,NULL,1448
139093,32820,Wild Turkey,,0,12,88,-9545,-1145,46.409,4.804,300,20,1,0,0,0,1,1,188,0,0,1,0,0,0,0,64,SmartAI,,NULL,1448
139094,32820,Wild Turkey,,0,12,87,-9545,126.803,59.076,2.364,300,20,1,0,0,0,1,1,188,0,0,1,0,0,0,0,64,SmartAI,,NULL,1448
139095,32820,Wild Turkey,,0,12,87,-9544.87,77.7707,59.0124,5.92404,300,20,1,0,0,0,1,1,188,0,0,1,0,0,0,0,64,SmartAI,,NULL,1448
139096,32820,Wild Turkey,,0,12,88,-9544,-1495,61.319,0.796,300,20,1,0,0,0,1,1,188,0,0,1,0,0,0,0,64,SmartAI,,NULL,1448
139097,32820,Wild Turkey,,0,12,12,-9544,-886,46.261,3.139,300,20,1,0,0,0,1,1,188,0,0,1,0,0,0,0,64,SmartAI,,NULL,1448
139098,32820,Wild Turkey,,0,12,12,-9543,-1003,51.05,3.629,300,20,1,0,0,0,1,1,188,0,0,1,0,0,0,0,64,SmartAI,,NULL,1448
139099,32820,Wild Turkey,,0,12,18,-9542,-517,63.119,1.22,300,20,1,0,0,0,1,1,188,0,0,1,0,0,0,0,64,SmartAI,,NULL,1448
139100,32820,Wild Turkey,,0,12,12,-9542,299.005,53.319,4.581,300,20,1,0,0,0,1,1,188,0,0,1,0,0,0,0,64,SmartAI,,NULL,1448
139101,32820,Wild Turkey,,0,12,91,-9541.55,-716.649,99.212,3.32507,300,20,1,0,0,0,1,1,188,0,0,1,0,0,0,0,64,SmartAI,,NULL,1448
139102,32820,Wild Turkey,,0,12,88,-9541,-1533,61.272,0,300,20,1,0,0,0,1,1,188,0,0,1,0,0,0,0,64,SmartAI,,NULL,1448
139103,32820,Wild Turkey,,0,12,12,-9541,-1067,47.727,0.79,300,20,1,0,0,0,1,1,188,0,0,1,0,0,0,0,64,SmartAI,,NULL,1448
139104,32820,Wild Turkey,,0,12,18,-9541,-537,61.838,5.395,300,20,1,0,0,0,1,1,188,0,0,1,0,0,0,0,64,SmartAI,,NULL,1448
139105,32820,Wild Turkey,,0,12,87,-9540,85.383,59.121,6.25,300,20,1,0,0,0,1,1,188,0,0,1,0,0,0,0,64,SmartAI,,NULL,1448
139106,32820,Wild Turkey,,0,12,12,-9539,508.213,50.727,4.763,300,20,1,0,0,0,1,1,188,0,0,1,0,0,0,0,64,SmartAI,,NULL,1448
139107,32820,Wild Turkey,,0,12,87,-9538,112.447,58.885,6.095,300,20,1,0,0,0,1,1,188,0,0,1,0,0,0,0,64,SmartAI,,NULL,1448
139108,32820,Wild Turkey,,0,12,87,-9539.97,71.6819,58.8818,1.48463,300,20,1,0,0,0,1,1,188,0,0,1,0,0,0,0,64,SmartAI,,NULL,1448
139109,32820,Wild Turkey,,0,12,88,-9537,-1214,48.234,4.904,300,20,1,0,0,0,1,1,188,0,0,1,0,0,0,0,64,SmartAI,,NULL,1448
139110,32820,Wild Turkey,,0,12,12,-9537,513.434,51.446,2.756,300,20,1,0,0,0,1,1,188,0,0,1,0,0,0,0,64,SmartAI,,NULL,1448
139111,32820,Wild Turkey,,0,12,88,-9536,-1273,43.544,5.542,300,20,1,0,0,0,1,1,188,0,0,1,0,0,0,0,64,SmartAI,,NULL,1448
139112,32820,Wild Turkey,,0,12,12,-9536,277.975,53.924,5.843,300,20,1,0,0,0,1,1,188,0,0,1,0,0,0,0,64,SmartAI,,NULL,1448
139113,32820,Wild Turkey,,0,12,18,-9535,-486,62.979,2.737,300,20,1,0,0,0,1,1,188,0,0,1,0,0,0,0,64,SmartAI,,NULL,1448
139114,32820,Wild Turkey,,0,12,87,-9535,92,58.8819,4.462,300,20,1,0,0,0,1,1,188,0,0,1,0,0,0,0,64,SmartAI,,NULL,1448
139115,32820,Wild Turkey,,0,12,12,-9535,280.233,54.284,4.968,300,20,1,0,0,0,1,1,188,0,0,1,0,0,0,0,64,SmartAI,,NULL,1448
139116,32820,Wild Turkey,,0,12,88,-9534,-1303,44.488,5.102,300,20,1,0,0,0,1,1,188,0,0,1,0,0,0,0,64,SmartAI,,NULL,1448
139117,32820,Wild Turkey,,0,12,18,-9534,-451,60.238,0.334,300,20,1,0,0,0,1,1,188,0,0,1,0,0,0,0,64,SmartAI,,NULL,1448
139118,32820,Wild Turkey,,0,12,18,-9534,-378,59.494,0.528,300,20,1,0,0,0,1,1,188,0,0,1,0,0,0,0,64,SmartAI,,NULL,1448
139119,32820,Wild Turkey,,0,12,87,-9533,-34,56.448,2.767,300,20,1,0,0,0,1,1,188,0,0,1,0,0,0,0,64,SmartAI,,NULL,1448
139120,32820,Wild Turkey,,0,12,87,-9533,80.093,58.881,6.104,300,20,1,0,0,0,1,1,188,0,0,1,0,0,0,0,64,SmartAI,,NULL,1448
139121,32820,Wild Turkey,,0,12,91,-9532,-730,62.635,3.772,300,20,1,0,0,0,1,1,188,0,0,1,0,0,0,0,64,SmartAI,,NULL,1448
139122,32820,Wild Turkey,,0,12,88,-9531.92,-1222.34,47.6548,5.61777,300,20,1,0,0,0,1,1,188,0,0,1,0,0,0,0,64,SmartAI,,NULL,1448
139123,32820,Wild Turkey,,0,12,18,-9531,-264,59.372,6.006,300,20,1,0,0,0,1,1,188,0,0,1,0,0,0,0,64,SmartAI,,NULL,1448
139124,32820,Wild Turkey,,0,12,18,-9531,-252,58.833,5.188,300,20,1,0,0,0,1,1,188,0,0,1,0,0,0,0,64,SmartAI,,NULL,1448
139125,32820,Wild Turkey,,0,12,87,-9531,81.822,58.881,0.107,300,20,1,0,0,0,1,1,188,0,0,1,0,0,0,0,64,SmartAI,,NULL,1448
139126,32820,Wild Turkey,,0,12,87,-9530,82.757,58.881,0.078,300,20,1,0,0,0,1,1,188,0,0,1,0,0,0,0,64,SmartAI,,NULL,1448
139127,32820,Wild Turkey,,0,12,12,-9530,173.256,57.863,4.879,300,20,1,0,0,0,1,1,188,0,0,1,0,0,0,0,64,SmartAI,,NULL,1448
139128,32820,Wild Turkey,,0,12,12,-9530,534.204,51.063,3.854,300,20,1,0,0,0,1,1,188,0,0,1,0,0,0,0,64,SmartAI,,NULL,1448
139129,32820,Wild Turkey,,0,12,91,-9529,-651,63.198,0.171,300,20,1,0,0,0,1,1,188,0,0,1,0,0,0,0,64,SmartAI,,NULL,1448
139130,32820,Wild Turkey,,0,12,12,-9528,175.567,57.614,0.737,300,20,1,0,0,0,1,1,188,0,0,1,0,0,0,0,64,SmartAI,,NULL,1448
139131,32820,Wild Turkey,,0,12,12,-9528,177.394,57.646,2.687,300,20,1,0,0,0,1,1,188,0,0,1,0,0,0,0,64,SmartAI,,NULL,1448
139132,32820,Wild Turkey,,0,12,12,-9526,-986,51.973,3.31,300,20,1,0,0,0,1,1,188,0,0,1,0,0,0,0,64,SmartAI,,NULL,1448
139133,32820,Wild Turkey,,0,12,18,-9526,-138,61.369,2.666,300,20,1,0,0,0,1,1,188,0,0,1,0,0,0,0,64,SmartAI,,NULL,1448
139134,32820,Wild Turkey,,0,12,88,-9523,-1290,44.27,0.136,300,20,1,0,0,0,1,1,188,0,0,1,0,0,0,0,64,SmartAI,,NULL,1448
139135,32820,Wild Turkey,,0,12,12,-9522,-1048,49.724,4.858,300,20,1,0,0,0,1,1,188,0,0,1,0,0,0,0,64,SmartAI,,NULL,1448
139136,32820,Wild Turkey,,0,12,89,-9522,409.066,52.694,4.811,300,20,1,0,0,0,1,1,188,0,0,1,0,0,0,0,64,SmartAI,,NULL,1448
139137,32820,Wild Turkey,,0,12,18,-9521,-532,63.048,3.274,300,20,1,0,0,0,1,1,188,0,0,1,0,0,0,0,64,SmartAI,,NULL,1448
139138,32820,Wild Turkey,,0,12,89,-9520,472.334,53.101,0.539,300,20,1,0,0,0,1,1,188,0,0,1,0,0,0,0,64,SmartAI,,NULL,1448
139139,32820,Wild Turkey,,0,12,18,-9519,-452,59.807,2.554,300,20,1,0,0,0,1,1,188,0,0,1,0,0,0,0,64,SmartAI,,NULL,1448
139140,32820,Wild Turkey,,0,12,89,-9519,484.227,52.792,2.03,300,20,1,0,0,0,1,1,188,0,0,1,0,0,0,0,64,SmartAI,,NULL,1448
139141,32820,Wild Turkey,,0,12,87,-9517,79.223,59.568,6.194,300,20,1,0,0,0,1,1,188,0,0,1,0,0,0,0,64,SmartAI,,NULL,1448
139142,32820,Wild Turkey,,0,12,87,-9517,85.71,59.509,6.172,300,20,1,0,0,0,1,1,188,0,0,1,0,0,0,0,64,SmartAI,,NULL,1448
139143,32820,Wild Turkey,,0,12,89,-9516,409.141,52.729,3.851,300,20,1,0,0,0,1,1,188,0,0,1,0,0,0,0,64,SmartAI,,NULL,1448
139144,32820,Wild Turkey,,0,12,89,-9516,427.811,54.883,0.716,300,20,1,0,0,0,1,1,188,0,0,1,0,0,0,0,64,SmartAI,,NULL,1448
139145,32820,Wild Turkey,,0,12,12,-9516,551.302,51.241,3.004,300,20,1,0,0,0,1,1,188,0,0,1,0,0,0,0,64,SmartAI,,NULL,1448
139146,32820,Wild Turkey,,0,12,88,-9513,-1370,49.18,5.36,300,20,1,0,0,0,1,1,188,0,0,1,0,0,0,0,64,SmartAI,,NULL,1448
139147,32820,Wild Turkey,,0,12,18,-9512,-518,63.121,6.079,300,20,1,0,0,0,1,1,188,0,0,1,0,0,0,0,64,SmartAI,,NULL,1448
139148,32820,Wild Turkey,,0,12,18,-9512,-303,55.091,5.382,300,20,1,0,0,0,1,1,188,0,0,1,0,0,0,0,64,SmartAI,,NULL,1448
139149,32820,Wild Turkey,,0,12,88,-9511,-1286,44.145,3.789,300,20,1,0,0,0,1,1,188,0,0,1,0,0,0,0,64,SmartAI,,NULL,1448
139150,32820,Wild Turkey,,0,12,12,-9511,-1005,54.496,1.658,300,20,1,0,0,0,1,1,188,0,0,1,0,0,0,0,64,SmartAI,,NULL,1448
139151,32820,Wild Turkey,,0,12,91,-9511,-780,60.461,2.016,300,20,1,0,0,0,1,1,188,0,0,1,0,0,0,0,64,SmartAI,,NULL,1448
139152,32820,Wild Turkey,,0,12,89,-9509,419.477,52.881,3.244,300,20,1,0,0,0,1,1,188,0,0,1,0,0,0,0,64,SmartAI,,NULL,1448
139153,32820,Wild Turkey,,0,12,12,-9508,-1091,49.683,4.721,300,20,1,0,0,0,1,1,188,0,0,1,0,0,0,0,64,SmartAI,,NULL,1448
139154,32820,Wild Turkey,,0,12,12,-9508,174.773,57.988,5.893,300,20,1,0,0,0,1,1,188,0,0,1,0,0,0,0,64,SmartAI,,NULL,1448
139155,32820,Wild Turkey,,0,12,12,-9507,-1063,50.982,5.505,300,20,1,0,0,0,1,1,188,0,0,1,0,0,0,0,64,SmartAI,,NULL,1448
139156,32820,Wild Turkey,,0,12,12,-9507,-1003,54.765,4.067,300,20,1,0,0,0,1,1,188,0,0,1,0,0,0,0,64,SmartAI,,NULL,1448
139157,32820,Wild Turkey,,0,12,89,-9507,391.523,50.688,2.994,300,20,1,0,0,0,1,1,188,0,0,1,0,0,0,0,64,SmartAI,,NULL,1448
139158,32820,Wild Turkey,,0,12,18,-9505,-210,52.069,0.998,300,20,1,0,0,0,1,1,188,0,0,1,0,0,0,0,64,SmartAI,,NULL,1448
139159,32820,Wild Turkey,,0,12,88,-9504,-1286,43.067,4.472,300,20,1,0,0,0,1,1,188,0,0,1,0,0,0,0,64,SmartAI,,NULL,1448
139160,32820,Wild Turkey,,0,12,89,-9504,389.215,50.779,5.28319,300,20,1,0,0,0,1,1,188,0,0,1,0,0,0,0,64,SmartAI,,NULL,1448
139161,32820,Wild Turkey,,0,12,88,-9503,-1520,61.407,3.675,300,20,1,0,0,0,1,1,188,0,0,1,0,0,0,0,64,SmartAI,,NULL,1448
139162,32820,Wild Turkey,,0,12,12,-9499,-960,54.024,3.495,300,20,1,0,0,0,1,1,188,0,0,1,0,0,0,0,64,SmartAI,,NULL,1448
139163,32820,Wild Turkey,,0,12,87,-9499,-56,59.989,1.879,300,20,1,0,0,0,1,1,188,0,0,1,0,0,0,0,64,SmartAI,,NULL,1448
139164,32820,Wild Turkey,,0,12,87,-9498,66.229,56.528,6.109,300,20,1,0,0,0,1,1,188,0,0,1,0,0,0,0,64,SmartAI,,NULL,1448
139165,32820,Wild Turkey,,0,12,88,-9497,-1274,43.456,0.703,300,20,1,0,0,0,1,1,188,0,0,1,0,0,0,0,64,SmartAI,,NULL,1448
139166,32820,Wild Turkey,,0,12,12,-9496,-939,54.836,0.463,300,20,1,0,0,0,1,1,188,0,0,1,0,0,0,0,64,SmartAI,,NULL,1448
139167,32820,Wild Turkey,,0,12,87,-9496,73.146,56.438,6.088,300,20,1,0,0,0,1,1,188,0,0,1,0,0,0,0,64,SmartAI,,NULL,1448
139168,32820,Wild Turkey,,0,12,12,-9494,-1063,52.208,2.649,300,20,1,0,0,0,1,1,188,0,0,1,0,0,0,0,64,SmartAI,,NULL,1448
139169,32820,Wild Turkey,,0,12,87,-9494,83.081,56.474,6.151,300,20,1,0,0,0,1,1,188,0,0,1,0,0,0,0,64,SmartAI,,NULL,1448
139170,32820,Wild Turkey,,0,12,12,-9494,324.211,52.561,6.057,300,20,1,0,0,0,1,1,188,0,0,1,0,0,0,0,64,SmartAI,,NULL,1448
139171,32820,Wild Turkey,,0,12,18,-9493,-450,56.073,5.054,300,20,1,0,0,0,1,1,188,0,0,1,0,0,0,0,64,SmartAI,,NULL,1448
139172,32820,Wild Turkey,,0,12,18,-9492,-559,64.456,1.584,300,20,1,0,0,0,1,1,188,0,0,1,0,0,0,0,64,SmartAI,,NULL,1448
139173,32820,Wild Turkey,,0,12,88,-9491,-1193,49.564,4.063,300,20,1,0,0,0,1,1,188,0,0,1,0,0,0,0,64,SmartAI,,NULL,1448
139174,32820,Wild Turkey,,0,12,87,-9491,-53,60.493,5.207,300,20,1,0,0,0,1,1,188,0,0,1,0,0,0,0,64,SmartAI,,NULL,1448
139175,32820,Wild Turkey,,0,12,87,-9491,-21,58.339,2.126,300,20,1,0,0,0,1,1,188,0,0,1,0,0,0,0,64,SmartAI,,NULL,1448
139176,32820,Wild Turkey,,0,12,12,-9490,-958,55.971,3.14,300,20,1,0,0,0,1,1,188,0,0,1,0,0,0,0,64,SmartAI,,NULL,1448
139177,32820,Wild Turkey,,0,12,87,-9490,-31,59.078,1.199,300,20,1,0,0,0,1,1,188,0,0,1,0,0,0,0,64,SmartAI,,NULL,1448
139178,32820,Wild Turkey,,0,12,87,-9490,-29,58.923,4.502,300,20,1,0,0,0,1,1,188,0,0,1,0,0,0,0,64,SmartAI,,NULL,1448
139179,32820,Wild Turkey,,0,12,89,-9490,475.371,51.298,6.274,300,20,1,0,0,0,1,1,188,0,0,1,0,0,0,0,64,SmartAI,,NULL,1448
139180,32820,Wild Turkey,,0,12,89,-9489,482.235,51.715,5.562,300,20,1,0,0,0,1,1,188,0,0,1,0,0,0,0,64,SmartAI,,NULL,1448
139181,32820,Wild Turkey,,0,12,91,-9488,-766,61.281,1.937,300,20,1,0,0,0,1,1,188,0,0,1,0,0,0,0,64,SmartAI,,NULL,1448
139182,32820,Wild Turkey,,0,12,88,-9487,-1254,43.483,1.865,300,20,1,0,0,0,1,1,188,0,0,1,0,0,0,0,64,SmartAI,,NULL,1448
139183,32820,Wild Turkey,,0,12,12,-9487,-1028,53.171,0.616,300,20,1,0,0,0,1,1,188,0,0,1,0,0,0,0,64,SmartAI,,NULL,1448
139184,32820,Wild Turkey,,0,12,12,-9487,271.435,52.855,4.1,300,20,1,0,0,0,1,1,188,0,0,1,0,0,0,0,64,SmartAI,,NULL,1448
139185,32820,Wild Turkey,,0,12,12,-9486,246.719,54.08,4.007,300,20,1,0,0,0,1,1,188,0,0,1,0,0,0,0,64,SmartAI,,NULL,1448
139186,32820,Wild Turkey,,0,12,18,-9485,-329,54.892,0.419,300,20,1,0,0,0,1,1,188,0,0,1,0,0,0,0,64,SmartAI,,NULL,1448
139187,32820,Wild Turkey,,0,12,18,-9484,-350,60.2,4.378,300,20,1,0,0,0,1,1,188,0,0,1,0,0,0,0,64,SmartAI,,NULL,1448
139188,32820,Wild Turkey,,0,12,88,-9483,-1356,46.958,1.011,300,20,1,0,0,0,1,1,188,0,0,1,0,0,0,0,64,SmartAI,,NULL,1448
139189,32820,Wild Turkey,,0,12,12,-9482,266.885,53.234,1.097,300,20,1,0,0,0,1,1,188,0,0,1,0,0,0,0,64,SmartAI,,NULL,1448
139190,32820,Wild Turkey,,0,12,89,-9482,425.988,53.979,4.061,300,20,1,0,0,0,1,1,188,0,0,1,0,0,0,0,64,SmartAI,,NULL,1448
139191,32820,Wild Turkey,,0,12,91,-9480,-786,60.603,5.01,300,20,1,0,0,0,1,1,188,0,0,1,0,0,0,0,64,SmartAI,,NULL,1448
139192,32820,Wild Turkey,,0,12,18,-9479,-183,58.503,1.554,300,20,1,0,0,0,1,1,188,0,0,1,0,0,0,0,64,SmartAI,,NULL,1448
139193,32820,Wild Turkey,,0,12,12,-9478,280.815,53.192,4.36,300,20,1,0,0,0,1,1,188,0,0,1,0,0,0,0,64,SmartAI,,NULL,1448
139194,32820,Wild Turkey,,0,12,88,-9476,-1207,48.181,4.108,300,20,1,0,0,0,1,1,188,0,0,1,0,0,0,0,64,SmartAI,,NULL,1448
139195,32820,Wild Turkey,,0,12,12,-9126.18,394.417,91.7424,3.92184,300,20,1,0,0,0,1,1,188,0,0,1,0,0,0,0,64,SmartAI,,NULL,1448
139196,32820,Wild Turkey,,0,12,89,-9474,533.132,54.285,2.501,300,20,1,0,0,0,1,1,188,0,0,1,0,0,0,0,64,SmartAI,,NULL,1448
139197,32820,Wild Turkey,,0,12,87,-9473,-18,57.595,1.346,300,20,1,0,0,0,1,1,188,0,0,1,0,0,0,0,64,SmartAI,,NULL,1448
139198,32820,Wild Turkey,,0,12,87,-9473,-9,49.794,0.233,300,20,1,0,0,0,1,1,188,0,0,1,0,0,0,0,64,SmartAI,,NULL,1448
139199,32820,Wild Turkey,,0,12,87,-9473,46.977,56.887,5.067,300,20,1,0,0,0,1,1,188,0,0,1,0,0,0,0,64,SmartAI,,NULL,1448
139200,32820,Wild Turkey,,0,12,91,-9472,-838,60.511,4.709,300,20,1,0,0,0,1,1,188,0,0,1,0,0,0,0,64,SmartAI,,NULL,1448
139201,32820,Wild Turkey,,0,12,18,-9472,-271,58.229,2.496,300,20,1,0,0,0,1,1,188,0,0,1,0,0,0,0,64,SmartAI,,NULL,1448
139202,32820,Wild Turkey,,0,12,87,-9472,-5,49.794,5.611,300,20,1,0,0,0,1,1,188,0,0,1,0,0,0,0,64,SmartAI,,NULL,1448
139203,32820,Wild Turkey,,0,12,87,-9472,34.1,63.82,4.407,300,20,1,0,0,0,1,1,188,0,0,1,0,0,0,0,64,SmartAI,,NULL,1448
139204,32820,Wild Turkey,,0,12,18,-9471,-165,59.226,1.293,300,20,1,0,0,0,1,1,188,0,0,1,0,0,0,0,64,SmartAI,,NULL,1448
139205,32820,Wild Turkey,,0,12,87,-9471,27.047,56.339,5.751,300,20,1,0,0,0,1,1,188,0,0,1,0,0,0,0,64,SmartAI,,NULL,1448
139206,32820,Wild Turkey,,0,12,87,-9471,46.904,56.764,4.637,300,20,1,0,0,0,1,1,188,0,0,1,0,0,0,0,64,SmartAI,,NULL,1448
139207,32820,Wild Turkey,,0,12,89,-9471,419.262,53.117,4.697,300,20,1,0,0,0,1,1,188,0,0,1,0,0,0,0,64,SmartAI,,NULL,1448
139208,32820,Wild Turkey,,0,12,88,-9470.26,-1289.42,41.1047,2.80465,300,20,1,0,0,0,1,1,188,0,0,1,0,0,0,0,64,SmartAI,,NULL,1448
139209,32820,Wild Turkey,,0,12,18,-9470,-379,59.032,4.241,300,20,1,0,0,0,1,1,188,0,0,1,0,0,0,0,64,SmartAI,,NULL,1448
139210,32820,Wild Turkey,,0,12,88,-9469,-1355,47.429,1.03,300,20,1,0,0,0,1,1,188,0,0,1,0,0,0,0,64,SmartAI,,NULL,1448
139211,32820,Wild Turkey,,0,12,87,-9468,108.976,57.661,1.798,300,20,1,0,0,0,1,1,188,0,0,1,0,0,0,0,64,SmartAI,,NULL,1448
139212,32820,Wild Turkey,,0,12,12,-9468,241.764,56.08,3.422,300,20,1,0,0,0,1,1,188,0,0,1,0,0,0,0,64,SmartAI,,NULL,1448
139213,32820,Wild Turkey,,0,12,12,-9468,298.53,53.903,5.522,300,20,1,0,0,0,1,1,188,0,0,1,0,0,0,0,64,SmartAI,,NULL,1448
139214,32820,Wild Turkey,,0,12,87,-9467,-5,49.793,4.691,300,20,1,0,0,0,1,1,188,0,0,1,0,0,0,0,64,SmartAI,,NULL,1448
139215,32820,Wild Turkey,,0,12,87,-9467,-5,57.033,1.641,300,20,1,0,0,0,1,1,188,0,0,1,0,0,0,0,64,SmartAI,,NULL,1448
139216,32820,Wild Turkey,,0,12,12,-9467,275.755,53.695,0.512,300,20,1,0,0,0,1,1,188,0,0,1,0,0,0,0,64,SmartAI,,NULL,1448
139217,32820,Wild Turkey,,0,12,87,-9466,0.061,57.033,0.742,300,20,1,0,0,0,1,1,188,0,0,1,0,0,0,0,64,SmartAI,,NULL,1448
139218,32820,Wild Turkey,,0,12,87,-9466,12.645,63.904,1.1,300,20,1,0,0,0,1,1,188,0,0,1,0,0,0,0,64,SmartAI,,NULL,1448
139219,32820,Wild Turkey,,0,12,87,-9466,48.142,56.968,1.466,300,20,1,0,0,0,1,1,188,0,0,1,0,0,0,0,64,SmartAI,,NULL,1448
139220,32820,Wild Turkey,,0,12,87,-9466,74.007,56.779,5.336,300,20,1,0,0,0,1,1,188,0,0,1,0,0,0,0,64,SmartAI,,NULL,1448
139221,32820,Wild Turkey,,0,12,87,-9465,9.633,57.146,1.449,300,20,1,0,0,0,1,1,188,0,0,1,0,0,0,0,64,SmartAI,,NULL,1448
139222,32820,Wild Turkey,,0,12,87,-9465,93.99,58.527,0,300,20,1,0,0,0,1,1,188,0,0,1,0,0,0,0,64,SmartAI,,NULL,1448
139223,32820,Wild Turkey,,0,12,87,-9464,87.43,58.344,0.437,300,20,1,0,0,0,1,1,188,0,0,1,0,0,0,0,64,SmartAI,,NULL,1448
139224,32820,Wild Turkey,,0,12,91,-9463,-827,60.746,0.319,300,20,1,0,0,0,1,1,188,0,0,1,0,0,0,0,64,SmartAI,,NULL,1448
139225,32820,Wild Turkey,,0,12,18,-9463,-239,57.831,1.002,300,20,1,0,0,0,1,1,188,0,0,1,0,0,0,0,64,SmartAI,,NULL,1448
139226,32820,Wild Turkey,,0,12,18,-9463,-236,57.742,1.557,300,20,1,0,0,0,1,1,188,0,0,1,0,0,0,0,64,SmartAI,,NULL,1448
139227,32820,Wild Turkey,,0,12,87,-9463,16.192,57.046,3.037,300,20,1,0,0,0,1,1,188,0,0,1,0,0,0,0,64,SmartAI,,NULL,1448
139228,32820,Wild Turkey,,0,12,87,-9462,109.353,57.878,2.653,300,20,1,0,0,0,1,1,188,0,0,1,0,0,0,0,64,SmartAI,,NULL,1448
139229,32820,Wild Turkey,,0,12,18,-9461,-551,67.28,0.317,300,20,1,0,0,0,1,1,188,0,0,1,0,0,0,0,64,SmartAI,,NULL,1448
139230,32820,Wild Turkey,,0,12,87,-9461,33.134,63.904,4.363,300,20,1,0,0,0,1,1,188,0,0,1,0,0,0,0,64,SmartAI,,NULL,1448
139231,32820,Wild Turkey,,0,12,88,-9420.84,-1302.43,47.8857,5.23631,300,20,1,0,0,0,1,1,188,0,0,1,0,0,0,0,64,SmartAI,,NULL,1448
139232,32820,Wild Turkey,,0,12,87,-9460,8.411,57.146,1.466,300,20,1,0,0,0,1,1,188,0,0,1,0,0,0,0,64,SmartAI,,NULL,1448
139233,32820,Wild Turkey,,0,12,87,-9460,31.939,57.049,2.985,300,20,1,0,0,0,1,1,188,0,0,1,0,0,0,0,64,SmartAI,,NULL,1448
139234,32820,Wild Turkey,,0,12,12,-9459,-992,57.716,2.639,300,20,1,0,0,0,1,1,188,0,0,1,0,0,0,0,64,SmartAI,,NULL,1448
139235,32820,Wild Turkey,,0,12,12,-9459,325.026,53.68,1.983,300,20,1,0,0,0,1,1,188,0,0,1,0,0,0,0,64,SmartAI,,NULL,1448
139236,32820,Wild Turkey,,0,12,87,-9457,29.361,63.904,2.967,300,20,1,0,0,0,1,1,188,0,0,1,0,0,0,0,64,SmartAI,,NULL,1448
139237,32820,Wild Turkey,,0,12,87,-9457,99.168,58.343,4.304,300,20,1,0,0,0,1,1,188,0,0,1,0,0,0,0,64,SmartAI,,NULL,1448
139238,32820,Wild Turkey,,0,12,88,-9455.22,-1386.21,47.1356,1.81376,300,20,1,0,0,0,1,1,188,0,0,1,0,0,0,0,64,SmartAI,,NULL,1448
139239,32820,Wild Turkey,,0,12,87,-9455,73.496,56.996,3.142,300,20,1,0,0,0,1,1,188,0,0,1,0,0,0,0,64,SmartAI,,NULL,1448
139240,32820,Wild Turkey,,0,12,87,-9455,87.35,58.343,2.628,300,20,1,0,0,0,1,1,188,0,0,1,0,0,0,0,64,SmartAI,,NULL,1448
139241,32820,Wild Turkey,,0,12,88,-9454.16,-1385.95,47.1707,1.71476,300,20,1,0,0,0,1,1,188,0,0,1,0,0,0,0,64,SmartAI,,NULL,1448
139242,32820,Wild Turkey,,0,12,12,-9452,-1051,57.28,0.36,300,20,1,0,0,0,1,1,188,0,0,1,0,0,0,0,64,SmartAI,,NULL,1448
139243,32820,Wild Turkey,,0,12,89,-9452,520.263,56.225,2.973,300,20,1,0,0,0,1,1,188,0,0,1,0,0,0,0,64,SmartAI,,NULL,1448
139244,32820,Wild Turkey,,0,12,12,-9451,-957,55.738,4.467,300,20,1,0,0,0,1,1,188,0,0,1,0,0,0,0,64,SmartAI,,NULL,1448
139245,32820,Wild Turkey,,0,12,88,-9449,-1449,59.031,0.017,300,20,1,0,0,0,1,1,188,0,0,1,0,0,0,0,64,SmartAI,,NULL,1448
139246,32820,Wild Turkey,,0,12,91,-9449,-779,62.301,1.985,300,20,1,0,0,0,1,1,188,0,0,1,0,0,0,0,64,SmartAI,,NULL,1448
139247,32820,Wild Turkey,,0,12,18,-9448,-494,63.785,5.27,300,20,1,0,0,0,1,1,188,0,0,1,0,0,0,0,64,SmartAI,,NULL,1448
139248,32820,Wild Turkey,,0,12,12,-9448,217.373,59.931,0,300,20,1,0,0,0,1,1,188,0,0,1,0,0,0,0,64,SmartAI,,NULL,1448
139249,32820,Wild Turkey,,0,12,92,-9448,339.654,54.638,0.588,300,20,1,0,0,0,1,1,188,0,0,1,0,0,0,0,64,SmartAI,,NULL,1448
139250,32820,Wild Turkey,,0,12,89,-9448,462.158,52.286,4.192,300,20,1,0,0,0,1,1,188,0,0,1,0,0,0,0,64,SmartAI,,NULL,1448
139251,32820,Wild Turkey,,0,12,12,-9445,-973,55.591,4.366,300,20,1,0,0,0,1,1,188,0,0,1,0,0,0,0,64,SmartAI,,NULL,1448
139252,32820,Wild Turkey,,0,12,91,-9445,-595,65.405,3.864,300,20,1,0,0,0,1,1,188,0,0,1,0,0,0,0,64,SmartAI,,NULL,1448
139253,32820,Wild Turkey,,0,12,88,-9444.1,-1412.31,46.6621,1.63715,300,20,1,0,0,0,1,1,188,0,0,1,0,0,0,0,64,SmartAI,,NULL,1448
139254,32820,Wild Turkey,,0,12,12,-9444,-900,58.153,3.64,300,20,1,0,0,0,1,1,188,0,0,1,0,0,0,0,64,SmartAI,,NULL,1448
139255,32820,Wild Turkey,,0,12,89,-9444,459.607,52.21,4.193,300,20,1,0,0,0,1,1,188,0,0,1,0,0,0,0,64,SmartAI,,NULL,1448
139256,32820,Wild Turkey,,0,12,88,-9440.76,-1391.15,46.7888,2.02346,300,20,1,0,0,0,1,1,188,0,0,1,0,0,0,0,64,SmartAI,,NULL,1448
139257,32820,Wild Turkey,,0,12,88,-9440,-1379,46.953,0.955,300,20,1,0,0,0,1,1,188,0,0,1,0,0,0,0,64,SmartAI,,NULL,1448
139258,32820,Wild Turkey,,0,12,91,-9439,-675,64.124,4.529,300,20,1,0,0,0,1,1,188,0,0,1,0,0,0,0,64,SmartAI,,NULL,1448
139259,32820,Wild Turkey,,0,12,88,-9438.49,-1405,46.662,4.60941,300,20,1,0,0,0,1,1,188,0,0,1,0,0,0,0,64,SmartAI,,NULL,1448
139260,32820,Wild Turkey,,0,12,88,-9438.22,-1412.35,46.662,1.68739,300,20,1,0,0,0,1,1,188,0,0,1,0,0,0,0,64,SmartAI,,NULL,1448
139261,32820,Wild Turkey,,0,12,91,-9438,-655,65.773,2.11,300,20,1,0,0,0,1,1,188,0,0,1,0,0,0,0,64,SmartAI,,NULL,1448
139262,32820,Wild Turkey,,0,12,89,-9438,470.249,53.274,4.009,300,20,1,0,0,0,1,1,188,0,0,1,0,0,0,0,64,SmartAI,,NULL,1448
139263,32820,Wild Turkey,,0,12,88,-9437,-1452,59.817,6.09,300,20,1,0,0,0,1,1,188,0,0,1,0,0,0,0,64,SmartAI,,NULL,1448
139264,32820,Wild Turkey,,0,12,91,-9435,-639,66.116,5.863,300,20,1,0,0,0,1,1,188,0,0,1,0,0,0,0,64,SmartAI,,NULL,1448
139265,32820,Wild Turkey,,0,12,88,-9434,-1253,49.267,2.305,300,20,1,0,0,0,1,1,188,0,0,1,0,0,0,0,64,SmartAI,,NULL,1448
139266,32820,Wild Turkey,,0,12,92,-9433,482.528,53.247,2.295,300,20,1,0,0,0,1,1,188,0,0,1,0,0,0,0,64,SmartAI,,NULL,1448
139267,32820,Wild Turkey,,0,12,88,-9432,-1387,46.663,5.947,300,20,1,0,0,0,1,1,188,0,0,1,0,0,0,0,64,SmartAI,,NULL,1448
139268,32820,Wild Turkey,,0,12,87,-9432,133.199,58.837,6.151,300,20,1,0,0,0,1,1,188,0,0,1,0,0,0,0,64,SmartAI,,NULL,1448
139269,32820,Wild Turkey,,0,12,87,-9432,150.687,55.834,2.532,300,20,1,0,0,0,1,1,188,0,0,1,0,0,0,0,64,SmartAI,,NULL,1448
139271,32820,Wild Turkey,,0,12,88,-9430,-1514,68.918,0.448,300,20,1,0,0,0,1,1,188,0,0,1,0,0,0,0,64,SmartAI,,NULL,1448
139272,32820,Wild Turkey,,0,12,87,-9430,132.438,59.079,2.802,300,20,1,0,0,0,1,1,188,0,0,1,0,0,0,0,64,SmartAI,,NULL,1448
139273,32820,Wild Turkey,,0,12,87,-9430,134.259,58.901,3.849,300,20,1,0,0,0,1,1,188,0,0,1,0,0,0,0,64,SmartAI,,NULL,1448
139274,32820,Wild Turkey,,0,12,88,-9429,-1262,49.045,1.86,300,20,1,0,0,0,1,1,188,0,0,1,0,0,0,0,64,SmartAI,,NULL,1448
139275,32820,Wild Turkey,,0,12,88,-9429,-1261,49.154,5.276,300,20,1,0,0,0,1,1,188,0,0,1,0,0,0,0,64,SmartAI,,NULL,1448
139276,32820,Wild Turkey,,0,12,91,-9427,-671,64.684,4.566,300,20,1,0,0,0,1,1,188,0,0,1,0,0,0,0,64,SmartAI,,NULL,1448
139277,32820,Wild Turkey,,0,12,12,-9427,323.42,55.912,3.39,300,20,1,0,0,0,1,1,188,0,0,1,0,0,0,0,64,SmartAI,,NULL,1448
139278,32820,Wild Turkey,,0,12,88,-9426.71,-1323.56,51.4573,2.53904,300,20,1,0,0,0,1,1,188,0,0,1,0,0,0,0,64,SmartAI,,NULL,1448
139279,32820,Wild Turkey,,0,12,88,-9422,-1239,52.7,5.807,300,20,1,0,0,0,1,1,188,0,0,1,0,0,0,0,64,SmartAI,,NULL,1448
139280,32820,Wild Turkey,,0,12,88,-9422,-1182,56.483,6.115,300,20,1,0,0,0,1,1,188,0,0,1,0,0,0,0,64,SmartAI,,NULL,1448
139281,32820,Wild Turkey,,0,12,18,-9421,-566,67.708,4.625,300,20,1,0,0,0,1,1,188,0,0,1,0,0,0,0,64,SmartAI,,NULL,1448
139282,32820,Wild Turkey,,0,12,18,-9421,-453,60.422,3.662,300,20,1,0,0,0,1,1,188,0,0,1,0,0,0,0,64,SmartAI,,NULL,1448
139283,32820,Wild Turkey,,0,12,91,-9419,-728,65.583,3.245,300,20,1,0,0,0,1,1,188,0,0,1,0,0,0,0,64,SmartAI,,NULL,1448
139284,32820,Wild Turkey,,0,12,88,-9418,-1362,50.564,4.5,300,20,1,0,0,0,1,1,188,0,0,1,0,0,0,0,64,SmartAI,,NULL,1448
139285,32820,Wild Turkey,,0,12,91,-9416,-782,66.395,1.487,300,20,1,0,0,0,1,1,188,0,0,1,0,0,0,0,64,SmartAI,,NULL,1448
139286,32820,Wild Turkey,,0,12,87,-9416,155.709,56.403,5.045,300,20,1,0,0,0,1,1,188,0,0,1,0,0,0,0,64,SmartAI,,NULL,1448
139287,32820,Wild Turkey,,0,12,12,-9415,295.758,60.265,4.891,300,20,1,0,0,0,1,1,188,0,0,1,0,0,0,0,64,SmartAI,,NULL,1448
139288,32820,Wild Turkey,,0,12,12,-9414,-845,62.561,0.004,300,20,1,0,0,0,1,1,188,0,0,1,0,0,0,0,64,SmartAI,,NULL,1448
139289,32820,Wild Turkey,,0,12,18,-9412,-387,57.469,2.226,300,20,1,0,0,0,1,1,188,0,0,1,0,0,0,0,64,SmartAI,,NULL,1448
139290,32820,Wild Turkey,,0,12,18,-9412,-314,60.602,0,300,20,1,0,0,0,1,1,188,0,0,1,0,0,0,0,64,SmartAI,,NULL,1448
139291,32820,Wild Turkey,,0,12,88,-9411,-1350,50.028,1.498,300,20,1,0,0,0,1,1,188,0,0,1,0,0,0,0,64,SmartAI,,NULL,1448
139292,32820,Wild Turkey,,0,12,88,-9410,-1271,49.832,5.483,300,20,1,0,0,0,1,1,188,0,0,1,0,0,0,0,64,SmartAI,,NULL,1448
139293,32820,Wild Turkey,,0,12,12,-9410,-853,62.711,0.461,300,20,1,0,0,0,1,1,188,0,0,1,0,0,0,0,64,SmartAI,,NULL,1448
139294,32820,Wild Turkey,,0,12,18,-9410,-324,59.375,1.682,300,20,1,0,0,0,1,1,188,0,0,1,0,0,0,0,64,SmartAI,,NULL,1448
139295,32820,Wild Turkey,,0,12,12,-9410,208.355,61.079,3.912,300,20,1,0,0,0,1,1,188,0,0,1,0,0,0,0,64,SmartAI,,NULL,1448
139296,32820,Wild Turkey,,0,12,12,-9409,243.329,61.172,1.582,300,20,1,0,0,0,1,1,188,0,0,1,0,0,0,0,64,SmartAI,,NULL,1448
139297,32820,Wild Turkey,,0,12,12,-9408,-999,61.864,2.694,300,20,1,0,0,0,1,1,188,0,0,1,0,0,0,0,64,SmartAI,,NULL,1448
139298,32820,Wild Turkey,,0,12,88,-9407,-1107,61.211,5.323,300,20,1,0,0,0,1,1,188,0,0,1,0,0,0,0,64,SmartAI,,NULL,1448
139299,32820,Wild Turkey,,0,12,88,-9405,-1344,50.111,2.461,300,20,1,0,0,0,1,1,188,0,0,1,0,0,0,0,64,SmartAI,,NULL,1448
139300,32820,Wild Turkey,,0,12,87,-9404,-30,64.335,1.721,300,20,1,0,0,0,1,1,188,0,0,1,0,0,0,0,64,SmartAI,,NULL,1448
139301,32820,Wild Turkey,,0,12,12,-9402,324.172,58.219,0.634,300,20,1,0,0,0,1,1,188,0,0,1,0,0,0,0,64,SmartAI,,NULL,1448
139302,32820,Wild Turkey,,0,12,88,-9400.99,-1336.26,50.0274,3.16106,300,20,1,0,0,0,1,1,188,0,0,1,0,0,0,0,64,SmartAI,,NULL,1448
139303,32820,Wild Turkey,,0,12,18,-9397,-443,60.336,0.515,300,20,1,0,0,0,1,1,188,0,0,1,0,0,0,0,64,SmartAI,,NULL,1448
139304,32820,Wild Turkey,,0,12,12,-9397,305.106,61.005,5.919,300,20,1,0,0,0,1,1,188,0,0,1,0,0,0,0,64,SmartAI,,NULL,1448
139305,32820,Wild Turkey,,0,12,54,-9396,-711,67.79,2.396,300,20,1,0,0,0,1,1,188,0,0,1,0,0,0,0,64,SmartAI,,NULL,1448
139306,32820,Wild Turkey,,0,12,88,-9395,-1514,69.385,4.886,300,20,1,0,0,0,1,1,188,0,0,1,0,0,0,0,64,SmartAI,,NULL,1448
139307,32820,Wild Turkey,,0,12,12,-9395,312.681,61.586,1.533,300,20,1,0,0,0,1,1,188,0,0,1,0,0,0,0,64,SmartAI,,NULL,1448
139309,32820,Wild Turkey,,0,12,88,-9393,-1276,54.057,6.24,300,20,1,0,0,0,1,1,188,0,0,1,0,0,0,0,64,SmartAI,,NULL,1448
139310,32820,Wild Turkey,,0,12,18,-9392,-345,59.169,5.621,300,20,1,0,0,0,1,1,188,0,0,1,0,0,0,0,64,SmartAI,,NULL,1448
139311,32820,Wild Turkey,,0,12,54,-9390,-587,67.012,4.101,300,20,1,0,0,0,1,1,188,0,0,1,0,0,0,0,64,SmartAI,,NULL,1448
139312,32820,Wild Turkey,,0,12,54,-9390,-508,68.811,2.179,300,20,1,0,0,0,1,1,188,0,0,1,0,0,0,0,64,SmartAI,,NULL,1448
139313,32820,Wild Turkey,,0,12,87,-9390,56.554,59.985,3.128,300,20,1,0,0,0,1,1,188,0,0,1,0,0,0,0,64,SmartAI,,NULL,1448
139314,32820,Wild Turkey,,0,12,92,-9390,528.081,61.321,3.906,300,20,1,0,0,0,1,1,188,0,0,1,0,0,0,0,64,SmartAI,,NULL,1448
139315,32820,Wild Turkey,,0,12,88,-9389,-1275,55.114,3.004,300,20,1,0,0,0,1,1,188,0,0,1,0,0,0,0,64,SmartAI,,NULL,1448
139316,32820,Wild Turkey,,0,12,18,-9387.13,-117.859,58.8626,2.81827,300,20,1,0,0,0,1,1,188,0,0,1,0,0,0,0,64,SmartAI,,NULL,1448
139317,32820,Wild Turkey,,0,12,88,-9387,-1435,62.189,0.904,300,20,1,0,0,0,1,1,188,0,0,1,0,0,0,0,64,SmartAI,,NULL,1448
139318,32820,Wild Turkey,,0,12,12,-9387,-963,63.591,2.721,300,20,1,0,0,0,1,1,188,0,0,1,0,0,0,0,64,SmartAI,,NULL,1448
139319,32820,Wild Turkey,,0,12,88,-9386,-1276,55.562,2.717,300,20,1,0,0,0,1,1,188,0,0,1,0,0,0,0,64,SmartAI,,NULL,1448
139320,32820,Wild Turkey,,0,12,12,-9384,-924,63.488,2.606,300,20,1,0,0,0,1,1,188,0,0,1,0,0,0,0,64,SmartAI,,NULL,1448
139321,32820,Wild Turkey,,0,12,18,-9384,-486,68.886,1.506,300,20,1,0,0,0,1,1,188,0,0,1,0,0,0,0,64,SmartAI,,NULL,1448
139322,32820,Wild Turkey,,0,12,18,-9384,-230,64.15,0.899,300,20,1,0,0,0,1,1,188,0,0,1,0,0,0,0,64,SmartAI,,NULL,1448
139323,32820,Wild Turkey,,0,12,87,-9384,-21,62.361,0.496,300,20,1,0,0,0,1,1,188,0,0,1,0,0,0,0,64,SmartAI,,NULL,1448
139324,32820,Wild Turkey,,0,12,92,-9384,343.232,56.396,4.664,300,20,1,0,0,0,1,1,188,0,0,1,0,0,0,0,64,SmartAI,,NULL,1448
139325,32820,Wild Turkey,,0,12,18,-9381.82,-117.429,58.7558,4.28438,300,20,1,0,0,0,1,1,188,0,0,1,0,0,0,0,64,SmartAI,,NULL,1448
139326,32820,Wild Turkey,,0,12,18,-9381,-280,64.459,0,300,20,1,0,0,0,1,1,188,0,0,1,0,0,0,0,64,SmartAI,,NULL,1448
139327,32820,Wild Turkey,,0,12,87,-9381,127.141,61.364,3.11,300,20,1,0,0,0,1,1,188,0,0,1,0,0,0,0,64,SmartAI,,NULL,1448
139328,32820,Wild Turkey,,0,12,87,-9380,-70,64.521,4.555,300,20,1,0,0,0,1,1,188,0,0,1,0,0,0,0,64,SmartAI,,NULL,1448
139329,32820,Wild Turkey,,0,12,87,-9380,29.617,61.183,2.488,300,20,1,0,0,0,1,1,188,0,0,1,0,0,0,0,64,SmartAI,,NULL,1448
139330,32820,Wild Turkey,,0,12,18,-9379,-112,58.793,2.077,300,20,1,0,0,0,1,1,188,0,0,1,0,0,0,0,64,SmartAI,,NULL,1448
139331,32820,Wild Turkey,,0,12,88,-9378,-1127,62.701,1.784,300,20,1,0,0,0,1,1,188,0,0,1,0,0,0,0,64,SmartAI,,NULL,1448
139332,32820,Wild Turkey,,0,12,18,-9378,-216,63.953,0.897,300,20,1,0,0,0,1,1,188,0,0,1,0,0,0,0,64,SmartAI,,NULL,1448
139333,32820,Wild Turkey,,0,12,87,-9376,-74,64.521,3.456,300,20,1,0,0,0,1,1,188,0,0,1,0,0,0,0,64,SmartAI,,NULL,1448
139334,32820,Wild Turkey,,0,12,87,-9376,-67,69.202,1.075,300,20,1,0,0,0,1,1,188,0,0,1,0,0,0,0,64,SmartAI,,NULL,1448
139335,32820,Wild Turkey,,0,12,87,-9376,-66,69.202,5.798,300,20,1,0,0,0,1,1,188,0,0,1,0,0,0,0,64,SmartAI,,NULL,1448
139336,32820,Wild Turkey,,0,12,88,-9374,-1225,63.762,5.091,300,20,1,0,0,0,1,1,188,0,0,1,0,0,0,0,64,SmartAI,,NULL,1448
139337,32820,Wild Turkey,,0,12,87,-9374,-66,69.202,3.57,300,20,1,0,0,0,1,1,188,0,0,1,0,0,0,0,64,SmartAI,,NULL,1448
139338,32820,Wild Turkey,,0,12,88,-9373,-1210,63.557,3.059,300,20,1,0,0,0,1,1,188,0,0,1,0,0,0,0,64,SmartAI,,NULL,1448
139339,32820,Wild Turkey,,0,12,87,-9373,134.102,61.836,1.385,300,20,1,0,0,0,1,1,188,0,0,1,0,0,0,0,64,SmartAI,,NULL,1448
139340,32820,Wild Turkey,,0,12,87,-9373,147.602,61.685,4.386,300,20,1,0,0,0,1,1,188,0,0,1,0,0,0,0,64,SmartAI,,NULL,1448
139341,32820,Wild Turkey,,0,12,12,-9371,-944,65.101,5.773,300,20,1,0,0,0,1,1,188,0,0,1,0,0,0,0,64,SmartAI,,NULL,1448
139342,32820,Wild Turkey,,0,12,87,-9371,-70,69.202,0.374,300,20,1,0,0,0,1,1,188,0,0,1,0,0,0,0,64,SmartAI,,NULL,1448
139343,32820,Wild Turkey,,0,12,87,-9371,-68,69.202,5.049,300,20,1,0,0,0,1,1,188,0,0,1,0,0,0,0,64,SmartAI,,NULL,1448
139344,32820,Wild Turkey,,0,12,87,-9371,134.791,61.985,4.722,300,20,1,0,0,0,1,1,188,0,0,1,0,0,0,0,64,SmartAI,,NULL,1448
139345,32820,Wild Turkey,,0,12,88,-9369,-1192,63.624,0.609,300,20,1,0,0,0,1,1,188,0,0,1,0,0,0,0,64,SmartAI,,NULL,1448
139346,32820,Wild Turkey,,0,12,87,-9369,-68,69.202,2.963,300,20,1,0,0,0,1,1,188,0,0,1,0,0,0,0,64,SmartAI,,NULL,1448
139347,32820,Wild Turkey,,0,12,88,-9367,-1168,65.193,5.53,300,20,1,0,0,0,1,1,188,0,0,1,0,0,0,0,64,SmartAI,,NULL,1448
139348,32820,Wild Turkey,,0,12,12,-9366,-810,65.544,2.616,300,20,1,0,0,0,1,1,188,0,0,1,0,0,0,0,64,SmartAI,,NULL,1448
139349,32820,Wild Turkey,,0,12,54,-9365,-596,69.178,4.296,300,20,1,0,0,0,1,1,188,0,0,1,0,0,0,0,64,SmartAI,,NULL,1448
139350,32820,Wild Turkey,,0,12,12,-9364,11.024,61.815,2.506,300,20,1,0,0,0,1,1,188,0,0,1,0,0,0,0,64,SmartAI,,NULL,1448
139351,32820,Wild Turkey,,0,12,88,-9361,-1405,63.575,4.344,300,20,1,0,0,0,1,1,188,0,0,1,0,0,0,0,64,SmartAI,,NULL,1448
139352,32820,Wild Turkey,,0,12,12,-9361,-869,64.962,3.987,300,20,1,0,0,0,1,1,188,0,0,1,0,0,0,0,64,SmartAI,,NULL,1448
139353,32820,Wild Turkey,,0,12,86,-9358,-926,65.732,2.164,300,20,1,0,0,0,1,1,188,0,0,1,0,0,0,0,64,SmartAI,,NULL,1448
139354,32820,Wild Turkey,,0,12,12,-9358,-849,63.997,2.375,300,20,1,0,0,0,1,1,188,0,0,1,0,0,0,0,64,SmartAI,,NULL,1448
139355,32820,Wild Turkey,,0,12,88,-9354,-1404,63.973,4.167,300,20,1,0,0,0,1,1,188,0,0,1,0,0,0,0,64,SmartAI,,NULL,1448
139356,32820,Wild Turkey,,0,12,88,-9354,-1195,66.266,2.266,300,20,1,0,0,0,1,1,188,0,0,1,0,0,0,0,64,SmartAI,,NULL,1448
139357,32820,Wild Turkey,,0,12,18,-9354,-186,65.198,0.372,300,20,1,0,0,0,1,1,188,0,0,1,0,0,0,0,64,SmartAI,,NULL,1448
139358,32820,Wild Turkey,,0,12,86,-9353,-904,66.04,6.18,300,20,1,0,0,0,1,1,188,0,0,1,0,0,0,0,64,SmartAI,,NULL,1448
139359,32820,Wild Turkey,,0,12,12,-9353,-843,64.12,6.075,300,20,1,0,0,0,1,1,188,0,0,1,0,0,0,0,64,SmartAI,,NULL,1448
139360,32820,Wild Turkey,,0,12,86,-9352,-1164,65.353,2.384,300,20,1,0,0,0,1,1,188,0,0,1,0,0,0,0,64,SmartAI,,NULL,1448
139361,32820,Wild Turkey,,0,12,86,-9352,-1160,65.543,5.245,300,20,1,0,0,0,1,1,188,0,0,1,0,0,0,0,64,SmartAI,,NULL,1448
139362,32820,Wild Turkey,,0,12,54,-9352,-611,71.313,1.553,300,20,1,0,0,0,1,1,188,0,0,1,0,0,0,0,64,SmartAI,,NULL,1448
139363,32820,Wild Turkey,,0,12,92,-9352,503.765,50.321,4.473,300,20,1,0,0,0,1,1,188,0,0,1,0,0,0,0,64,SmartAI,,NULL,1448
139364,32820,Wild Turkey,,0,12,86,-9350,-1166,65.293,1.933,300,20,1,0,0,0,1,1,188,0,0,1,0,0,0,0,64,SmartAI,,NULL,1448
139365,32820,Wild Turkey,,0,12,88,-9347,-1445,66.672,1.459,300,20,1,0,0,0,1,1,188,0,0,1,0,0,0,0,64,SmartAI,,NULL,1448
139366,32820,Wild Turkey,,0,12,54,-9346,-748,68.344,0.262,300,20,1,0,0,0,1,1,188,0,0,1,0,0,0,0,64,SmartAI,,NULL,1448
139367,32820,Wild Turkey,,0,12,12,-9346,44.308,61.314,2.717,300,20,1,0,0,0,1,1,188,0,0,1,0,0,0,0,64,SmartAI,,NULL,1448
139368,32820,Wild Turkey,,0,12,92,-9346,477.343,52.18,5.385,300,20,1,0,0,0,1,1,188,0,0,1,0,0,0,0,64,SmartAI,,NULL,1448
139369,32820,Wild Turkey,,0,12,12,-9341,165.021,61.641,1.096,300,20,1,0,0,0,1,1,188,0,0,1,0,0,0,0,64,SmartAI,,NULL,1448
139370,32820,Wild Turkey,,0,12,86,-9340,-1120,67.994,5.368,300,20,1,0,0,0,1,1,188,0,0,1,0,0,0,0,64,SmartAI,,NULL,1448
139371,32820,Wild Turkey,,0,12,54,-9340,-716,67.003,4.005,300,20,1,0,0,0,1,1,188,0,0,1,0,0,0,0,64,SmartAI,,NULL,1448
139372,32820,Wild Turkey,,0,12,86,-9338,-1155,67.043,0.595,300,20,1,0,0,0,1,1,188,0,0,1,0,0,0,0,64,SmartAI,,NULL,1448
139373,32820,Wild Turkey,,0,12,88,-9336,-1254,66.113,5.261,300,20,1,0,0,0,1,1,188,0,0,1,0,0,0,0,64,SmartAI,,NULL,1448
139374,32820,Wild Turkey,,0,12,18,-9336,-436,67.543,3.382,300,20,1,0,0,0,1,1,188,0,0,1,0,0,0,0,64,SmartAI,,NULL,1448
139375,32820,Wild Turkey,,0,12,86,-9334,-947,67.321,5.957,300,20,1,0,0,0,1,1,188,0,0,1,0,0,0,0,64,SmartAI,,NULL,1448
139376,32820,Wild Turkey,,0,12,86,-9331,-1168,66.517,3.206,300,20,1,0,0,0,1,1,188,0,0,1,0,0,0,0,64,SmartAI,,NULL,1448
139377,32820,Wild Turkey,,0,12,88,-9330,-1313,65.07,0.091,300,20,1,0,0,0,1,1,188,0,0,1,0,0,0,0,64,SmartAI,,NULL,1448
139378,32820,Wild Turkey,,0,12,88,-9328,-1318,65.451,3.679,300,20,1,0,0,0,1,1,188,0,0,1,0,0,0,0,64,SmartAI,,NULL,1448
139379,32820,Wild Turkey,,0,12,92,-9327,366.189,66.437,4.384,300,20,1,0,0,0,1,1,188,0,0,1,0,0,0,0,64,SmartAI,,NULL,1448
139380,32820,Wild Turkey,,0,12,12,-9326,325.428,68.249,2.474,300,20,1,0,0,0,1,1,188,0,0,1,0,0,0,0,64,SmartAI,,NULL,1448
139381,32820,Wild Turkey,,0,12,12,-9324.74,-106.101,64.0093,1.6099,300,20,1,0,0,0,1,1,188,0,0,1,0,0,0,0,64,SmartAI,,NULL,1448
139382,32820,Wild Turkey,,0,12,54,-9323,-557,69.447,0.586,300,20,1,0,0,0,1,1,188,0,0,1,0,0,0,0,64,SmartAI,,NULL,1448
139383,32820,Wild Turkey,,0,12,18,-9322,-288,69.495,4.24,300,20,1,0,0,0,1,1,188,0,0,1,0,0,0,0,64,SmartAI,,NULL,1448
139384,32820,Wild Turkey,,0,12,86,-9321,-1189,68.549,4.907,300,20,1,0,0,0,1,1,188,0,0,1,0,0,0,0,64,SmartAI,,NULL,1448
139385,32820,Wild Turkey,,0,12,18,-9321,-386,67.161,3.968,300,20,1,0,0,0,1,1,188,0,0,1,0,0,0,0,64,SmartAI,,NULL,1448
139386,32820,Wild Turkey,,0,12,92,-9321,551.713,77.139,2.583,300,20,1,0,0,0,1,1,188,0,0,1,0,0,0,0,64,SmartAI,,NULL,1448
139387,32820,Wild Turkey,,0,12,18,-9320,-272,69.786,1.371,300,20,1,0,0,0,1,1,188,0,0,1,0,0,0,0,64,SmartAI,,NULL,1448
139388,32820,Wild Turkey,,0,12,92,-9319,397.511,71.732,0.497,300,20,1,0,0,0,1,1,188,0,0,1,0,0,0,0,64,SmartAI,,NULL,1448
139389,32820,Wild Turkey,,0,12,86,-9317,-1183,68.226,5.533,300,20,1,0,0,0,1,1,188,0,0,1,0,0,0,0,64,SmartAI,,NULL,1448
139390,32820,Wild Turkey,,0,12,54,-9316,-719,67.299,5.341,300,20,1,0,0,0,1,1,188,0,0,1,0,0,0,0,64,SmartAI,,NULL,1448
139391,32820,Wild Turkey,,0,12,54,-9316,-520,68.63,2.477,300,20,1,0,0,0,1,1,188,0,0,1,0,0,0,0,64,SmartAI,,NULL,1448
139392,32820,Wild Turkey,,0,12,18,-9316,-495,69.81,1.649,300,20,1,0,0,0,1,1,188,0,0,1,0,0,0,0,64,SmartAI,,NULL,1448
139393,32820,Wild Turkey,,0,12,12,-9315,324.735,70.124,0.198,300,20,1,0,0,0,1,1,188,0,0,1,0,0,0,0,64,SmartAI,,NULL,1448
139394,32820,Wild Turkey,,0,12,12,-9313,281.484,70.538,2.381,300,20,1,0,0,0,1,1,188,0,0,1,0,0,0,0,64,SmartAI,,NULL,1448
139395,32820,Wild Turkey,,0,12,12,-9313,291.223,70.619,4.102,300,20,1,0,0,0,1,1,188,0,0,1,0,0,0,0,64,SmartAI,,NULL,1448
139396,32820,Wild Turkey,,0,12,92,-9313,335.962,69.282,5.109,300,20,1,0,0,0,1,1,188,0,0,1,0,0,0,0,64,SmartAI,,NULL,1448
139397,32820,Wild Turkey,,0,12,18,-9312,-432,68.237,2.052,300,20,1,0,0,0,1,1,188,0,0,1,0,0,0,0,64,SmartAI,,NULL,1448
139398,32820,Wild Turkey,,0,12,18,-9312,-169,65.719,4.121,300,20,1,0,0,0,1,1,188,0,0,1,0,0,0,0,64,SmartAI,,NULL,1448
139399,32820,Wild Turkey,,0,12,92,-9310,355.481,70.081,4.042,300,20,1,0,0,0,1,1,188,0,0,1,0,0,0,0,64,SmartAI,,NULL,1448
139400,32820,Wild Turkey,,0,12,18,-9309,-376,71.145,3.612,300,20,1,0,0,0,1,1,188,0,0,1,0,0,0,0,64,SmartAI,,NULL,1448
139401,32820,Wild Turkey,,0,12,12,-9309,64.142,76.196,0.616,300,20,1,0,0,0,1,1,188,0,0,1,0,0,0,0,64,SmartAI,,NULL,1448
139402,32820,Wild Turkey,,0,12,12,-9309,325.857,70.749,0.067,300,20,1,0,0,0,1,1,188,0,0,1,0,0,0,0,64,SmartAI,,NULL,1448
139403,32820,Wild Turkey,,0,12,12,-9309.12,283.676,70.5382,2.26234,300,20,1,0,0,0,1,1,188,0,0,1,0,0,0,0,64,SmartAI,,NULL,1448
139404,32820,Wild Turkey,,0,12,92,-9308,454.329,77.708,2.505,300,20,1,0,0,0,1,1,188,0,0,1,0,0,0,0,64,SmartAI,,NULL,1448
139405,32820,Wild Turkey,,0,12,18,-9307,-287,70.447,3.22,300,20,1,0,0,0,1,1,188,0,0,1,0,0,0,0,64,SmartAI,,NULL,1448
139406,32820,Wild Turkey,,0,12,12,-9307,-109,66.028,0.785,300,20,1,0,0,0,1,1,188,0,0,1,0,0,0,0,64,SmartAI,,NULL,1448
139407,32820,Wild Turkey,,0,12,92,-9307,363.144,71.563,1.509,300,20,1,0,0,0,1,1,188,0,0,1,0,0,0,0,64,SmartAI,,NULL,1448
139408,32820,Wild Turkey,,0,12,88,-9306,-1303,68.616,0.837,300,20,1,0,0,0,1,1,188,0,0,1,0,0,0,0,64,SmartAI,,NULL,1448
139409,32820,Wild Turkey,,0,12,12,-9304,-65,67.552,1.358,300,20,1,0,0,0,1,1,188,0,0,1,0,0,0,0,64,SmartAI,,NULL,1448
139410,32820,Wild Turkey,,0,12,12,-9303,-27,69.883,4.012,300,20,1,0,0,0,1,1,188,0,0,1,0,0,0,0,64,SmartAI,,NULL,1448
139411,32820,Wild Turkey,,0,12,12,-9302,-105,67.37,0.023,300,20,1,0,0,0,1,1,188,0,0,1,0,0,0,0,64,SmartAI,,NULL,1448
139412,32820,Wild Turkey,,0,12,18,-9303.19,-292.231,70.63,3.22,300,20,1,0,0,0,1,1,188,0,0,1,0,0,0,0,64,SmartAI,,NULL,1448
139413,32820,Wild Turkey,,0,12,92,-9299,406.242,74.38,1.508,300,20,1,0,0,0,1,1,188,0,0,1,0,0,0,0,64,SmartAI,,NULL,1448
139414,32820,Wild Turkey,,0,12,61,-9299,653.552,131.166,4.433,300,20,1,0,0,0,1,1,188,0,0,1,0,0,0,0,64,SmartAI,,NULL,1448
139415,32820,Wild Turkey,,0,12,61,-9299,672.389,131.976,2.461,300,20,1,0,0,0,1,1,188,0,0,1,0,0,0,0,64,SmartAI,,NULL,1448
139416,32820,Wild Turkey,,0,12,61,-9298,625.19,130.763,5.201,300,20,1,0,0,0,1,1,188,0,0,1,0,0,0,0,64,SmartAI,,NULL,1448
139417,32820,Wild Turkey,,0,12,12,-9297,386.209,75.43,1.276,300,20,1,0,0,0,1,1,188,0,0,1,0,0,0,0,64,SmartAI,,NULL,1448
139418,32820,Wild Turkey,,0,12,12,-9297,394.508,76.329,6.133,300,20,1,0,0,0,1,1,188,0,0,1,0,0,0,0,64,SmartAI,,NULL,1448
139419,32820,Wild Turkey,,0,12,61,-9297,702.451,131.679,4.268,300,20,1,0,0,0,1,1,188,0,0,1,0,0,0,0,64,SmartAI,,NULL,1448
139420,32820,Wild Turkey,,0,12,92,-9296,474.446,79.65,4.031,300,20,1,0,0,0,1,1,188,0,0,1,0,0,0,0,64,SmartAI,,NULL,1448
139422,32820,Wild Turkey,,0,12,61,-9295,693.985,132.569,1.479,300,20,1,0,0,0,1,1,188,0,0,1,0,0,0,0,64,SmartAI,,NULL,1448
139423,32820,Wild Turkey,,0,12,12,-9293,-6,69.154,2.281,300,20,1,0,0,0,1,1,188,0,0,1,0,0,0,0,64,SmartAI,,NULL,1448
139424,32820,Wild Turkey,,0,12,61,-9293,707.857,132.644,4.331,300,20,1,0,0,0,1,1,188,0,0,1,0,0,0,0,64,SmartAI,,NULL,1448
139425,32820,Wild Turkey,,0,12,54,-9292,-674,64.812,1.99,300,20,1,0,0,0,1,1,188,0,0,1,0,0,0,0,64,SmartAI,,NULL,1448
139426,32820,Wild Turkey,,0,12,12,-9292,388.547,76.684,2.622,300,20,1,0,0,0,1,1,188,0,0,1,0,0,0,0,64,SmartAI,,NULL,1448
139428,32820,Wild Turkey,,0,12,86,-9289,-1268,71.882,3.342,300,20,1,0,0,0,1,1,188,0,0,1,0,0,0,0,64,SmartAI,,NULL,1448
139429,32820,Wild Turkey,,0,12,86,-9289,-1243,70.201,1.858,300,20,1,0,0,0,1,1,188,0,0,1,0,0,0,0,64,SmartAI,,NULL,1448
139430,32820,Wild Turkey,,0,12,86,-9289,-820,69.269,1.641,300,20,1,0,0,0,1,1,188,0,0,1,0,0,0,0,64,SmartAI,,NULL,1448
139431,32820,Wild Turkey,,0,12,92,-9289,466.884,80.109,2.618,300,20,1,0,0,0,1,1,188,0,0,1,0,0,0,0,64,SmartAI,,NULL,1448
139433,32820,Wild Turkey,,0,12,92,-9287,461.562,79.709,5.307,300,20,1,0,0,0,1,1,188,0,0,1,0,0,0,0,64,SmartAI,,NULL,1448
139434,32820,Wild Turkey,,0,12,12,-9285,350.418,75.529,4.967,300,20,1,0,0,0,1,1,188,0,0,1,0,0,0,0,64,SmartAI,,NULL,1448
139435,32820,Wild Turkey,,0,12,12,-9285,375.705,76.131,6.197,300,20,1,0,0,0,1,1,188,0,0,1,0,0,0,0,64,SmartAI,,NULL,1448
139436,32820,Wild Turkey,,0,12,92,-9285,446.773,79.723,3.549,300,20,1,0,0,0,1,1,188,0,0,1,0,0,0,0,64,SmartAI,,NULL,1448
139437,32820,Wild Turkey,,0,12,12,-9284,97.42,68.968,0.59,300,20,1,0,0,0,1,1,188,0,0,1,0,0,0,0,64,SmartAI,,NULL,1448
139438,32820,Wild Turkey,,0,12,54,-9282,-579,65.184,5.812,300,20,1,0,0,0,1,1,188,0,0,1,0,0,0,0,64,SmartAI,,NULL,1448
139439,32820,Wild Turkey,,0,12,18,-9282,-198,69.361,5.542,300,20,1,0,0,0,1,1,188,0,0,1,0,0,0,0,64,SmartAI,,NULL,1448
139440,32820,Wild Turkey,,0,12,12,-9282,269.266,70.933,0.031,300,20,1,0,0,0,1,1,188,0,0,1,0,0,0,0,64,SmartAI,,NULL,1448
139441,32820,Wild Turkey,,0,12,86,-9281,-1310,72.626,0.047,300,20,1,0,0,0,1,1,188,0,0,1,0,0,0,0,64,SmartAI,,NULL,1448
139442,32820,Wild Turkey,,0,12,86,-9281,-1251,72.546,0.254,300,20,1,0,0,0,1,1,188,0,0,1,0,0,0,0,64,SmartAI,,NULL,1448
139443,32820,Wild Turkey,,0,12,61,-9281,662.627,131.965,6.151,300,20,1,0,0,0,1,1,188,0,0,1,0,0,0,0,64,SmartAI,,NULL,1448
139444,32820,Wild Turkey,,0,12,86,-9280,-1270,72.882,4.849,300,20,1,0,0,0,1,1,188,0,0,1,0,0,0,0,64,SmartAI,,NULL,1448
139445,32820,Wild Turkey,,0,12,86,-9279,-1183,71.143,4.553,300,20,1,0,0,0,1,1,188,0,0,1,0,0,0,0,64,SmartAI,,NULL,1448
139446,32820,Wild Turkey,,0,12,92,-9279,454.254,80.569,5.573,300,20,1,0,0,0,1,1,188,0,0,1,0,0,0,0,64,SmartAI,,NULL,1448
139447,32820,Wild Turkey,,0,12,86,-9278,-1253,73.114,0.458,300,20,1,0,0,0,1,1,188,0,0,1,0,0,0,0,64,SmartAI,,NULL,1448
139448,32820,Wild Turkey,,0,12,86,-9278,-1160,68.225,2.435,300,20,1,0,0,0,1,1,188,0,0,1,0,0,0,0,64,SmartAI,,NULL,1448
139449,32820,Wild Turkey,,0,12,54,-9277,-686,63.879,2.484,300,20,1,0,0,0,1,1,188,0,0,1,0,0,0,0,64,SmartAI,,NULL,1448
139450,32820,Wild Turkey,,0,12,54,-9277,-585,65.184,4.929,300,20,1,0,0,0,1,1,188,0,0,1,0,0,0,0,64,SmartAI,,NULL,1448
139451,32820,Wild Turkey,,0,12,12,-9273,23.978,71.351,0.267,300,20,1,0,0,0,1,1,188,0,0,1,0,0,0,0,64,SmartAI,,NULL,1448
139452,32820,Wild Turkey,,0,12,12,-9271,398.325,79.749,4.007,300,20,1,0,0,0,1,1,188,0,0,1,0,0,0,0,64,SmartAI,,NULL,1448
139453,32820,Wild Turkey,,0,12,54,-9270,-549,66.459,5.589,300,20,1,0,0,0,1,1,188,0,0,1,0,0,0,0,64,SmartAI,,NULL,1448
139454,32820,Wild Turkey,,0,12,92,-9268,459.041,81.799,3.677,300,20,1,0,0,0,1,1,188,0,0,1,0,0,0,0,64,SmartAI,,NULL,1448
139455,32820,Wild Turkey,,0,12,12,-9266.12,354.4,76.6919,2.2945,300,20,1,0,0,0,1,1,188,0,0,1,0,0,0,0,64,SmartAI,,NULL,1448
139456,32820,Wild Turkey,,0,12,12,-9265,294.519,71.125,2.064,300,20,1,0,0,0,1,1,188,0,0,1,0,0,0,0,64,SmartAI,,NULL,1448
139457,32820,Wild Turkey,,0,12,12,-9261,111.896,70.995,2.075,300,20,1,0,0,0,1,1,188,0,0,1,0,0,0,0,64,SmartAI,,NULL,1448
139459,32820,Wild Turkey,,0,12,12,-9259,-21,73.236,1.091,300,20,1,0,0,0,1,1,188,0,0,1,0,0,0,0,64,SmartAI,,NULL,1448
139461,32820,Wild Turkey,,0,12,86,-9256,-981,68.516,3.069,300,20,1,0,0,0,1,1,188,0,0,1,0,0,0,0,64,SmartAI,,NULL,1448
139462,32820,Wild Turkey,,0,12,54,-9256,-712,62.856,4.28319,300,20,1,0,0,0,1,1,188,0,0,1,0,0,0,0,64,SmartAI,,NULL,1448
139463,32820,Wild Turkey,,0,12,54,-9256,-708,63.098,0.942,300,20,1,0,0,0,1,1,188,0,0,1,0,0,0,0,64,SmartAI,,NULL,1448
139464,32820,Wild Turkey,,0,12,86,-9255,-1242,73.934,4.28319,300,20,1,0,0,0,1,1,188,0,0,1,0,0,0,0,64,SmartAI,,NULL,1448
139465,32820,Wild Turkey,,0,12,54,-9254,-574,66.763,5.249,300,20,1,0,0,0,1,1,188,0,0,1,0,0,0,0,64,SmartAI,,NULL,1448
139466,32820,Wild Turkey,,0,12,12,-9254,129.862,70.735,1.889,300,20,1,0,0,0,1,1,188,0,0,1,0,0,0,0,64,SmartAI,,NULL,1448
139467,32820,Wild Turkey,,0,12,12,-9253,368.858,77.524,1.918,300,20,1,0,0,0,1,1,188,0,0,1,0,0,0,0,64,SmartAI,,NULL,1448
139468,32820,Wild Turkey,,0,12,92,-9253,437.779,85.565,2.492,300,20,1,0,0,0,1,1,188,0,0,1,0,0,0,0,64,SmartAI,,NULL,1448
139469,32820,Wild Turkey,,0,12,86,-9252,-1241,74.04,2.156,300,20,1,0,0,0,1,1,188,0,0,1,0,0,0,0,64,SmartAI,,NULL,1448
139470,32820,Wild Turkey,,0,12,92,-9252,451.583,87.269,1.573,300,20,1,0,0,0,1,1,188,0,0,1,0,0,0,0,64,SmartAI,,NULL,1448
139471,32820,Wild Turkey,,0,12,12,-9250,126.236,71.395,3.382,300,20,1,0,0,0,1,1,188,0,0,1,0,0,0,0,64,SmartAI,,NULL,1448
139472,32820,Wild Turkey,,0,12,12,-9250,131.177,70.459,5.234,300,20,1,0,0,0,1,1,188,0,0,1,0,0,0,0,64,SmartAI,,NULL,1448
139473,32820,Wild Turkey,,0,12,12,-9249,382.408,80.118,4.058,300,20,1,0,0,0,1,1,188,0,0,1,0,0,0,0,64,SmartAI,,NULL,1448
139474,32820,Wild Turkey,,0,12,54,-9247,-577,66.772,4.605,300,20,1,0,0,0,1,1,188,0,0,1,0,0,0,0,64,SmartAI,,NULL,1448
139475,32820,Wild Turkey,,0,12,86,-9246,-853,69.761,0.044,300,20,1,0,0,0,1,1,188,0,0,1,0,0,0,0,64,SmartAI,,NULL,1448
139476,32820,Wild Turkey,,0,12,12,-9246,52.701,73.837,2.13,300,20,1,0,0,0,1,1,188,0,0,1,0,0,0,0,64,SmartAI,,NULL,1448
139477,32820,Wild Turkey,,0,12,54,-9245,-713,63.039,1.92,300,20,1,0,0,0,1,1,188,0,0,1,0,0,0,0,64,SmartAI,,NULL,1448
139478,32820,Wild Turkey,,0,12,12,-9245,48.974,73.712,1.003,300,20,1,0,0,0,1,1,188,0,0,1,0,0,0,0,64,SmartAI,,NULL,1448
139479,32820,Wild Turkey,,0,12,12,-9245,275.584,72.016,2.785,300,20,1,0,0,0,1,1,188,0,0,1,0,0,0,0,64,SmartAI,,NULL,1448
139481,32820,Wild Turkey,,0,12,12,-9244,238.294,71.189,2.089,300,20,1,0,0,0,1,1,188,0,0,1,0,0,0,0,64,SmartAI,,NULL,1448
139482,32820,Wild Turkey,,0,12,86,-9242,-1161,63.476,1.693,300,20,1,0,0,0,1,1,188,0,0,1,0,0,0,0,64,SmartAI,,NULL,1448
139483,32820,Wild Turkey,,0,12,12,-9239,-40,71.632,3.505,300,20,1,0,0,0,1,1,188,0,0,1,0,0,0,0,64,SmartAI,,NULL,1448
139484,32820,Wild Turkey,,0,12,12,-9238,244.909,71.441,3.295,300,20,1,0,0,0,1,1,188,0,0,1,0,0,0,0,64,SmartAI,,NULL,1448
139485,32820,Wild Turkey,,0,12,86,-9236,-1226,72.69,0.837,300,20,1,0,0,0,1,1,188,0,0,1,0,0,0,0,64,SmartAI,,NULL,1448
139486,32820,Wild Turkey,,0,12,12,-9236,-67,73.709,4.015,300,20,1,0,0,0,1,1,188,0,0,1,0,0,0,0,64,SmartAI,,NULL,1448
139487,32820,Wild Turkey,,0,12,12,-9234,265.97,72.531,2.269,300,20,1,0,0,0,1,1,188,0,0,1,0,0,0,0,64,SmartAI,,NULL,1448
139488,32820,Wild Turkey,,0,12,12,-9232,361.053,73.698,0,300,20,1,0,0,0,1,1,188,0,0,1,0,0,0,0,64,SmartAI,,NULL,1448
139489,32820,Wild Turkey,,0,12,86,-9230,-1199,67.716,1.134,300,20,1,0,0,0,1,1,188,0,0,1,0,0,0,0,64,SmartAI,,NULL,1448
139490,32820,Wild Turkey,,0,12,12,-9230,46.47,74.578,2.233,300,20,1,0,0,0,1,1,188,0,0,1,0,0,0,0,64,SmartAI,,NULL,1448
139491,32820,Wild Turkey,,0,12,12,-9229,67.144,75.609,5.941,300,20,1,0,0,0,1,1,188,0,0,1,0,0,0,0,64,SmartAI,,NULL,1448
139492,32820,Wild Turkey,,0,12,12,-9228,-70,74.946,2.101,300,20,1,0,0,0,1,1,188,0,0,1,0,0,0,0,64,SmartAI,,NULL,1448
139493,32820,Wild Turkey,,0,12,56,-9226,-1031,69.881,4.234,300,20,1,0,0,0,1,1,188,0,0,1,0,0,0,0,64,SmartAI,,NULL,1448
139494,32820,Wild Turkey,,0,12,12,-9225,-62,74.978,3.717,300,20,1,0,0,0,1,1,188,0,0,1,0,0,0,0,64,SmartAI,,NULL,1448
139495,32820,Wild Turkey,,0,12,12,-9225,9.06,76.471,3.721,300,20,1,0,0,0,1,1,188,0,0,1,0,0,0,0,64,SmartAI,,NULL,1448
139496,32820,Wild Turkey,,0,12,12,-9224,-50,73.483,5.111,300,20,1,0,0,0,1,1,188,0,0,1,0,0,0,0,64,SmartAI,,NULL,1448
139497,32820,Wild Turkey,,0,12,12,-9224,-40,73.401,4.839,300,20,1,0,0,0,1,1,188,0,0,1,0,0,0,0,64,SmartAI,,NULL,1448
139498,32820,Wild Turkey,,0,12,54,-9223,-630,61.972,5.414,300,20,1,0,0,0,1,1,188,0,0,1,0,0,0,0,64,SmartAI,,NULL,1448
139499,32820,Wild Turkey,,0,12,12,-9222,54.203,75.669,1.742,300,20,1,0,0,0,1,1,188,0,0,1,0,0,0,0,64,SmartAI,,NULL,1448
139500,32820,Wild Turkey,,0,12,12,-9221,52.523,75.601,0,300,20,1,0,0,0,1,1,188,0,0,1,0,0,0,0,64,SmartAI,,NULL,1448
139501,32820,Wild Turkey,,0,12,86,-9219,-1243,76.007,3.363,300,20,1,0,0,0,1,1,188,0,0,1,0,0,0,0,64,SmartAI,,NULL,1448
139502,32820,Wild Turkey,,0,12,86,-9218,-1229,72.683,1.85,300,20,1,0,0,0,1,1,188,0,0,1,0,0,0,0,64,SmartAI,,NULL,1448
139503,32820,Wild Turkey,,0,12,12,-9217,427.754,89.692,0.175,300,20,1,0,0,0,1,1,188,0,0,1,0,0,0,0,64,SmartAI,,NULL,1448
139504,32820,Wild Turkey,,0,12,12,-9215,-39,75.276,0.921,300,20,1,0,0,0,1,1,188,0,0,1,0,0,0,0,64,SmartAI,,NULL,1448
139505,32820,Wild Turkey,,0,12,12,-9214,-48,74.123,1.782,300,20,1,0,0,0,1,1,188,0,0,1,0,0,0,0,64,SmartAI,,NULL,1448
139506,32820,Wild Turkey,,0,12,12,-9213,302.359,74.24,2.633,300,20,1,0,0,0,1,1,188,0,0,1,0,0,0,0,64,SmartAI,,NULL,1448
139507,32820,Wild Turkey,,0,12,12,-9213,426.235,88.855,0.441,300,20,1,0,0,0,1,1,188,0,0,1,0,0,0,0,64,SmartAI,,NULL,1448
139508,32820,Wild Turkey,,0,12,12,-9211,146.711,72.205,4.103,300,20,1,0,0,0,1,1,188,0,0,1,0,0,0,0,64,SmartAI,,NULL,1448
139509,32820,Wild Turkey,,0,12,12,-9211,243.926,72.691,0.525,300,20,1,0,0,0,1,1,188,0,0,1,0,0,0,0,64,SmartAI,,NULL,1448
139510,32820,Wild Turkey,,0,12,12,-9210,54.903,76.405,4.504,300,20,1,0,0,0,1,1,188,0,0,1,0,0,0,0,64,SmartAI,,NULL,1448
139511,32820,Wild Turkey,,0,12,12,-9209,414.569,88.298,3.841,300,20,1,0,0,0,1,1,188,0,0,1,0,0,0,0,64,SmartAI,,NULL,1448
139512,32820,Wild Turkey,,0,12,12,-9208,31.073,74.841,2.235,300,20,1,0,0,0,1,1,188,0,0,1,0,0,0,0,64,SmartAI,,NULL,1448
139513,32820,Wild Turkey,,0,12,12,-9203,419.836,89.486,4.915,300,20,1,0,0,0,1,1,188,0,0,1,0,0,0,0,64,SmartAI,,NULL,1448
139514,32820,Wild Turkey,,0,12,12,-9202.86,204.19,71.1686,3.47368,300,20,1,0,0,0,1,1,188,0,0,1,0,0,0,0,64,SmartAI,,NULL,1448
139515,32820,Wild Turkey,,0,12,12,-9199,63.807,77.537,3.797,300,20,1,0,0,0,1,1,188,0,0,1,0,0,0,0,64,SmartAI,,NULL,1448
139516,32820,Wild Turkey,,0,12,86,-9196,-1113,71.647,4.988,300,20,1,0,0,0,1,1,188,0,0,1,0,0,0,0,64,SmartAI,,NULL,1448
139517,32820,Wild Turkey,,0,12,86,-9196,-846,70.045,2.073,300,20,1,0,0,0,1,1,188,0,0,1,0,0,0,0,64,SmartAI,,NULL,1448
139518,32820,Wild Turkey,,0,12,86,-9195,-1215,68.435,1.082,300,20,1,0,0,0,1,1,188,0,0,1,0,0,0,0,64,SmartAI,,NULL,1448
139519,32820,Wild Turkey,,0,12,56,-9195,-1003,70.54,3.322,300,20,1,0,0,0,1,1,188,0,0,1,0,0,0,0,64,SmartAI,,NULL,1448
139520,32820,Wild Turkey,,0,12,12,-9190,356.967,76.234,5.988,300,20,1,0,0,0,1,1,188,0,0,1,0,0,0,0,64,SmartAI,,NULL,1448
139522,32820,Wild Turkey,,0,12,54,-9185,-643,65.545,5.197,300,20,1,0,0,0,1,1,188,0,0,1,0,0,0,0,64,SmartAI,,NULL,1448
139523,32820,Wild Turkey,,0,12,12,-9185,117.698,74.854,4.701,300,20,1,0,0,0,1,1,188,0,0,1,0,0,0,0,64,SmartAI,,NULL,1448
139524,32820,Wild Turkey,,0,12,12,-9182,412.594,89.109,1.428,300,20,1,0,0,0,1,1,188,0,0,1,0,0,0,0,64,SmartAI,,NULL,1448
139525,32820,Wild Turkey,,0,12,12,-9177,418.347,91.326,0.86,300,20,1,0,0,0,1,1,188,0,0,1,0,0,0,0,64,SmartAI,,NULL,1448
139526,32820,Wild Turkey,,0,12,12,-9176,0.704,80.476,5.794,300,20,1,0,0,0,1,1,188,0,0,1,0,0,0,0,64,SmartAI,,NULL,1448
139527,32820,Wild Turkey,,0,12,86,-9175,-1125,71.073,4.476,300,20,1,0,0,0,1,1,188,0,0,1,0,0,0,0,64,SmartAI,,NULL,1448
139528,32820,Wild Turkey,,0,12,12,-9175,44.244,78.296,5.373,300,20,1,0,0,0,1,1,188,0,0,1,0,0,0,0,64,SmartAI,,NULL,1448
139529,32820,Wild Turkey,,0,12,12,-9173.18,317.426,80.4488,0.5183,300,20,1,0,0,0,1,1,188,0,0,1,0,0,0,0,64,SmartAI,,NULL,1448
139530,32820,Wild Turkey,,0,12,86,-9172,-1262,76.002,4.264,300,20,1,0,0,0,1,1,188,0,0,1,0,0,0,0,64,SmartAI,,NULL,1448
139531,32820,Wild Turkey,,0,12,86,-9172,-1251,75.127,2.195,300,20,1,0,0,0,1,1,188,0,0,1,0,0,0,0,64,SmartAI,,NULL,1448
139532,32820,Wild Turkey,,0,12,12,-9164.27,16.4855,78.7518,2.443,300,20,1,0,0,0,1,1,188,0,0,1,0,0,0,0,64,SmartAI,,NULL,1448
139533,32820,Wild Turkey,,0,12,12,-9163,86.072,76.823,4.657,300,20,1,0,0,0,1,1,188,0,0,1,0,0,0,0,64,SmartAI,,NULL,1448
139534,32820,Wild Turkey,,0,12,12,-9162,84.631,77.076,1.632,300,20,1,0,0,0,1,1,188,0,0,1,0,0,0,0,64,SmartAI,,NULL,1448
139535,32820,Wild Turkey,,0,12,54,-9159,-591,59.162,2.716,300,20,1,0,0,0,1,1,188,0,0,1,0,0,0,0,64,SmartAI,,NULL,1448
139536,32820,Wild Turkey,,0,12,12,-9159,15.513,78.548,0.996,300,20,1,0,0,0,1,1,188,0,0,1,0,0,0,0,64,SmartAI,,NULL,1448
139537,32820,Wild Turkey,,0,12,86,-9155,-1277,77.293,4.105,300,20,1,0,0,0,1,1,188,0,0,1,0,0,0,0,64,SmartAI,,NULL,1448
139538,32820,Wild Turkey,,0,12,86,-9154,-962,71.24,4.629,300,20,1,0,0,0,1,1,188,0,0,1,0,0,0,0,64,SmartAI,,NULL,1448
139539,32820,Wild Turkey,,0,12,86,-9150,-1243,74.013,1.412,300,20,1,0,0,0,1,1,188,0,0,1,0,0,0,0,64,SmartAI,,NULL,1448
139540,32820,Wild Turkey,,0,12,56,-9144,-1065,71.558,1.585,300,20,1,0,0,0,1,1,188,0,0,1,0,0,0,0,64,SmartAI,,NULL,1448
139541,32820,Wild Turkey,,0,12,86,-9136,-1148,70.616,4.383,300,20,1,0,0,0,1,1,188,0,0,1,0,0,0,0,64,SmartAI,,NULL,1448
139542,32820,Wild Turkey,,0,12,86,-9135,-818,70.427,2.753,300,20,1,0,0,0,1,1,188,0,0,1,0,0,0,0,64,SmartAI,,NULL,1448
139543,32820,Wild Turkey,,0,12,54,-9132,-596,57.446,4.187,300,20,1,0,0,0,1,1,188,0,0,1,0,0,0,0,64,SmartAI,,NULL,1448
139544,32820,Wild Turkey,,0,12,56,-9130,-984,76.181,2.059,300,20,1,0,0,0,1,1,188,0,0,1,0,0,0,0,64,SmartAI,,NULL,1448
139545,32820,Wild Turkey,,0,12,59,-9122,-300,73.442,5.435,300,20,1,0,0,0,1,1,188,0,0,1,0,0,0,0,64,SmartAI,,NULL,1448
139546,32820,Wild Turkey,,0,12,59,-9121,-386,73.345,0.785,300,20,1,0,0,0,1,1,188,0,0,1,0,0,0,0,64,SmartAI,,NULL,1448
139547,32820,Wild Turkey,,0,12,59,-9121,-355,73.511,0.882,300,20,1,0,0,0,1,1,188,0,0,1,0,0,0,0,64,SmartAI,,NULL,1448
139548,32820,Wild Turkey,,0,12,56,-9118,-1080,72.304,2.059,300,20,1,0,0,0,1,1,188,0,0,1,0,0,0,0,64,SmartAI,,NULL,1448
139549,32820,Wild Turkey,,0,12,56,-9118,-1017,72.287,0.898,300,20,1,0,0,0,1,1,188,0,0,1,0,0,0,0,64,SmartAI,,NULL,1448
139550,32820,Wild Turkey,,0,12,9,-9110,-257,75.005,1.177,300,20,1,0,0,0,1,1,188,0,0,1,0,0,0,0,64,SmartAI,,NULL,1448
139551,32820,Wild Turkey,,0,12,86,-9107,-1217,65.194,0.54,300,20,1,0,0,0,1,1,188,0,0,1,0,0,0,0,64,SmartAI,,NULL,1448
139552,32820,Wild Turkey,,0,12,54,-9100,-564,61.503,5.695,300,20,1,0,0,0,1,1,188,0,0,1,0,0,0,0,64,SmartAI,,NULL,1448
139553,32820,Wild Turkey,,0,12,56,-9098,-1101,73.715,2.16,300,20,1,0,0,0,1,1,188,0,0,1,0,0,0,0,64,SmartAI,,NULL,1448
139554,32820,Wild Turkey,,0,12,12,-9095,-12,91.408,3.817,300,20,1,0,0,0,1,1,188,0,0,1,0,0,0,0,64,SmartAI,,NULL,1448
139555,32820,Wild Turkey,,0,12,86,-9092,-951,68.852,6.09,300,20,1,0,0,0,1,1,188,0,0,1,0,0,0,0,64,SmartAI,,NULL,1448
139556,32820,Wild Turkey,,0,12,9,-9092,-238,74.343,0.921,300,20,1,0,0,0,1,1,188,0,0,1,0,0,0,0,64,SmartAI,,NULL,1448
139557,32820,Wild Turkey,,0,12,12,-9091,-23,90.156,3.576,300,20,1,0,0,0,1,1,188,0,0,1,0,0,0,0,64,SmartAI,,NULL,1448
139558,32820,Wild Turkey,,0,12,59,-9090,-417,74.617,0.975,300,20,1,0,0,0,1,1,188,0,0,1,0,0,0,0,64,SmartAI,,NULL,1448
139559,32820,Wild Turkey,,0,12,9,-9087,-242,74.122,2.901,300,20,1,0,0,0,1,1,188,0,0,1,0,0,0,0,64,SmartAI,,NULL,1448
139560,32820,Wild Turkey,,0,12,12,-9087,-31,89.033,2.37,300,20,1,0,0,0,1,1,188,0,0,1,0,0,0,0,64,SmartAI,,NULL,1448
139561,32820,Wild Turkey,,0,12,54,-9085,-577,62.104,1.69,300,20,1,0,0,0,1,1,188,0,0,1,0,0,0,0,64,SmartAI,,NULL,1448
139562,32820,Wild Turkey,,0,12,54,-9085,-556,60.266,5.407,300,20,1,0,0,0,1,1,188,0,0,1,0,0,0,0,64,SmartAI,,NULL,1448
139563,32820,Wild Turkey,,0,12,59,-9085,-281,73.99,4.262,300,20,1,0,0,0,1,1,188,0,0,1,0,0,0,0,64,SmartAI,,NULL,1448
139564,32820,Wild Turkey,,0,12,9,-9081,-180,74.765,4.778,300,20,1,0,0,0,1,1,188,0,0,1,0,0,0,0,64,SmartAI,,NULL,1448
139565,32820,Wild Turkey,,0,12,56,-9079,-1050,72.226,1.654,300,20,1,0,0,0,1,1,188,0,0,1,0,0,0,0,64,SmartAI,,NULL,1448
139566,32820,Wild Turkey,,0,12,59,-9079,-331,73.452,2.367,300,20,1,0,0,0,1,1,188,0,0,1,0,0,0,0,64,SmartAI,,NULL,1448
139568,32820,Wild Turkey,,0,12,86,-9076,-1218,66.36,3.293,300,20,1,0,0,0,1,1,188,0,0,1,0,0,0,0,64,SmartAI,,NULL,1448
139569,32820,Wild Turkey,,0,12,59,-9072,-348,73.45,6.175,300,20,1,0,0,0,1,1,188,0,0,1,0,0,0,0,64,SmartAI,,NULL,1448
139571,32820,Wild Turkey,,0,12,54,-9065,-547,58.235,1.246,300,20,1,0,0,0,1,1,188,0,0,1,0,0,0,0,64,SmartAI,,NULL,1448
139572,32820,Wild Turkey,,0,12,59,-9065,-312,73.452,2.842,300,20,1,0,0,0,1,1,188,0,0,1,0,0,0,0,64,SmartAI,,NULL,1448
139573,32820,Wild Turkey,,0,12,9,-9064,-48,88.244,1.519,300,20,1,0,0,0,1,1,188,0,0,1,0,0,0,0,64,SmartAI,,NULL,1448
139574,32820,Wild Turkey,,0,12,9,-9063,-39,87.959,4.575,300,20,1,0,0,0,1,1,188,0,0,1,0,0,0,0,64,SmartAI,,NULL,1448
139575,32820,Wild Turkey,,0,12,12,-9060,148.566,115.222,1.606,300,20,1,0,0,0,1,1,188,0,0,1,0,0,0,0,64,SmartAI,,NULL,1448
139576,32820,Wild Turkey,,0,12,12,-9093.46,425.22,92.1354,4.12178,300,20,1,0,0,0,1,1,188,0,0,1,0,0,0,0,64,SmartAI,,NULL,1448
139577,32820,Wild Turkey,,0,12,59,-9059,-458,72.486,1.305,300,20,1,0,0,0,1,1,188,0,0,1,0,0,0,0,64,SmartAI,,NULL,1448
139578,32820,Wild Turkey,,0,12,59,-9056,-459,72.524,1.373,300,20,1,0,0,0,1,1,188,0,0,1,0,0,0,0,64,SmartAI,,NULL,1448
139579,32820,Wild Turkey,,0,12,12,-9056,152.629,115.116,3.159,300,20,1,0,0,0,1,1,188,0,0,1,0,0,0,0,64,SmartAI,,NULL,1448
139580,32820,Wild Turkey,,0,12,9,-9053,-95,88.19,1.118,300,20,1,0,0,0,1,1,188,0,0,1,0,0,0,0,64,SmartAI,,NULL,1448
139581,32820,Wild Turkey,,0,12,54,-9052,-621,53.577,4.241,300,20,1,0,0,0,1,1,188,0,0,1,0,0,0,0,64,SmartAI,,NULL,1448
139582,32820,Wild Turkey,,0,12,59,-9052,-458,72.651,1.578,300,20,1,0,0,0,1,1,188,0,0,1,0,0,0,0,64,SmartAI,,NULL,1448
139583,32820,Wild Turkey,,0,12,54,-9045,-553,55.85,6.107,300,20,1,0,0,0,1,1,188,0,0,1,0,0,0,0,64,SmartAI,,NULL,1448
139584,32820,Wild Turkey,,0,12,9,-9045,-264,74.078,3.496,300,20,1,0,0,0,1,1,188,0,0,1,0,0,0,0,64,SmartAI,,NULL,1448
139585,32820,Wild Turkey,,0,12,9,-9044,-45,88.36,2.96,300,20,1,0,0,0,1,1,188,0,0,1,0,0,0,0,64,SmartAI,,NULL,1448
139586,32820,Wild Turkey,,0,12,59,-9041,-324,73.702,0.899,300,20,1,0,0,0,1,1,188,0,0,1,0,0,0,0,64,SmartAI,,NULL,1448
139587,32820,Wild Turkey,,0,12,86,-9040,-1105,71.361,4.023,300,20,1,0,0,0,1,1,188,0,0,1,0,0,0,0,64,SmartAI,,NULL,1448
139588,32820,Wild Turkey,,0,12,54,-9040,-607,53.241,1.478,300,20,1,0,0,0,1,1,188,0,0,1,0,0,0,0,64,SmartAI,,NULL,1448
139589,32820,Wild Turkey,,0,12,9,-9036,-265,73.556,5.196,300,20,1,0,0,0,1,1,188,0,0,1,0,0,0,0,64,SmartAI,,NULL,1448
139590,32820,Wild Turkey,,0,12,59,-9034,-368,75.484,4.205,300,20,1,0,0,0,1,1,188,0,0,1,0,0,0,0,64,SmartAI,,NULL,1448
139591,32820,Wild Turkey,,0,12,9,-9031,10.083,87.884,4.486,300,20,1,0,0,0,1,1,188,0,0,1,0,0,0,0,64,SmartAI,,NULL,1448
139592,32820,Wild Turkey,,0,12,59,-9029,-422,69.392,3.737,300,20,1,0,0,0,1,1,188,0,0,1,0,0,0,0,64,SmartAI,,NULL,1448
139593,32820,Wild Turkey,,0,12,9,-9016,-149,83.221,5.737,300,20,1,0,0,0,1,1,188,0,0,1,0,0,0,0,64,SmartAI,,NULL,1448
139594,32820,Wild Turkey,,0,12,86,-9013,-845,70.453,3.003,300,20,1,0,0,0,1,1,188,0,0,1,0,0,0,0,64,SmartAI,,NULL,1448
139595,32820,Wild Turkey,,0,12,86,-9012,-981,69.494,5.286,300,20,1,0,0,0,1,1,188,0,0,1,0,0,0,0,64,SmartAI,,NULL,1448
139596,32820,Wild Turkey,,0,12,59,-9012,-409,70.771,3.896,300,20,1,0,0,0,1,1,188,0,0,1,0,0,0,0,64,SmartAI,,NULL,1448
139597,32820,Wild Turkey,,0,12,59,-9012,-376,74.271,5.453,300,20,1,0,0,0,1,1,188,0,0,1,0,0,0,0,64,SmartAI,,NULL,1448
139598,32820,Wild Turkey,,0,12,59,-9012,-362,75.378,1.618,300,20,1,0,0,0,1,1,188,0,0,1,0,0,0,0,64,SmartAI,,NULL,1448
139599,32820,Wild Turkey,,0,12,86,-9011,-1231,74.086,0.222,300,20,1,0,0,0,1,1,188,0,0,1,0,0,0,0,64,SmartAI,,NULL,1448
139600,32820,Wild Turkey,,0,12,86,-9011,-867,69.49,1.788,300,20,1,0,0,0,1,1,188,0,0,1,0,0,0,0,64,SmartAI,,NULL,1448
139601,32820,Wild Turkey,,0,12,9,-9003,-148,80.381,0.1,300,20,1,0,0,0,1,1,188,0,0,1,0,0,0,0,64,SmartAI,,NULL,1448
139602,32820,Wild Turkey,,0,12,86,-9001,-826,69.884,2,300,20,1,0,0,0,1,1,188,0,0,1,0,0,0,0,64,SmartAI,,NULL,1448
139603,32820,Wild Turkey,,0,12,59,-9001,-404,71.292,6.259,300,20,1,0,0,0,1,1,188,0,0,1,0,0,0,0,64,SmartAI,,NULL,1448
139604,32820,Wild Turkey,,0,12,59,-9000,-414,69.884,3.921,300,20,1,0,0,0,1,1,188,0,0,1,0,0,0,0,64,SmartAI,,NULL,1448
139605,32820,Wild Turkey,,0,12,86,-8996,-818,69.715,2.023,300,20,1,0,0,0,1,1,188,0,0,1,0,0,0,0,64,SmartAI,,NULL,1448
139606,32820,Wild Turkey,,0,12,9,-8914.36,-134.589,80.4957,2.23039,300,20,1,0,0,0,1,1,188,0,0,1,0,0,0,0,64,SmartAI,,NULL,1448
139607,32820,Wild Turkey,,0,12,86,-8990,-771,73.386,5.568,300,20,1,0,0,0,1,1,188,0,0,1,0,0,0,0,64,SmartAI,,NULL,1448
139608,32820,Wild Turkey,,0,12,86,-8989,-1174,65.43,1.623,300,20,1,0,0,0,1,1,188,0,0,1,0,0,0,0,64,SmartAI,,NULL,1448
139609,32820,Wild Turkey,,0,12,86,-8987,-855,69.49,4.981,300,20,1,0,0,0,1,1,188,0,0,1,0,0,0,0,64,SmartAI,,NULL,1448
139610,32820,Wild Turkey,,0,12,86,-8984,-1199,71.807,1.113,300,20,1,0,0,0,1,1,188,0,0,1,0,0,0,0,64,SmartAI,,NULL,1448
139611,32820,Wild Turkey,,0,12,86,-8984,-1170,65.087,2.688,300,20,1,0,0,0,1,1,188,0,0,1,0,0,0,0,64,SmartAI,,NULL,1448
139612,32820,Wild Turkey,,0,12,9,-8980,-208,73.729,0.1,300,20,1,0,0,0,1,1,188,0,0,1,0,0,0,0,64,SmartAI,,NULL,1448
139613,32820,Wild Turkey,,0,12,9,-8978,-339,73.712,5.346,300,20,1,0,0,0,1,1,188,0,0,1,0,0,0,0,64,SmartAI,,NULL,1448
139614,32820,Wild Turkey,,0,12,9,-8974,-57,91.582,1.171,300,20,1,0,0,0,1,1,188,0,0,1,0,0,0,0,64,SmartAI,,NULL,1448
139615,32820,Wild Turkey,,0,12,9,-8971,-359,73.401,2.806,300,20,1,0,0,0,1,1,188,0,0,1,0,0,0,0,64,SmartAI,,NULL,1448
139616,32820,Wild Turkey,,0,12,9,-8967,-203,75.644,2.318,300,20,1,0,0,0,1,1,188,0,0,1,0,0,0,0,64,SmartAI,,NULL,1448
139617,32820,Wild Turkey,,0,12,9,-8962,-406,68.404,3.042,300,20,1,0,0,0,1,1,188,0,0,1,0,0,0,0,64,SmartAI,,NULL,1448
139618,32820,Wild Turkey,,0,12,9,-8961,-447,66.772,4.475,300,20,1,0,0,0,1,1,188,0,0,1,0,0,0,0,64,SmartAI,,NULL,1448
139619,32820,Wild Turkey,,0,12,86,-8960,-807,69.773,1.665,300,20,1,0,0,0,1,1,188,0,0,1,0,0,0,0,64,SmartAI,,NULL,1448
139620,32820,Wild Turkey,,0,12,9,-8960,-228,77.593,4.217,300,20,1,0,0,0,1,1,188,0,0,1,0,0,0,0,64,SmartAI,,NULL,1448
139621,32820,Wild Turkey,,0,12,86,-8959,-792,69.974,1.393,300,20,1,0,0,0,1,1,188,0,0,1,0,0,0,0,64,SmartAI,,NULL,1448
139622,32820,Wild Turkey,,0,12,9,-8956,-43,91.414,1.311,300,20,1,0,0,0,1,1,188,0,0,1,0,0,0,0,64,SmartAI,,NULL,1448
139623,32820,Wild Turkey,,0,12,9,-8955,-373,72.205,2.905,300,20,1,0,0,0,1,1,188,0,0,1,0,0,0,0,64,SmartAI,,NULL,1448
139624,32820,Wild Turkey,,0,12,86,-8952,-1145,66.507,6.157,300,20,1,0,0,0,1,1,188,0,0,1,0,0,0,0,64,SmartAI,,NULL,1448
139625,32820,Wild Turkey,,0,12,9,-8952,-404,68.705,3.014,300,20,1,0,0,0,1,1,188,0,0,1,0,0,0,0,64,SmartAI,,NULL,1448
139627,32820,Wild Turkey,,0,12,86,-8951,-790,69.117,0.205,300,20,1,0,0,0,1,1,188,0,0,1,0,0,0,0,64,SmartAI,,NULL,1448
139628,32820,Wild Turkey,,0,12,9,-8951,-418,65.92,0.187,300,20,1,0,0,0,1,1,188,0,0,1,0,0,0,0,64,SmartAI,,NULL,1448
139629,32820,Wild Turkey,,0,12,9,-8949,-78,89.266,2.86,300,20,1,0,0,0,1,1,188,0,0,1,0,0,0,0,64,SmartAI,,NULL,1448
139630,32820,Wild Turkey,,0,12,86,-8948,-773,68.77,4.14,300,20,1,0,0,0,1,1,188,0,0,1,0,0,0,0,64,SmartAI,,NULL,1448
139631,32820,Wild Turkey,,0,12,9,-8937,-378,71.14,1.232,300,20,1,0,0,0,1,1,188,0,0,1,0,0,0,0,64,SmartAI,,NULL,1448
139633,32820,Wild Turkey,,0,12,9,-8935,-52,90.24,0.223,300,20,1,0,0,0,1,1,188,0,0,1,0,0,0,0,64,SmartAI,,NULL,1448
139634,32820,Wild Turkey,,0,12,9,-8934,-167,80.842,5.977,300,20,1,0,0,0,1,1,188,0,0,1,0,0,0,0,64,SmartAI,,NULL,1448
139635,32820,Wild Turkey,,0,12,9,-8932.9,-136.332,83.1518,1.6083,300,20,1,0,0,0,1,1,188,0,0,1,0,0,0,0,64,SmartAI,,NULL,1448
139636,32820,Wild Turkey,,0,12,12,-8931,78.547,154.017,5.008,300,20,1,0,0,0,1,1,188,0,0,1,0,0,0,0,64,SmartAI,,NULL,1448
139637,32820,Wild Turkey,,0,12,86,-8929,-734,70.519,5.786,300,20,1,0,0,0,1,1,188,0,0,1,0,0,0,0,64,SmartAI,,NULL,1448
139638,32820,Wild Turkey,,0,12,9,-8929,-63,89.939,5.168,300,20,1,0,0,0,1,1,188,0,0,1,0,0,0,0,64,SmartAI,,NULL,1448
139639,32820,Wild Turkey,,0,12,9,-8928,-202,80.682,2.204,300,20,1,0,0,0,1,1,188,0,0,1,0,0,0,0,64,SmartAI,,NULL,1448
139640,32820,Wild Turkey,,0,12,9,-8927,-196,80.771,2.553,300,20,1,0,0,0,1,1,188,0,0,1,0,0,0,0,64,SmartAI,,NULL,1448
139641,32820,Wild Turkey,,0,12,9,-8924,-438,67.911,0.277,300,20,1,0,0,0,1,1,188,0,0,1,0,0,0,0,64,SmartAI,,NULL,1448
139642,32820,Wild Turkey,,0,12,9,-8947.97,-182.604,79.8355,5.84689,300,20,1,0,0,0,1,1,188,0,0,1,0,0,0,0,64,SmartAI,,NULL,1448
139643,32820,Wild Turkey,,0,12,86,-8921,-1201,74.587,3.28319,300,20,1,0,0,0,1,1,188,0,0,1,0,0,0,0,64,SmartAI,,NULL,1448
139644,32820,Wild Turkey,,0,12,9,-8918,-403,67.755,0.63,300,20,1,0,0,0,1,1,188,0,0,1,0,0,0,0,64,SmartAI,,NULL,1448
139645,32820,Wild Turkey,,0,12,24,-8918,-208,82.309,6.282,300,20,1,0,0,0,1,1,188,0,0,1,0,0,0,0,64,SmartAI,,NULL,1448
139646,32820,Wild Turkey,,0,12,9,-8917,-36,91.844,0.749,300,20,1,0,0,0,1,1,188,0,0,1,0,0,0,0,64,SmartAI,,NULL,1448
139647,32820,Wild Turkey,,0,12,9,-8915,-438,69.636,1.035,300,20,1,0,0,0,1,1,188,0,0,1,0,0,0,0,64,SmartAI,,NULL,1448
139648,32820,Wild Turkey,,0,12,24,-8915,-215,82.3,1.204,300,20,1,0,0,0,1,1,188,0,0,1,0,0,0,0,64,SmartAI,,NULL,1448
139649,32820,Wild Turkey,,0,12,86,-8914,-810,68.928,3.611,300,20,1,0,0,0,1,1,188,0,0,1,0,0,0,0,64,SmartAI,,NULL,1448
139650,32820,Wild Turkey,,0,12,9,-8910,-278,78.267,4.534,300,20,1,0,0,0,1,1,188,0,0,1,0,0,0,0,64,SmartAI,,NULL,1448
139651,32820,Wild Turkey,,0,12,9,-8910,-262,79.214,4.587,300,20,1,0,0,0,1,1,188,0,0,1,0,0,0,0,64,SmartAI,,NULL,1448
139652,32820,Wild Turkey,,0,12,9,-8910,-105,81.848,4.411,300,20,1,0,0,0,1,1,188,0,0,1,0,0,0,0,64,SmartAI,,NULL,1448
139653,32820,Wild Turkey,,0,12,9,-8908.13,-108.89,81.8481,4.28817,300,20,1,0,0,0,1,1,188,0,0,1,0,0,0,0,64,SmartAI,,NULL,1448
139654,32820,Wild Turkey,,0,12,86,-8906,-891,73.501,3.254,300,20,1,0,0,0,1,1,188,0,0,1,0,0,0,0,64,SmartAI,,NULL,1448
139656,32820,Wild Turkey,,0,12,9,-8903,-286,77.597,3.899,300,20,1,0,0,0,1,1,188,0,0,1,0,0,0,0,64,SmartAI,,NULL,1448
139657,32820,Wild Turkey,,0,12,24,-8903,-163,82.022,2.042,300,20,1,0,0,0,1,1,188,0,0,1,0,0,0,0,64,SmartAI,,NULL,1448
139658,32820,Wild Turkey,,0,12,24,-8902,-182,113.24,0.873,300,20,1,0,0,0,1,1,188,0,0,1,0,0,0,0,64,SmartAI,,NULL,1448
139659,32820,Wild Turkey,,0,12,9,-8901.56,-112.697,81.8482,3.18871,300,20,1,0,0,0,1,1,188,0,0,1,0,0,0,0,64,SmartAI,,NULL,1448
139660,32820,Wild Turkey,,0,12,9,-8901,-362,71.707,5.729,300,20,1,0,0,0,1,1,188,0,0,1,0,0,0,0,64,SmartAI,,NULL,1448
139661,32820,Wild Turkey,,0,12,9,-8901,-80,84.384,0.1,300,20,1,0,0,0,1,1,188,0,0,1,0,0,0,0,64,SmartAI,,NULL,1448
139662,32820,Wild Turkey,,0,12,9,-8898,-120,82.016,3.315,300,20,1,0,0,0,1,1,188,0,0,1,0,0,0,0,64,SmartAI,,NULL,1448
139663,32820,Wild Turkey,,0,12,9,-8898,-19,92.553,1.283,300,20,1,0,0,0,1,1,188,0,0,1,0,0,0,0,64,SmartAI,,NULL,1448
139664,32820,Wild Turkey,,0,12,9,-8897.47,-115.457,81.838,3.76358,300,20,1,0,0,0,1,1,188,0,0,1,0,0,0,0,64,SmartAI,,NULL,1448
139665,32820,Wild Turkey,,0,12,86,-8896,-769,69.566,5.637,300,20,1,0,0,0,1,1,188,0,0,1,0,0,0,0,64,SmartAI,,NULL,1448
139667,32820,Wild Turkey,,0,12,86,-8893,-1205,76.779,4.969,300,20,1,0,0,0,1,1,188,0,0,1,0,0,0,0,64,SmartAI,,NULL,1448
139668,32820,Wild Turkey,,0,12,9,-8892,-47,86.954,4.215,300,20,1,0,0,0,1,1,188,0,0,1,0,0,0,0,64,SmartAI,,NULL,1448
139669,32820,Wild Turkey,,0,12,86,-8890,-919,75.5,2.696,300,20,1,0,0,0,1,1,188,0,0,1,0,0,0,0,64,SmartAI,,NULL,1448
139671,32820,Wild Turkey,,0,12,86,-8889,-755,69.426,1.799,300,20,1,0,0,0,1,1,188,0,0,1,0,0,0,0,64,SmartAI,,NULL,1448
139672,32820,Wild Turkey,,0,12,9,-8889,-393,67.44,2.896,300,20,1,0,0,0,1,1,188,0,0,1,0,0,0,0,64,SmartAI,,NULL,1448
139674,32820,Wild Turkey,,0,12,86,-8887,-779,69.713,0.855,300,20,1,0,0,0,1,1,188,0,0,1,0,0,0,0,64,SmartAI,,NULL,1448
139676,32820,Wild Turkey,,0,12,86,-8886,-1023,72.819,4.919,300,20,1,0,0,0,1,1,188,0,0,1,0,0,0,0,64,SmartAI,,NULL,1448
139677,32820,Wild Turkey,,0,12,9,-8885,6.25,94.517,4.712,300,20,1,0,0,0,1,1,188,0,0,1,0,0,0,0,64,SmartAI,,NULL,1448
139679,32820,Wild Turkey,,0,12,9,-8883,-60,85.681,5.152,300,20,1,0,0,0,1,1,188,0,0,1,0,0,0,0,64,SmartAI,,NULL,1448
139680,32820,Wild Turkey,,0,12,9,-8883,-33,88.557,5.21,300,20,1,0,0,0,1,1,188,0,0,1,0,0,0,0,64,SmartAI,,NULL,1448
139681,32820,Wild Turkey,,0,12,9,-8882,6.896,93.946,0.412,300,20,1,0,0,0,1,1,188,0,0,1,0,0,0,0,64,SmartAI,,NULL,1448
139682,32820,Wild Turkey,,0,12,86,-8879,-955,75.224,6.101,300,20,1,0,0,0,1,1,188,0,0,1,0,0,0,0,64,SmartAI,,NULL,1448
139683,32820,Wild Turkey,,0,12,86,-8877,-1107,75.2,1.914,300,20,1,0,0,0,1,1,188,0,0,1,0,0,0,0,64,SmartAI,,NULL,1448
139684,32820,Wild Turkey,,0,12,86,-8877,-1083,74.682,1.344,300,20,1,0,0,0,1,1,188,0,0,1,0,0,0,0,64,SmartAI,,NULL,1448
139685,32820,Wild Turkey,,0,12,24,-8876,-186,81.938,1.482,300,20,1,0,0,0,1,1,188,0,0,1,0,0,0,0,64,SmartAI,,NULL,1448
139686,32820,Wild Turkey,,0,12,9,-8875,13.938,92.975,1.121,300,20,1,0,0,0,1,1,188,0,0,1,0,0,0,0,64,SmartAI,,NULL,1448
139687,32820,Wild Turkey,,0,12,86,-8874,-923,75.937,2.913,300,20,1,0,0,0,1,1,188,0,0,1,0,0,0,0,64,SmartAI,,NULL,1448
139688,32820,Wild Turkey,,0,12,9,-8874,-78,83.112,5.152,300,20,1,0,0,0,1,1,188,0,0,1,0,0,0,0,64,SmartAI,,NULL,1448
139689,32820,Wild Turkey,,0,12,9,-8869,-374,71.815,5.453,300,20,1,0,0,0,1,1,188,0,0,1,0,0,0,0,64,SmartAI,,NULL,1448
139690,32820,Wild Turkey,,0,12,9,-8842.51,-270.136,81.1989,1.18472,300,20,1,0,0,0,1,1,188,0,0,1,0,0,0,0,64,SmartAI,,NULL,1448
139691,32820,Wild Turkey,,0,12,9,-8865,-217,80.956,4.368,300,20,1,0,0,0,1,1,188,0,0,1,0,0,0,0,64,SmartAI,,NULL,1448
139693,32820,Wild Turkey,,0,12,86,-8860,-813,70.458,0.663,300,20,1,0,0,0,1,1,188,0,0,1,0,0,0,0,64,SmartAI,,NULL,1448
139695,32820,Wild Turkey,,0,12,9,-8856,-81,84.245,0.97,300,20,1,0,0,0,1,1,188,0,0,1,0,0,0,0,64,SmartAI,,NULL,1448
139696,32820,Wild Turkey,,0,12,86,-8855,-1139,76.615,1.998,300,20,1,0,0,0,1,1,188,0,0,1,0,0,0,0,64,SmartAI,,NULL,1448
139697,32820,Wild Turkey,,0,12,86,-8854,-938,76.242,4.371,300,20,1,0,0,0,1,1,188,0,0,1,0,0,0,0,64,SmartAI,,NULL,1448
139698,32820,Wild Turkey,,0,12,86,-8854,-823,71.878,4.805,300,20,1,0,0,0,1,1,188,0,0,1,0,0,0,0,64,SmartAI,,NULL,1448
139699,32820,Wild Turkey,,0,12,24,-8854,-192,81.933,3.32,300,20,1,0,0,0,1,1,188,0,0,1,0,0,0,0,64,SmartAI,,NULL,1448
139701,32820,Wild Turkey,,0,12,86,-8853,-835,73.025,1.413,300,20,1,0,0,0,1,1,188,0,0,1,0,0,0,0,64,SmartAI,,NULL,1448
139702,32820,Wild Turkey,,0,12,86,-8853,-776,70.516,5.55,300,20,1,0,0,0,1,1,188,0,0,1,0,0,0,0,64,SmartAI,,NULL,1448
139703,32820,Wild Turkey,,0,12,86,-8851,-919,75.995,1.985,300,20,1,0,0,0,1,1,188,0,0,1,0,0,0,0,64,SmartAI,,NULL,1448
139704,32820,Wild Turkey,,0,12,9,-8851,-223,81.562,4.969,300,20,1,0,0,0,1,1,188,0,0,1,0,0,0,0,64,SmartAI,,NULL,1448
139705,32820,Wild Turkey,,0,12,24,-8851,-188,89.313,2.37,300,20,1,0,0,0,1,1,188,0,0,1,0,0,0,0,64,SmartAI,,NULL,1448
139706,32820,Wild Turkey,,0,12,9,-8850,-287,78.741,0,300,20,1,0,0,0,1,1,188,0,0,1,0,0,0,0,64,SmartAI,,NULL,1448
139707,32820,Wild Turkey,,0,12,86,-8849,-918,76.015,2.365,300,20,1,0,0,0,1,1,188,0,0,1,0,0,0,0,64,SmartAI,,NULL,1448
139708,32820,Wild Turkey,,0,12,86,-8848,-812,70.712,4.206,300,20,1,0,0,0,1,1,188,0,0,1,0,0,0,0,64,SmartAI,,NULL,1448
139709,32820,Wild Turkey,,0,12,9,-8848,-105,81.92,3.975,300,20,1,0,0,0,1,1,188,0,0,1,0,0,0,0,64,SmartAI,,NULL,1448
139710,32820,Wild Turkey,,0,12,86,-8844,-1125,76.107,5.95,300,20,1,0,0,0,1,1,188,0,0,1,0,0,0,0,64,SmartAI,,NULL,1448
139711,32820,Wild Turkey,,0,12,86,-8843,-981,74.577,1.568,300,20,1,0,0,0,1,1,188,0,0,1,0,0,0,0,64,SmartAI,,NULL,1448
139712,32820,Wild Turkey,,0,12,86,-8838,-854,74.684,0.639,300,20,1,0,0,0,1,1,188,0,0,1,0,0,0,0,64,SmartAI,,NULL,1448
139713,32820,Wild Turkey,,0,12,86,-8837,-999,74.077,6.018,300,20,1,0,0,0,1,1,188,0,0,1,0,0,0,0,64,SmartAI,,NULL,1448
139714,32820,Wild Turkey,,0,12,9,-8835,-61,86.624,0.924,300,20,1,0,0,0,1,1,188,0,0,1,0,0,0,0,64,SmartAI,,NULL,1448
139716,32820,Wild Turkey,,0,12,86,-8834,-881,74.428,2.025,300,20,1,0,0,0,1,1,188,0,0,1,0,0,0,0,64,SmartAI,,NULL,1448
139718,32820,Wild Turkey,,0,12,86,-8828,-867,74.593,3.229,300,20,1,0,0,0,1,1,188,0,0,1,0,0,0,0,64,SmartAI,,NULL,1448
139721,32820,Wild Turkey,,0,12,9,-8824,-142,80.839,5.912,300,20,1,0,0,0,1,1,188,0,0,1,0,0,0,0,64,SmartAI,,NULL,1448
139722,32820,Wild Turkey,,0,12,86,-8821,-843,74.501,2.856,300,20,1,0,0,0,1,1,188,0,0,1,0,0,0,0,64,SmartAI,,NULL,1448
139723,32820,Wild Turkey,,0,12,9,-8821,-122,80.865,3.5,300,20,1,0,0,0,1,1,188,0,0,1,0,0,0,0,64,SmartAI,,NULL,1448
139724,32820,Wild Turkey,,0,12,12,-8818,97.723,164.66,4.413,300,20,1,0,0,0,1,1,188,0,0,1,0,0,0,0,64,SmartAI,,NULL,1448
139727,32820,Wild Turkey,,0,12,9,-8812,-169,81.309,5.209,300,20,1,0,0,0,1,1,188,0,0,1,0,0,0,0,64,SmartAI,,NULL,1448
139728,32820,Wild Turkey,,0,12,86,-8811,-1017,75.755,4.581,300,20,1,0,0,0,1,1,188,0,0,1,0,0,0,0,64,SmartAI,,NULL,1448
139729,32820,Wild Turkey,,0,12,9,-8811,-244,82.142,2.682,300,20,1,0,0,0,1,1,188,0,0,1,0,0,0,0,64,SmartAI,,NULL,1448
139730,32820,Wild Turkey,,0,12,9,-8809,-213,81.973,0.1,300,20,1,0,0,0,1,1,188,0,0,1,0,0,0,0,64,SmartAI,,NULL,1448
139731,32820,Wild Turkey,,0,12,9,-8809,-61,91.362,0.557,300,20,1,0,0,0,1,1,188,0,0,1,0,0,0,0,64,SmartAI,,NULL,1448
139732,32820,Wild Turkey,,0,12,9,-8808,-96,83.649,5.901,300,20,1,0,0,0,1,1,188,0,0,1,0,0,0,0,64,SmartAI,,NULL,1448
139734,32820,Wild Turkey,,0,12,9,-8803,-81,86.374,3.092,300,20,1,0,0,0,1,1,188,0,0,1,0,0,0,0,64,SmartAI,,NULL,1448
139736,32820,Wild Turkey,,0,12,86,-8799,-1097,76.21,1.408,300,20,1,0,0,0,1,1,188,0,0,1,0,0,0,0,64,SmartAI,,NULL,1448
139738,32820,Wild Turkey,,0,12,9,-8798,-99,83.259,2.092,300,20,1,0,0,0,1,1,188,0,0,1,0,0,0,0,64,SmartAI,,NULL,1448
139739,32820,Wild Turkey,,0,12,9,-8797,-173,81.655,0,300,20,1,0,0,0,1,1,188,0,0,1,0,0,0,0,64,SmartAI,,NULL,1448
139740,32820,Wild Turkey,,0,12,9,-8796,-211,82.807,2.339,300,20,1,0,0,0,1,1,188,0,0,1,0,0,0,0,64,SmartAI,,NULL,1448
139741,32820,Wild Turkey,,0,12,9,-8795,-108,83.073,1.504,300,20,1,0,0,0,1,1,188,0,0,1,0,0,0,0,64,SmartAI,,NULL,1448
139742,32820,Wild Turkey,,0,12,9,-8791,-129,82.513,4.16,300,20,1,0,0,0,1,1,188,0,0,1,0,0,0,0,64,SmartAI,,NULL,1448
139743,32820,Wild Turkey,,0,12,9,-8790,-124,82.994,4.28319,300,20,1,0,0,0,1,1,188,0,0,1,0,0,0,0,64,SmartAI,,NULL,1448
139744,32820,Wild Turkey,,0,12,9,-8790,-121,82.98,2.568,300,20,1,0,0,0,1,1,188,0,0,1,0,0,0,0,64,SmartAI,,NULL,1448
139745,32820,Wild Turkey,,0,12,86,-8787,-935,74.019,3.324,300,20,1,0,0,0,1,1,188,0,0,1,0,0,0,0,64,SmartAI,,NULL,1448
139746,32820,Wild Turkey,,0,12,9,-8787,-252,82.661,2.234,300,20,1,0,0,0,1,1,188,0,0,1,0,0,0,0,64,SmartAI,,NULL,1448
139747,32820,Wild Turkey,,0,12,9,-8785,-278,78.736,0.996,300,20,1,0,0,0,1,1,188,0,0,1,0,0,0,0,64,SmartAI,,NULL,1448
139748,32820,Wild Turkey,,0,12,9,-8782,-203,84.005,0.1,300,20,1,0,0,0,1,1,188,0,0,1,0,0,0,0,64,SmartAI,,NULL,1448
139749,32820,Wild Turkey,,0,12,9,-8780,-59,92.094,0.066,300,20,1,0,0,0,1,1,188,0,0,1,0,0,0,0,64,SmartAI,,NULL,1448
139750,32820,Wild Turkey,,0,12,9,-8779,-250,82.702,2.752,300,20,1,0,0,0,1,1,188,0,0,1,0,0,0,0,64,SmartAI,,NULL,1448
139751,32820,Wild Turkey,,0,12,9,-8779,-171,82.004,0.97,300,20,1,0,0,0,1,1,188,0,0,1,0,0,0,0,64,SmartAI,,NULL,1448
139752,32820,Wild Turkey,,0,12,9,-8773,-127,83.395,3.134,300,20,1,0,0,0,1,1,188,0,0,1,0,0,0,0,64,SmartAI,,NULL,1448
139753,32820,Wild Turkey,,0,12,9,-8772,-151,81.32,0.721,300,20,1,0,0,0,1,1,188,0,0,1,0,0,0,0,64,SmartAI,,NULL,1448
139754,32820,Wild Turkey,,0,12,9,-8770,-158,81.992,4.023,300,20,1,0,0,0,1,1,188,0,0,1,0,0,0,0,64,SmartAI,,NULL,1448
139755,32820,Wild Turkey,,0,12,9,-8770,-118,83.495,0,300,20,1,0,0,0,1,1,188,0,0,1,0,0,0,0,64,SmartAI,,NULL,1448
139756,32820,Wild Turkey,,0,12,9,-8770,-102,87.125,5.647,300,20,1,0,0,0,1,1,188,0,0,1,0,0,0,0,64,SmartAI,,NULL,1448
139757,32820,Wild Turkey,,0,12,9,-8769,-286,77.486,3.298,300,20,1,0,0,0,1,1,188,0,0,1,0,0,0,0,64,SmartAI,,NULL,1448
139758,32820,Wild Turkey,,0,12,9,-8769,-272,78.433,0,300,20,1,0,0,0,1,1,188,0,0,1,0,0,0,0,64,SmartAI,,NULL,1448
139759,32820,Wild Turkey,,0,12,9,-8768,-76,90.689,2.175,300,20,1,0,0,0,1,1,188,0,0,1,0,0,0,0,64,SmartAI,,NULL,1448
139760,32820,Wild Turkey,,0,12,9,-8765,-232,85.305,5.685,300,20,1,0,0,0,1,1,188,0,0,1,0,0,0,0,64,SmartAI,,NULL,1448
139761,32820,Wild Turkey,,0,12,9,-8765,-193,85.266,3.142,300,20,1,0,0,0,1,1,188,0,0,1,0,0,0,0,64,SmartAI,,NULL,1448
139762,32820,Wild Turkey,,0,12,9,-8765,-183,84.088,0.1,300,20,1,0,0,0,1,1,188,0,0,1,0,0,0,0,64,SmartAI,,NULL,1448
139764,32820,Wild Turkey,,0,12,9,-8760.53,-109.372,85.435,3.84574,300,20,1,0,0,0,1,1,188,0,0,1,0,0,0,0,64,SmartAI,,NULL,1448
139765,32820,Wild Turkey,,0,12,9,-8763,-158,82.828,3.142,300,20,1,0,0,0,1,1,188,0,0,1,0,0,0,0,64,SmartAI,,NULL,1448
139766,32820,Wild Turkey,,0,12,9,-8762,-144,81.933,3.59,300,20,1,0,0,0,1,1,188,0,0,1,0,0,0,0,64,SmartAI,,NULL,1448
139767,32820,Wild Turkey,,0,12,9,-8756,-186,84.99,4.422,300,20,1,0,0,0,1,1,188,0,0,1,0,0,0,0,64,SmartAI,,NULL,1448
139768,32820,Wild Turkey,,0,12,9,-8756,-89,91.77,2.771,300,20,1,0,0,0,1,1,188,0,0,1,0,0,0,0,64,SmartAI,,NULL,1448
139769,32820,Wild Turkey,,0,12,9,-8755,-129,83.029,2.396,300,20,1,0,0,0,1,1,188,0,0,1,0,0,0,0,64,SmartAI,,NULL,1448
139770,32820,Wild Turkey,,0,12,9,-8753,-203,86.316,0.1,300,20,1,0,0,0,1,1,188,0,0,1,0,0,0,0,64,SmartAI,,NULL,1448
139771,32820,Wild Turkey,,0,12,9,-8744,-177,85.559,3.142,300,20,1,0,0,0,1,1,188,0,0,1,0,0,0,0,64,SmartAI,,NULL,1448
139772,32820,Wild Turkey,,0,12,9,-8743,-120,85.732,1.077,300,20,1,0,0,0,1,1,188,0,0,1,0,0,0,0,64,SmartAI,,NULL,1448
139773,32820,Wild Turkey,,0,12,9,-8742,-163,84.981,0.1,300,20,1,0,0,0,1,1,188,0,0,1,0,0,0,0,64,SmartAI,,NULL,1448
139774,32820,Wild Turkey,,0,12,9,-8741,-192,86.09,0.947,300,20,1,0,0,0,1,1,188,0,0,1,0,0,0,0,64,SmartAI,,NULL,1448
139775,32820,Wild Turkey,,0,12,9,-8741,-97,89.23,2.363,300,20,1,0,0,0,1,1,188,0,0,1,0,0,0,0,64,SmartAI,,NULL,1448
139776,32820,Wild Turkey,,0,12,9,-8737,-58,91.341,2.596,300,20,1,0,0,0,1,1,188,0,0,1,0,0,0,0,64,SmartAI,,NULL,1448
139777,32820,Wild Turkey,,0,12,9,-8735,-103,87.046,3.142,300,20,1,0,0,0,1,1,188,0,0,1,0,0,0,0,64,SmartAI,,NULL,1448
139779,32820,Wild Turkey,,0,12,34,-8600.26,-139.186,87.808,3.4111,300,20,1,0,0,0,1,1,188,0,0,1,0,0,0,0,64,SmartAI,,NULL,1448
139780,32820,Wild Turkey,,0,12,34,-8724,-139,86.919,4.184,300,20,1,0,0,0,1,1,188,0,0,1,0,0,0,0,64,SmartAI,,NULL,1448
139781,32820,Wild Turkey,,0,12,34,-8723,-208,89.648,3.229,300,20,1,0,0,0,1,1,188,0,0,1,0,0,0,0,64,SmartAI,,NULL,1448
139782,32820,Wild Turkey,,0,12,34,-8717,-105,87.423,3.695,300,20,1,0,0,0,1,1,188,0,0,1,0,0,0,0,64,SmartAI,,NULL,1448
139785,32820,Wild Turkey,,0,12,34,-8710,-80,90.094,0.1,300,20,1,0,0,0,1,1,188,0,0,1,0,0,0,0,64,SmartAI,,NULL,1448
139786,32820,Wild Turkey,,0,12,34,-8708,-188,99.205,5.373,300,20,1,0,0,0,1,1,188,0,0,1,0,0,0,0,64,SmartAI,,NULL,1448
139787,32820,Wild Turkey,,0,12,34,-8698,-74,89.932,0.1,300,20,1,0,0,0,1,1,188,0,0,1,0,0,0,0,64,SmartAI,,NULL,1448
139788,32820,Wild Turkey,,0,12,34,-8691,-122,88.343,2.098,300,20,1,0,0,0,1,1,188,0,0,1,0,0,0,0,64,SmartAI,,NULL,1448
139789,32820,Wild Turkey,,0,12,34,-8685,-185,91.246,0.43,300,20,1,0,0,0,1,1,188,0,0,1,0,0,0,0,64,SmartAI,,NULL,1448
139791,32820,Wild Turkey,,0,12,34,-8682,-100,89.536,2.684,300,20,1,0,0,0,1,1,188,0,0,1,0,0,0,0,64,SmartAI,,NULL,1448
139792,32820,Wild Turkey,,0,12,34,-8680,-191,91.409,6.181,300,20,1,0,0,0,1,1,188,0,0,1,0,0,0,0,64,SmartAI,,NULL,1448
139794,32820,Wild Turkey,,0,12,34,-8676,-203,94.627,4.422,300,20,1,0,0,0,1,1,188,0,0,1,0,0,0,0,64,SmartAI,,NULL,1448
139797,32820,Wild Turkey,,0,12,34,-8586.41,-147.882,89.9644,2.233,300,20,1,0,0,0,1,1,188,0,0,1,0,0,0,0,64,SmartAI,,NULL,1448
139798,32820,Wild Turkey,,0,12,34,-8556,-217.474,84.981,2.05473,300,20,1,0,0,0,1,1,188,0,0,1,0,0,0,0,64,SmartAI,,NULL,1448
139800,32820,Wild Turkey,,0,12,34,-8561.69,-148.63,88.3487,3.41111,300,20,1,0,0,0,1,1,188,0,0,1,0,0,0,0,64,SmartAI,,NULL,1448
139801,32820,Wild Turkey,,0,12,34,-8545.58,-159.898,87.1807,1.5772,300,20,1,0,0,0,1,1,188,0,0,1,0,0,0,0,64,SmartAI,,NULL,1448
139802,32820,Wild Turkey,,0,12,34,-8539.24,-174.348,85.1864,2.13876,300,20,1,0,0,0,1,1,188,0,0,1,0,0,0,0,64,SmartAI,,NULL,1448
139805,32820,Wild Turkey,,0,12,34,-8565.04,-218.299,85.4327,0.399106,300,20,1,0,0,0,1,1,188,0,0,1,0,0,0,0,64,SmartAI,,NULL,1448
139807,32820,Wild Turkey,,0,12,34,-8551.88,-202.872,85.526,5.97622,300,20,1,0,0,0,1,1,188,0,0,1,0,0,0,0,64,SmartAI,,NULL,1448
139808,32820,Wild Turkey,,0,12,34,-8533.56,-195.278,83.5968,1.74214,300,20,1,0,0,0,1,1,188,0,0,1,0,0,0,0,64,SmartAI,,NULL,1448
139809,32820,Wild Turkey,,0,12,34,-8583.03,-173.171,90.9283,1.62904,300,20,1,0,0,0,1,1,188,0,0,1,0,0,0,0,64,SmartAI,,NULL,1448
139810,32820,Wild Turkey,,0,12,34,-8644.95,-115.942,88.0407,3.95727,300,20,1,0,0,0,1,1,188,0,0,1,0,0,0,0,64,SmartAI,,NULL,1448
139811,32820,Wild Turkey,,0,12,34,-8563.16,-203.576,84.3093,4.568,300,20,1,0,0,0,1,1,188,0,0,1,0,0,0,0,64,SmartAI,,NULL,1448
139812,32820,Wild Turkey,,0,12,34,-8635.73,-111.035,86.8433,3.64311,300,20,1,0,0,0,1,1,188,0,0,1,0,0,0,0,64,SmartAI,,NULL,1448
139814,32820,Wild Turkey,,0,12,9,-8887.99,-274.452,80.4154,4.88438,300,20,1,0,0,0,1,1,188,0,0,1,0,0,0,0,64,SmartAI,,NULL,1448
139815,32820,Wild Turkey,,0,12,9,-8856.3,-252.666,81.1253,5.68549,300,20,1,0,0,0,1,1,188,0,0,1,0,0,0,0,64,SmartAI,,NULL,1448
139818,32820,Wild Turkey,,0,12,12,-8217,-499,197.379,2.145,300,20,1,0,0,0,1,1,188,0,0,1,0,0,0,0,64,SmartAI,,NULL,1448
139819,32820,Wild Turkey,,0,12,12,-8208,-485,193.739,5.354,300,20,1,0,0,0,1,1,188,0,0,1,0,0,0,0,64,SmartAI,,NULL,1448
139820,32820,Wild Turkey,,0,12,12,-8205,-483,193.823,2.678,300,20,1,0,0,0,1,1,188,0,0,1,0,0,0,0,64,SmartAI,,NULL,1448
139821,32820,Wild Turkey,,0,12,12,-8184,-577,200.644,4.471,300,20,1,0,0,0,1,1,188,0,0,1,0,0,0,0,64,SmartAI,,NULL,1448
139822,32820,Wild Turkey,,0,12,12,-8177,-594,200.167,0.811,300,20,1,0,0,0,1,1,188,0,0,1,0,0,0,0,64,SmartAI,,NULL,1448
139893,32820,Wild Turkey,,0,12,9,-8836.48,-240.295,82.7459,5.43024,300,20,1,0,0,0,1,1,188,0,0,1,0,0,0,0,64,SmartAI,,NULL,1448
139894,32820,Wild Turkey,,0,12,9,-8962.26,-174.974,79.7247,2.9633,300,20,1,0,0,0,1,1,188,0,0,1,0,0,0,0,64,SmartAI,,NULL,1448
140120,32820,Wild Turkey,,0,12,9,-8869.22,-163.237,80.9719,0.959931,300,20,1,0,0,0,1,1,188,0,0,1,0,0,0,0,64,SmartAI,,NULL,1448
141137,32820,Wild Turkey,,0,12,12,-9327.6,178.975,61.6973,4.10484,300,20,1,0,0,0,1,1,188,0,0,1,0,0,0,0,64,SmartAI,,NULL,1448
141553,32820,Wild Turkey,,0,12,60,-9744,558.748,35.745,6.004,300,20,1,0,0,0,1,1,188,0,0,1,0,0,0,0,64,SmartAI,,NULL,1448
141554,32820,Wild Turkey,,0,12,12,-9793,-306,46.5,0.4,300,20,1,0,0,0,1,1,188,0,0,1,0,0,0,0,64,SmartAI,,NULL,1448
141555,32820,Wild Turkey,,0,12,797,-9860,-221,36.19,0.4,300,20,1,0,0,0,1,1,188,0,0,1,0,0,0,0,64,SmartAI,,NULL,1448
141556,32820,Wild Turkey,,0,12,12,-9898,-277,33.4,0.4,300,20,1,0,0,0,1,1,188,0,0,1,0,0,0,0,64,SmartAI,,NULL,1448
141557,32820,Wild Turkey,,0,12,89,-9495.05,395.521,51.949,1.53097,300,20,1,0,0,0,1,1,188,0,0,1,0,0,0,0,64,SmartAI,,NULL,1448
141558,32820,Wild Turkey,,0,12,61,-9270,653.4,134.5,0.4,300,20,1,0,0,0,1,1,188,0,0,1,0,0,0,0,64,SmartAI,,NULL,1448
141567,32820,Wild Turkey,,0,12,9,-8933.42,-236.962,79.4718,3.6465,300,20,1,0,0,0,1,1,188,0,0,1,0,0,0,0,64,SmartAI,,NULL,1448
141602,32820,Wild Turkey,,0,12,12,-9585.09,22.4941,60.2258,3.83489,300,20,1,0,0,0,1,1,188,0,0,1,0,0,0,0,64,SmartAI,,NULL,1448
141623,32820,Wild Turkey,,0,12,92,-9314.44,534.504,75.7665,5.50474,300,20,1,0,0,0,1,1,188,0,0,1,0,0,0,0,64,SmartAI,,NULL,1448
141628,32820,Wild Turkey,,0,12,88,-9511.31,-1285.64,44.1448,3.93122,300,20,1,0,0,0,1,1,188,0,0,1,0,0,0,0,64,SmartAI,,NULL,1448
141634,32820,Wild Turkey,,0,12,87,-9427.15,129.176,59.4742,2.84226,300,20,1,0,0,0,1,1,188,0,0,1,0,0,0,0,64,SmartAI,,NULL,1448
141635,32820,Wild Turkey,,0,12,12,-9332.22,272.505,68.1097,1.01197,300,20,1,0,0,0,1,1,188,0,0,1,0,0,0,0,64,SmartAI,,NULL,1448
141636,32820,Wild Turkey,,0,12,12,-9325.21,269.797,67.8272,5.27587,300,20,1,0,0,0,1,1,188,0,0,1,0,0,0,0,64,SmartAI,,NULL,1448
141645,32820,Wild Turkey,,0,12,797,-9944.64,-150.41,25.0081,1.68865,300,20,1,0,0,0,1,1,188,0,0,1,0,0,0,0,64,SmartAI,,NULL,1448
141646,32820,Wild Turkey,,0,12,87,-9472.62,47.3926,56.7775,5.34535,300,20,1,0,0,0,1,1,188,0,0,1,0,0,0,0,64,SmartAI,,NULL,1448
141647,32820,Wild Turkey,,0,12,88,-9507.4,-1209.39,47.8715,3.73257,300,20,1,0,0,0,1,1,188,0,0,1,0,0,0,0,64,SmartAI,,NULL,1448
141648,32820,Wild Turkey,,0,12,88,-9475.52,-1161.98,50.9518,4.90971,300,20,1,0,0,0,1,1,188,0,0,1,0,0,0,0,64,SmartAI,,NULL,1448
141649,32820,Wild Turkey,,0,12,88,-9478.55,-1166.22,50.4518,4.10283,300,20,1,0,0,0,1,1,188,0,0,1,0,0,0,0,64,SmartAI,,NULL,1448
141661,32820,Wild Turkey,,0,12,60,-9791.47,720.201,68.2069,0.529751,300,20,1,0,0,0,1,1,188,0,0,1,0,0,0,0,64,SmartAI,,NULL,1448
141662,32820,Wild Turkey,,0,12,120,-9616.04,642.939,62.6796,5.88775,300,20,1,0,0,0,1,1,188,0,0,1,0,0,0,0,64,SmartAI,,NULL,1448
141663,32820,Wild Turkey,,0,12,120,-9625.31,695.083,62.7331,2.7061,300,20,1,0,0,0,1,1,188,0,0,1,0,0,0,0,64,SmartAI,,NULL,1448
141686,32820,Wild Turkey,,0,12,87,-9393.06,-12.708,61.7282,0.609785,300,20,1,0,0,0,1,1,188,0,0,1,0,0,0,0,64,SmartAI,,NULL,1448
141707,32820,Wild Turkey,,0,12,12,-9346.44,171.041,61.5582,2.74061,300,20,1,0,0,0,1,1,188,0,0,1,0,0,0,0,64,SmartAI,,NULL,1448
141708,32820,Wild Turkey,,0,12,12,-9340.16,183.339,61.5512,0.349854,300,20,1,0,0,0,1,1,188,0,0,1,0,0,0,0,64,SmartAI,,NULL,1448
141709,32820,Wild Turkey,,0,12,797,-9958.02,-155.297,22.3585,5.67327,300,20,1,0,0,0,1,1,188,0,0,1,0,0,0,0,64,SmartAI,,NULL,1448
141710,32820,Wild Turkey,,0,12,797,-9960.07,-154.13,21.9752,5.60729,300,20,1,0,0,0,1,1,188,0,0,1,0,0,0,0,64,SmartAI,,NULL,1448
141722,32820,Wild Turkey,,0,12,797,-9861.98,-223.795,36.1011,0.612494,300,20,1,0,0,0,1,1,188,0,0,1,0,0,0,0,64,SmartAI,,NULL,1448
141723,32820,Wild Turkey,,0,12,12,-9778.55,-1564.57,41.988,1.68063,300,20,1,0,0,0,1,1,188,0,0,1,0,0,0,0,64,SmartAI,,NULL,1448
141797,32820,Wild Turkey,,0,12,88,-9553.82,-1369.03,51.2913,4.73714,300,20,1,0,0,0,1,1,188,0,0,1,0,0,0,0,64,SmartAI,,NULL,1448
141806,32820,Wild Turkey,,0,12,87,-9386.23,26.1518,60.6273,4.5204,300,20,1,0,0,0,1,1,188,0,0,1,0,0,0,0,64,SmartAI,,NULL,1448
141815,32820,Wild Turkey,,0,12,87,-9389.17,26.7242,60.1325,4.5204,300,20,1,0,0,0,1,1,188,0,0,1,0,0,0,0,64,SmartAI,,NULL,1448
141820,32820,Wild Turkey,,0,12,87,-9547.6,83.9896,59.5094,5.09636,300,20,1,0,0,0,1,1,188,0,0,1,0,0,0,0,64,SmartAI,,NULL,1448
141821,32820,Wild Turkey,,0,12,87,-9554.76,82.208,59.0394,1.38046,300,20,1,0,0,0,1,1,188,0,0,1,0,0,0,0,64,SmartAI,,NULL,1448
141822,32820,Wild Turkey,,0,12,87,-9548.47,115.032,59.1045,3.35103,300,20,1,0,0,0,1,1,188,0,0,1,0,0,0,0,64,SmartAI,,NULL,1448
141824,32820,Wild Turkey,,0,12,12,-9145.26,339.64,90.6757,0.052739,300,20,1,0,0,0,1,1,188,0,0,1,0,0,0,0,64,SmartAI,,NULL,1448
141826,32820,Wild Turkey,,0,12,12,-9129.28,362.629,92.3738,4.11774,300,20,1,0,0,0,1,1,188,0,0,1,0,0,0,0,64,SmartAI,,NULL,1448
141828,32820,Wild Turkey,,0,12,12,-9114.79,338.765,93.6277,2.9147,300,20,1,0,0,0,1,1,188,0,0,1,0,0,0,0,64,SmartAI,,NULL,1448
141829,32820,Wild Turkey,,0,12,12,-9118.65,325.3,93.3136,1.91986,300,20,1,0,0,0,1,1,188,0,0,1,0,0,0,0,64,SmartAI,,NULL,1448
141830,32820,Wild Turkey,,0,12,12,-9128.35,345.368,94.0594,2.68781,300,20,1,0,0,0,1,1,188,0,0,1,0,0,0,0,64,SmartAI,,NULL,1448
141831,32820,Wild Turkey,,0,12,12,-9130.68,347.471,93.6376,5.67232,300,20,1,0,0,0,1,1,188,0,0,1,0,0,0,0,64,SmartAI,,NULL,1448
141832,32820,Wild Turkey,,0,12,12,-9131.85,358.836,92.3964,0.976147,300,20,1,0,0,0,1,1,188,0,0,1,0,0,0,0,64,SmartAI,,NULL,1448
141833,32820,Wild Turkey,,0,12,12,-9142.22,339.801,91.3411,3.19433,300,20,1,0,0,0,1,1,188,0,0,1,0,0,0,0,64,SmartAI,,NULL,1448
141834,32820,Wild Turkey,,0,12,12,-9118.48,348.456,93.9492,3.78736,300,20,1,0,0,0,1,1,188,0,0,1,0,0,0,0,64,SmartAI,,NULL,1448
141835,32820,Wild Turkey,,0,12,12,-9130.91,344.503,93.7304,0.942478,300,20,1,0,0,0,1,1,188,0,0,1,0,0,0,0,64,SmartAI,,NULL,1448
141836,32820,Wild Turkey,,0,12,12,-9130.69,333.939,93.3105,0.837273,300,20,1,0,0,0,1,1,188,0,0,1,0,0,0,0,64,SmartAI,,NULL,1448
141837,32820,Wild Turkey,,0,12,12,-9126.82,338.231,93.9283,3.97886,300,20,1,0,0,0,1,1,188,0,0,1,0,0,0,0,64,SmartAI,,NULL,1448
141838,32820,Wild Turkey,,0,12,12,-9127.97,347.931,93.9306,3.87463,300,20,1,0,0,0,1,1,188,0,0,1,0,0,0,0,64,SmartAI,,NULL,1448
141877,32820,Wild Turkey,,0,12,88,-9480.22,-1159.73,50.8268,0.586483,300,20,1,0,0,0,1,1,188,0,0,1,0,0,0,0,64,SmartAI,,NULL,1448
141878,32820,Wild Turkey,,0,12,57,-9871.14,237.252,19.4741,4.31734,300,20,1,0,0,0,1,1,188,0,0,1,0,0,0,0,64,SmartAI,,NULL,1448
141879,32820,Wild Turkey,,0,12,57,-9879.33,217.356,14.1337,5.82548,300,20,1,0,0,0,1,1,188,0,0,1,0,0,0,0,64,SmartAI,,NULL,1448
141880,32820,Wild Turkey,,0,12,57,-9879.43,190.812,16.6024,1.79753,300,20,1,0,0,0,1,1,188,0,0,1,0,0,0,0,64,SmartAI,,NULL,1448
141881,32820,Wild Turkey,,0,12,57,-9884.25,260.653,34.8986,2.57944,300,20,1,0,0,0,1,1,188,0,0,1,0,0,0,0,64,SmartAI,,NULL,1448
141882,32820,Wild Turkey,,0,12,57,-9885.02,196.351,15.2175,2.27603,300,20,1,0,0,0,1,1,188,0,0,1,0,0,0,0,64,SmartAI,,NULL,1448
141883,32820,Wild Turkey,,0,12,57,-9852.19,179.62,20.9187,3.22526,300,20,1,0,0,0,1,1,188,0,0,1,0,0,0,0,64,SmartAI,,NULL,1448
141884,32820,Wild Turkey,,0,12,57,-9822.68,180.421,22.9706,3.13012,300,20,1,0,0,0,1,1,188,0,0,1,0,0,0,0,64,SmartAI,,NULL,1448
141885,32820,Wild Turkey,,0,12,57,-9865.25,170.29,19.6687,5.36632,300,20,1,0,0,0,1,1,188,0,0,1,0,0,0,0,64,SmartAI,,NULL,1448
141886,32820,Wild Turkey,,0,12,57,-9816.59,120.354,45.9586,3.66559,300,20,1,0,0,0,1,1,188,0,0,1,0,0,0,0,64,SmartAI,,NULL,1448
141887,32820,Wild Turkey,,0,12,57,-9819.45,129.544,4.7231,5.83605,300,20,1,0,0,0,1,1,188,0,0,1,0,0,0,0,64,SmartAI,,NULL,1448
141888,32820,Wild Turkey,,0,12,57,-9827.35,124.626,4.25697,6.19969,300,20,1,0,0,0,1,1,188,0,0,1,0,0,0,0,64,SmartAI,,NULL,1448
141889,32820,Wild Turkey,,0,12,57,-9907.61,178.849,31.9818,5.60655,300,20,1,0,0,0,1,1,188,0,0,1,0,0,0,0,64,SmartAI,,NULL,1448
141890,32820,Wild Turkey,,0,12,57,-9888.21,153.554,32.0522,5.88405,300,20,1,0,0,0,1,1,188,0,0,1,0,0,0,0,64,SmartAI,,NULL,1448
141891,32820,Wild Turkey,,0,12,57,-9799.58,167.104,24.0743,2.08218,300,20,1,0,0,0,1,1,188,0,0,1,0,0,0,0,64,SmartAI,,NULL,1448
141892,32820,Wild Turkey,,0,12,57,-9840.62,161.11,4.89257,0.281934,300,20,1,0,0,0,1,1,188,0,0,1,0,0,0,0,64,SmartAI,,NULL,1448
141893,32820,Wild Turkey,,0,12,57,-9849.7,135.178,6.03231,6.08721,300,20,1,0,0,0,1,1,188,0,0,1,0,0,0,0,64,SmartAI,,NULL,1448
141894,32820,Wild Turkey,,0,12,57,-9857.44,157.624,6.20103,0.988133,300,20,1,0,0,0,1,1,188,0,0,1,0,0,0,0,64,SmartAI,,NULL,1448
141895,32820,Wild Turkey,,0,12,57,-9751.76,122.076,16.1832,6.27415,300,20,1,0,0,0,1,1,188,0,0,1,0,0,0,0,64,SmartAI,,NULL,1448
141896,32820,Wild Turkey,,0,12,57,-9750.53,109.906,25.705,3.41538,300,20,1,0,0,0,1,1,188,0,0,1,0,0,0,0,64,SmartAI,,NULL,1448
141897,32820,Wild Turkey,,0,12,57,-9800.68,103.668,24.789,5.76924,300,20,1,0,0,0,1,1,188,0,0,1,0,0,0,0,64,SmartAI,,NULL,1448
141898,32820,Wild Turkey,,0,12,57,-9797.96,109.575,24.4197,3.88405,300,20,1,0,0,0,1,1,188,0,0,1,0,0,0,0,64,SmartAI,,NULL,1448
141899,32820,Wild Turkey,,0,12,12,-9783.55,84.901,42.6198,3.27819,300,20,1,0,0,0,1,1,188,0,0,1,0,0,0,0,64,SmartAI,,NULL,1448
141900,32820,Wild Turkey,,0,12,57,-9752.98,120.348,15.9225,1.30766,300,20,1,0,0,0,1,1,188,0,0,1,0,0,0,0,64,SmartAI,,NULL,1448
141901,32820,Wild Turkey,,0,12,12,-9734.4,138.944,49.0226,0.433051,300,20,1,0,0,0,1,1,188,0,0,1,0,0,0,0,64,SmartAI,,NULL,1448
141902,32820,Wild Turkey,,0,12,57,-9954.52,222.797,26.328,4.94774,300,20,1,0,0,0,1,1,188,0,0,1,0,0,0,0,64,SmartAI,,NULL,1448
141903,32820,Wild Turkey,,0,12,12,-9354.72,167.942,61.665,0.27367,300,20,1,0,0,0,1,1,188,0,0,1,0,0,0,0,64,SmartAI,,NULL,1448
141910,32820,Wild Turkey,,0,12,88,-9456.54,-1160.68,52.9803,4.11778,300,20,1,0,0,0,1,1,188,0,0,1,0,0,0,0,64,SmartAI,,NULL,1448
141911,32820,Wild Turkey,,0,12,12,-9342.2,187.984,61.5586,5.25467,300,20,1,0,0,0,1,1,188,0,0,1,0,0,0,0,64,SmartAI,,NULL,1448
141915,32820,Wild Turkey,,0,12,12,-9321.16,270.756,68.0387,6.23488,300,20,1,0,0,0,1,1,188,0,0,1,0,0,0,0,64,SmartAI,,NULL,1448
141918,32820,Wild Turkey,,0,12,12,-9164.88,-6.60355,79.3901,4.80705,300,20,1,0,0,0,1,1,188,0,0,1,0,0,0,0,64,SmartAI,,NULL,1448
141919,32820,Wild Turkey,,0,12,12,-9162.92,-2.91795,79.6812,0.60909,300,20,1,0,0,0,1,1,188,0,0,1,0,0,0,0,64,SmartAI,,NULL,1448
141920,32820,Wild Turkey,,0,12,12,-9167.2,19.38,78.803,1.52015,300,20,1,0,0,0,1,1,188,0,0,1,0,0,0,0,64,SmartAI,,NULL,1448
141921,32820,Wild Turkey,,0,12,12,-9162.07,13.6444,78.6699,5.53354,300,20,1,0,0,0,1,1,188,0,0,1,0,0,0,0,64,SmartAI,,NULL,1448
141922,32820,Wild Turkey,,0,12,12,-9180.29,-8.10362,78.8,3.87635,300,20,1,0,0,0,1,1,188,0,0,1,0,0,0,0,64,SmartAI,,NULL,1448
141923,32820,Wild Turkey,,0,12,12,-9189.71,0.452663,77.6916,3.02419,300,20,1,0,0,0,1,1,188,0,0,1,0,0,0,0,64,SmartAI,,NULL,1448
141924,32820,Wild Turkey,,0,12,12,-9344.05,175.877,61.5584,3.59669,300,20,1,0,0,0,1,1,188,0,0,1,0,0,0,0,64,SmartAI,,NULL,1448
141925,32820,Wild Turkey,,0,12,12,-9318.67,173.348,61.613,2.83957,300,20,1,0,0,0,1,1,188,0,0,1,0,0,0,0,64,SmartAI,,NULL,1448
141926,32820,Wild Turkey,,0,12,12,-9329.31,166.352,61.5815,1.76357,300,20,1,0,0,0,1,1,188,0,0,1,0,0,0,0,64,SmartAI,,NULL,1448
141929,32820,Wild Turkey,,0,12,87,-9474.49,87.242,56.7402,2.98374,300,20,1,0,0,0,1,1,188,0,0,1,0,0,0,0,64,SmartAI,,NULL,1448
141930,32820,Wild Turkey,,0,12,12,-9322.06,168.47,61.6066,2.40367,300,20,1,0,0,0,1,1,188,0,0,1,0,0,0,0,64,SmartAI,,NULL,1448
141932,32820,Wild Turkey,,0,12,87,-9460.17,26.0472,56.3399,5.44596,300,20,1,0,0,0,1,1,188,0,0,1,0,0,0,0,64,SmartAI,,NULL,1448
141933,32820,Wild Turkey,,0,12,12,-9349.19,176.153,61.726,5.18634,300,20,1,0,0,0,1,1,188,0,0,1,0,0,0,0,64,SmartAI,,NULL,1448
141934,32820,Wild Turkey,,0,12,12,-9350.81,171.018,61.7532,1.0198,300,20,1,0,0,0,1,1,188,0,0,1,0,0,0,0,64,SmartAI,,NULL,1448
141935,32820,Wild Turkey,,0,12,12,-9337.56,188.283,61.5117,3.72314,300,20,1,0,0,0,1,1,188,0,0,1,0,0,0,0,64,SmartAI,,NULL,1448
141950,32820,Wild Turkey,,0,12,87,-9375.14,26.3486,61.714,4.83456,300,20,1,0,0,0,1,1,188,0,0,1,0,0,0,0,64,SmartAI,,NULL,1448
141951,32820,Wild Turkey,,0,12,87,-9383.17,11.5458,61.1362,1.44862,300,20,1,0,0,0,1,1,188,0,0,1,0,0,0,0,64,SmartAI,,NULL,1448
141952,32820,Wild Turkey,,0,12,87,-9373.36,22.8965,62.0908,2.21657,300,20,1,0,0,0,1,1,188,0,0,1,0,0,0,0,64,SmartAI,,NULL,1448
141978,32820,Wild Turkey,,0,12,87,-9382.33,14.4817,61.6174,4.2586,300,20,1,0,0,0,1,1,188,0,0,1,0,0,0,0,64,SmartAI,,NULL,1448
142031,32820,Wild Turkey,,0,12,9,-8932.72,-163.066,80.9754,5.81801,300,20,1,0,0,0,1,1,188,0,0,1,0,0,0,0,64,SmartAI,,NULL,1448
142033,32820,Wild Turkey,,0,12,87,-9429.92,56.1355,56.7913,2.98451,300,20,1,0,0,0,1,1,188,0,0,1,0,0,0,0,64,SmartAI,,NULL,1448
142034,32820,Wild Turkey,,0,12,87,-9431.01,58.3279,56.7729,5.48033,300,20,1,0,0,0,1,1,188,0,0,1,0,0,0,0,64,SmartAI,,NULL,1448
142035,32820,Wild Turkey,,0,12,87,-9428.72,54.0571,56.819,1.91986,300,20,1,0,0,0,1,1,188,0,0,1,0,0,0,0,64,SmartAI,,NULL,1448
142036,32820,Wild Turkey,,0,12,87,-9431.32,55.0524,56.6871,3.38594,300,20,1,0,0,0,1,1,188,0,0,1,0,0,0,0,64,SmartAI,,NULL,1448
142037,32820,Wild Turkey,,0,12,87,-9431.98,56.7107,56.6996,6.16101,300,20,1,0,0,0,1,1,188,0,0,1,0,0,0,0,64,SmartAI,,NULL,1448
142043,32820,Wild Turkey,,0,12,87,-9400.13,111.152,60.0272,5.17295,300,20,1,0,0,0,1,1,188,0,0,1,0,0,0,0,64,SmartAI,,NULL,1448
142045,32820,Wild Turkey,,0,12,12,-9143.81,412.898,93.7079,5.32893,300,20,1,0,0,0,1,1,188,0,0,1,0,0,0,0,64,SmartAI,,NULL,1448
142046,32820,Wild Turkey,,0,12,12,-9109.08,365.884,93.9828,2.40332,300,20,1,0,0,0,1,1,188,0,0,1,0,0,0,0,64,SmartAI,,NULL,1448
142047,32820,Wild Turkey,,0,12,12,-9116.37,334.754,93.3562,1.99884,300,20,1,0,0,0,1,1,188,0,0,1,0,0,0,0,64,SmartAI,,NULL,1448
142048,32820,Wild Turkey,,0,12,12,-9177.49,414.626,90.1926,5.65879,300,20,1,0,0,0,1,1,188,0,0,1,0,0,0,0,64,SmartAI,,NULL,1448
142049,32820,Wild Turkey,,0,12,12,-9170.68,377.801,88.388,5.18362,300,20,1,0,0,0,1,1,188,0,0,1,0,0,0,0,64,SmartAI,,NULL,1448
142050,32820,Wild Turkey,,0,12,12,-9140.75,332.216,91.2239,2.34441,300,20,1,0,0,0,1,1,188,0,0,1,0,0,0,0,64,SmartAI,,NULL,1448
142051,32820,Wild Turkey,,0,12,12,-9227.25,318.984,73.9797,5.50171,300,20,1,0,0,0,1,1,188,0,0,1,0,0,0,0,64,SmartAI,,NULL,1448
142052,32820,Wild Turkey,,0,12,12,-9155.61,261.754,80.1009,2.98844,300,20,1,0,0,0,1,1,188,0,0,1,0,0,0,0,64,SmartAI,,NULL,1448
142053,32820,Wild Turkey,,0,12,87,-9468.33,24.9295,56.5369,6.0912,300,20,1,0,0,0,1,1,188,0,0,1,0,0,0,0,64,SmartAI,,NULL,1448
142054,32820,Wild Turkey,,0,12,87,-9465.93,24.9355,56.6126,3.12414,300,20,1,0,0,0,1,1,188,0,0,1,0,0,0,0,64,SmartAI,,NULL,1448
142079,32820,Wild Turkey,,0,12,87,-9566.38,31.1655,61.4444,1.58992,300,20,1,0,0,0,1,1,188,0,0,1,0,0,0,0,64,SmartAI,,NULL,1448
142080,32820,Wild Turkey,,0,12,87,-9541.73,87.4378,59.3029,6.23082,300,20,1,0,0,0,1,1,188,0,0,1,0,0,0,0,64,SmartAI,,NULL,1448
142081,32820,Wild Turkey,,0,12,87,-9540.56,115.219,59.1773,4.62012,300,20,1,0,0,0,1,1,188,0,0,1,0,0,0,0,64,SmartAI,,NULL,1448
142082,32820,Wild Turkey,,0,12,87,-9525.15,89.6348,58.9238,4.11548,300,20,1,0,0,0,1,1,188,0,0,1,0,0,0,0,64,SmartAI,,NULL,1448
142087,32820,Wild Turkey,,0,12,12,-9330.46,180.936,61.6792,4.1716,300,20,1,0,0,0,1,1,188,0,0,1,0,0,0,0,64,SmartAI,,NULL,1448
142089,32820,Wild Turkey,,0,12,12,-9180.08,300.471,78.2777,1.48024,300,20,1,0,0,0,1,1,188,0,0,1,0,0,0,0,64,SmartAI,,NULL,1448
142090,32820,Wild Turkey,,0,12,12,-9082.31,410.951,92.2809,3.21226,300,20,1,0,0,0,1,1,188,0,0,1,0,0,0,0,64,SmartAI,,NULL,1448
142091,32820,Wild Turkey,,0,12,9,-9045.34,-46.7572,88.3206,4.60601,300,20,1,0,0,0,1,1,188,0,0,1,0,0,0,0,64,SmartAI,,NULL,1448
142092,32820,Wild Turkey,,0,12,9,-9044.58,-43.6128,88.3693,1.24136,300,20,1,0,0,0,1,1,188,0,0,1,0,0,0,0,64,SmartAI,,NULL,1448
142093,32820,Wild Turkey,,0,12,59,-9068.83,-382.097,73.4742,1.12514,300,20,1,0,0,0,1,1,188,0,0,1,0,0,0,0,64,SmartAI,,NULL,1448
142094,32820,Wild Turkey,,0,12,59,-9067.18,-379.59,73.4847,4.20468,300,20,1,0,0,0,1,1,188,0,0,1,0,0,0,0,64,SmartAI,,NULL,1448
142095,32820,Wild Turkey,,0,12,59,-9083.1,-370.122,73.4512,2.04719,300,20,1,0,0,0,1,1,188,0,0,1,0,0,0,0,64,SmartAI,,NULL,1448
142096,32820,Wild Turkey,,0,12,59,-9093.95,-363.895,73.4845,1.58774,300,20,1,0,0,0,1,1,188,0,0,1,0,0,0,0,64,SmartAI,,NULL,1448
142097,32820,Wild Turkey,,0,12,59,-9093.79,-350.975,73.4519,0.331884,300,20,1,0,0,0,1,1,188,0,0,1,0,0,0,0,64,SmartAI,,NULL,1448
142098,32820,Wild Turkey,,0,12,59,-9114.81,-341.066,73.2501,1.02225,300,20,1,0,0,0,1,1,188,0,0,1,0,0,0,0,64,SmartAI,,NULL,1448
142099,32820,Wild Turkey,,0,12,59,-9111.6,-339.933,73.3671,2.90956,300,20,1,0,0,0,1,1,188,0,0,1,0,0,0,0,64,SmartAI,,NULL,1448
142100,32820,Wild Turkey,,0,12,59,-9085.03,-310.686,73.4186,1.76288,300,20,1,0,0,0,1,1,188,0,0,1,0,0,0,0,64,SmartAI,,NULL,1448
142101,32820,Wild Turkey,,0,12,59,-9085.39,-308.122,73.3757,4.73482,300,20,1,0,0,0,1,1,188,0,0,1,0,0,0,0,64,SmartAI,,NULL,1448
142102,32820,Wild Turkey,,0,12,59,-9067.4,-299.552,73.4566,5.35529,300,20,1,0,0,0,1,1,188,0,0,1,0,0,0,0,64,SmartAI,,NULL,1448
142103,32820,Wild Turkey,,0,12,59,-9027.26,-326.174,73.7017,1.51626,300,20,1,0,0,0,1,1,188,0,0,1,0,0,0,0,64,SmartAI,,NULL,1448
142104,32820,Wild Turkey,,0,12,59,-9031.94,-346.149,74.21,4.03346,300,20,1,0,0,0,1,1,188,0,0,1,0,0,0,0,64,SmartAI,,NULL,1448
142105,32820,Wild Turkey,,0,12,59,-9033.21,-347.614,74.1532,0.925643,300,20,1,0,0,0,1,1,188,0,0,1,0,0,0,0,64,SmartAI,,NULL,1448
142106,32820,Wild Turkey,,0,12,59,-9053.11,-362.477,73.5042,1.69219,300,20,1,0,0,0,1,1,188,0,0,1,0,0,0,0,64,SmartAI,,NULL,1448
142107,32820,Wild Turkey,,0,12,59,-9056.23,-339.958,73.4526,1.3529,300,20,1,0,0,0,1,1,188,0,0,1,0,0,0,0,64,SmartAI,,NULL,1448
142108,32820,Wild Turkey,,0,12,9,-8852.69,-373.834,70.594,2.33229,300,20,1,0,0,0,1,1,188,0,0,1,0,0,0,0,64,SmartAI,,NULL,1448
142109,32820,Wild Turkey,,0,12,59,-9002.91,-297.798,71.1119,1.96551,300,20,1,0,0,0,1,1,188,0,0,1,0,0,0,0,64,SmartAI,,NULL,1448
142110,32820,Wild Turkey,,0,12,59,-9099.05,-316.07,73.2522,4.72462,300,20,1,0,0,0,1,1,188,0,0,1,0,0,0,0,64,SmartAI,,NULL,1448
142111,32820,Wild Turkey,,0,12,59,-9100.01,-318.048,73.2989,0.825899,300,20,1,0,0,0,1,1,188,0,0,1,0,0,0,0,64,SmartAI,,NULL,1448
142112,32820,Wild Turkey,,0,12,59,-9098.24,-317.918,73.3343,2.3535,300,20,1,0,0,0,1,1,188,0,0,1,0,0,0,0,64,SmartAI,,NULL,1448
142113,32820,Wild Turkey,,0,12,34,-8686.07,-108.569,89.1135,2.78625,300,20,1,0,0,0,1,1,188,0,0,1,0,0,0,0,64,SmartAI,,NULL,1448
142114,32820,Wild Turkey,,0,12,34,-8666.96,-117.197,92.3837,3.99341,300,20,1,0,0,0,1,1,188,0,0,1,0,0,0,0,64,SmartAI,,NULL,1448
142115,32820,Wild Turkey,,0,12,34,-8670.19,-121.659,92.0285,2.88129,300,20,1,0,0,0,1,1,188,0,0,1,0,0,0,0,64,SmartAI,,NULL,1448
142116,32820,Wild Turkey,,0,12,34,-8669.95,-127.286,92.3917,2.34329,300,20,1,0,0,0,1,1,188,0,0,1,0,0,0,0,64,SmartAI,,NULL,1448
142117,32820,Wild Turkey,,0,12,59,-9040.38,-303.146,74.3207,2.427,300,20,1,0,0,0,1,1,188,0,0,1,0,0,0,0,64,SmartAI,,NULL,1448
142118,32820,Wild Turkey,,0,12,59,-9016.16,-310.595,73.9234,0.27187,300,20,1,0,0,0,1,1,188,0,0,1,0,0,0,0,64,SmartAI,,NULL,1448
142119,32820,Wild Turkey,,0,12,59,-9064,-283.949,73.6745,3.43703,300,20,1,0,0,0,1,1,188,0,0,1,0,0,0,0,64,SmartAI,,NULL,1448
142120,32820,Wild Turkey,,0,12,59,-9065.73,-284.406,73.7253,0.336275,300,20,1,0,0,0,1,1,188,0,0,1,0,0,0,0,64,SmartAI,,NULL,1448
142121,32820,Wild Turkey,,0,12,9,-8950.56,-429.528,65.1177,2.42386,300,20,1,0,0,0,1,1,188,0,0,1,0,0,0,0,64,SmartAI,,NULL,1448
142122,32820,Wild Turkey,,0,12,9,-8958.33,-432.896,64.651,1.27326,300,20,1,0,0,0,1,1,188,0,0,1,0,0,0,0,64,SmartAI,,NULL,1448
142123,32820,Wild Turkey,,0,12,59,-9142.99,-340.123,72.6333,0.0818056,300,20,1,0,0,0,1,1,188,0,0,1,0,0,0,0,64,SmartAI,,NULL,1448
142124,32820,Wild Turkey,,0,12,59,-9113.54,-339.171,73.3014,4.93007,300,20,1,0,0,0,1,1,188,0,0,1,0,0,0,0,64,SmartAI,,NULL,1448
142125,32820,Wild Turkey,,0,12,9,-8768.27,-178.215,83.3675,2.51811,300,20,1,0,0,0,1,1,188,0,0,1,0,0,0,0,64,SmartAI,,NULL,1448
142126,32820,Wild Turkey,,0,12,9,-8775.73,-181.91,82.5802,3.23282,300,20,1,0,0,0,1,1,188,0,0,1,0,0,0,0,64,SmartAI,,NULL,1448
142127,32820,Wild Turkey,,0,12,9,-8770.16,-164.681,82.478,0.248304,300,20,1,0,0,0,1,1,188,0,0,1,0,0,0,0,64,SmartAI,,NULL,1448
142128,32820,Wild Turkey,,0,12,9,-8756.49,-174.042,84.9656,3.31921,300,20,1,0,0,0,1,1,188,0,0,1,0,0,0,0,64,SmartAI,,NULL,1448
142129,32820,Wild Turkey,,0,12,9,-8781.03,-131.108,82.3968,0.897357,300,20,1,0,0,0,1,1,188,0,0,1,0,0,0,0,64,SmartAI,,NULL,1448
142130,32820,Wild Turkey,,0,12,9,-8785.22,-107.864,83.2028,0.123741,300,20,1,0,0,0,1,1,188,0,0,1,0,0,0,0,64,SmartAI,,NULL,1448
142131,32820,Wild Turkey,,0,12,9,-8776.25,-110.324,83.546,3.32031,300,20,1,0,0,0,1,1,188,0,0,1,0,0,0,0,64,SmartAI,,NULL,1448
142132,32820,Wild Turkey,,0,12,34,-8617.63,-139.172,87.0543,4.94263,300,20,1,0,0,0,1,1,188,0,0,1,0,0,0,0,64,SmartAI,,NULL,1448
142133,32820,Wild Turkey,,0,12,34,-8597.56,-168.066,86.7534,3.37969,300,20,1,0,0,0,1,1,188,0,0,1,0,0,0,0,64,SmartAI,,NULL,1448
142134,32820,Wild Turkey,,0,12,34,-8613.21,-165.797,85.7466,2.33118,300,20,1,0,0,0,1,1,188,0,0,1,0,0,0,0,64,SmartAI,,NULL,1448
142135,32820,Wild Turkey,,0,12,34,-8633.86,-149.127,86.0851,2.02487,300,20,1,0,0,0,1,1,188,0,0,1,0,0,0,0,64,SmartAI,,NULL,1448
142136,32820,Wild Turkey,,0,12,34,-8631.62,-143.587,86.3522,3.1205,300,20,1,0,0,0,1,1,188,0,0,1,0,0,0,0,64,SmartAI,,NULL,1448
142137,32820,Wild Turkey,,0,12,34,-8647.69,-133.363,87.7432,2.11912,300,20,1,0,0,0,1,1,188,0,0,1,0,0,0,0,64,SmartAI,,NULL,1448
142138,32820,Wild Turkey,,0,12,34,-8656.88,-124.537,90.8129,3.17155,300,20,1,0,0,0,1,1,188,0,0,1,0,0,0,0,64,SmartAI,,NULL,1448
142139,32820,Wild Turkey,,0,12,34,-8557.35,-209.402,84.2385,3.1912,300,20,1,0,0,0,1,1,188,0,0,1,0,0,0,0,64,SmartAI,,NULL,1448
142155,32820,Wild Turkey,,0,12,12,-9327.92,185.507,62.7096,4.07265,300,20,1,0,0,0,1,1,188,0,0,1,0,0,0,0,64,SmartAI,,NULL,1448
142181,32820,Wild Turkey,,0,12,12,-9116.52,314.55,93.0822,4.65069,300,20,1,0,0,0,1,1,188,0,0,1,0,0,0,0,64,SmartAI,,NULL,1448
142182,32820,Wild Turkey,,0,12,12,-9115.78,325.128,93.2047,4.70174,300,20,1,0,0,0,1,1,188,0,0,1,0,0,0,0,64,SmartAI,,NULL,1448
142183,32820,Wild Turkey,,0,12,12,-9114.1,336.911,93.4026,4.61927,300,20,1,0,0,0,1,1,188,0,0,1,0,0,0,0,64,SmartAI,,NULL,1448
142184,32820,Wild Turkey,,0,12,12,-9113.13,348.931,93.5571,4.53288,300,20,1,0,0,0,1,1,188,0,0,1,0,0,0,0,64,SmartAI,,NULL,1448
142185,32820,Wild Turkey,,0,12,12,-9110.13,345.405,93.4552,3.04455,300,20,1,0,0,0,1,1,188,0,0,1,0,0,0,0,64,SmartAI,,NULL,1448
142186,32820,Wild Turkey,,0,12,12,-9111.31,333.146,93.2693,3.15058,300,20,1,0,0,0,1,1,188,0,0,1,0,0,0,0,64,SmartAI,,NULL,1448
142187,32820,Wild Turkey,,0,12,12,-9111.83,320.705,93.1879,2.86784,300,20,1,0,0,0,1,1,188,0,0,1,0,0,0,0,64,SmartAI,,NULL,1448
142188,32820,Wild Turkey,,0,12,12,-9113.34,310.046,93.2807,2.96208,300,20,1,0,0,0,1,1,188,0,0,1,0,0,0,0,64,SmartAI,,NULL,1448
142189,32820,Wild Turkey,,0,12,12,-9114.8,307.034,93.4531,2.28664,300,20,1,0,0,0,1,1,188,0,0,1,0,0,0,0,64,SmartAI,,NULL,1448
142190,32820,Wild Turkey,,0,12,12,-9119.35,307.993,93.1764,0.637305,300,20,1,0,0,0,1,1,188,0,0,1,0,0,0,0,64,SmartAI,,NULL,1448
142191,32820,Wild Turkey,,0,12,12,-9114.01,317.994,93.1465,2.10207,300,20,1,0,0,0,1,1,188,0,0,1,0,0,0,0,64,SmartAI,,NULL,1448
142192,32820,Wild Turkey,,0,12,12,-9118.64,318.192,93.207,0.484153,300,20,1,0,0,0,1,1,188,0,0,1,0,0,0,0,64,SmartAI,,NULL,1448
142193,32820,Wild Turkey,,0,12,12,-9112.75,329.259,93.1734,2.12564,300,20,1,0,0,0,1,1,188,0,0,1,0,0,0,0,64,SmartAI,,NULL,1448
142194,32820,Wild Turkey,,0,12,12,-9116.74,329.417,93.1118,0.923976,300,20,1,0,0,0,1,1,188,0,0,1,0,0,0,0,64,SmartAI,,NULL,1448
142195,32820,Wild Turkey,,0,12,12,-9112.46,341.845,93.5009,1.93714,300,20,1,0,0,0,1,1,188,0,0,1,0,0,0,0,64,SmartAI,,NULL,1448
142196,32820,Wild Turkey,,0,12,12,-9116.35,342.758,93.8079,0.637305,300,20,1,0,0,0,1,1,188,0,0,1,0,0,0,0,64,SmartAI,,NULL,1448
142197,32820,Wild Turkey,,0,12,12,-9118.91,350.746,93.735,2.14134,300,20,1,0,0,0,1,1,188,0,0,1,0,0,0,0,64,SmartAI,,NULL,1448
142198,32820,Wild Turkey,,0,12,12,-9118.18,359.164,93.2702,1.90179,300,20,1,0,0,0,1,1,188,0,0,1,0,0,0,0,64,SmartAI,,NULL,1448
142199,32820,Wild Turkey,,0,12,12,-9111.63,353.697,93.4015,2.40837,300,20,1,0,0,0,1,1,188,0,0,1,0,0,0,0,64,SmartAI,,NULL,1448
142200,32820,Wild Turkey,,0,12,12,-9127.56,351.404,94.2329,2.13741,300,20,1,0,0,0,1,1,188,0,0,1,0,0,0,0,64,SmartAI,,NULL,1448
142201,32820,Wild Turkey,,0,12,12,-9110.83,366.354,94.0632,2.67934,300,20,1,0,0,0,1,1,188,0,0,1,0,0,0,0,64,SmartAI,,NULL,1448
142202,32820,Wild Turkey,,0,12,12,-9125.02,352.824,94.2342,2.1217,300,20,1,0,0,0,1,1,188,0,0,1,0,0,0,0,64,SmartAI,,NULL,1448
146006,97,Riverpaw Runt,NULL,0,12,60,-10106.6,690.702,32.0811,3.9619,300,0,0,0,0,0,8,9,20,0,0,7,0,0,1,0,0,SmartAI,,NULL,22
146007,97,Riverpaw Runt,NULL,0,12,60,-10071.4,629.019,39.4488,6.12611,300,0,0,0,0,0,8,9,20,0,0,7,0,0,1,0,0,SmartAI,,NULL,22
146008,97,Riverpaw Runt,NULL,0,12,60,-10062.3,630.716,39.4488,2.68781,300,0,0,0,0,0,8,9,20,0,0,7,0,0,1,0,0,SmartAI,,NULL,22
146009,97,Riverpaw Runt,NULL,0,12,60,-10005.1,662.883,35.8841,5.49779,300,0,0,0,0,0,8,9,20,0,0,7,0,0,1,0,0,SmartAI,,NULL,22
146010,97,Riverpaw Runt,NULL,0,12,63,-9993.25,450.326,35.445,1.5708,300,12,1,0,0,0,8,9,20,0,0,7,0,0,1,0,0,SmartAI,,NULL,22
146011,97,Riverpaw Runt,NULL,0,12,63,-9992.74,475.973,33.2832,2.12735,300,12,1,0,0,0,8,9,20,0,0,7,0,0,1,0,0,SmartAI,,NULL,22
146012,97,Riverpaw Runt,NULL,0,12,60,-9949.58,621.918,37.2901,5.06145,300,0,0,0,0,0,8,9,20,0,0,7,0,0,1,0,0,SmartAI,,NULL,22
146014,97,Riverpaw Runt,NULL,0,12,60,-9933.22,573.856,36.9937,1.76278,300,0,0,0,0,0,8,9,20,0,0,7,0,0,1,0,0,SmartAI,,NULL,22
146015,97,Riverpaw Runt,NULL,0,12,63,-9858.83,466.944,36.6467,5.14095,300,12,1,0,0,0,8,9,20,0,0,7,0,0,1,0,0,SmartAI,,NULL,22
146016,97,Riverpaw Runt,NULL,0,12,63,-9805.41,447.815,36.2796,0.596688,300,12,1,0,0,0,8,9,20,0,0,7,0,0,1,0,0,SmartAI,,NULL,22
146017,97,Riverpaw Runt,NULL,0,12,86,-9012.07,-820.368,70.0228,2.92954,300,12,1,0,0,0,8,9,20,0,0,7,0,0,1,0,0,SmartAI,,NULL,22
146018,97,Riverpaw Runt,NULL,0,12,86,-9011.45,-862.334,69.3996,4.8459,300,5,1,0,0,0,8,9,20,0,0,7,0,0,1,0,0,SmartAI,,NULL,22
146019,97,Riverpaw Runt,NULL,0,12,86,-8989.19,-837.573,69.6341,0.837758,300,0,0,0,0,0,8,9,20,0,0,7,0,0,1,0,0,SmartAI,,NULL,22
146020,97,Riverpaw Runt,NULL,0,12,86,-8879.83,-766.896,68.7156,4.17134,300,0,0,0,0,0,8,9,20,0,0,7,0,0,1,0,0,SmartAI,,NULL,22
146021,97,Riverpaw Runt,NULL,0,12,86,-8873.52,-776.396,69.3139,3.1765,300,0,0,0,0,0,8,9,20,0,0,7,0,0,1,0,0,SmartAI,,NULL,22
146022,97,Riverpaw Runt,NULL,0,12,86,-8859.71,-758.547,70.0009,3.33401,300,5,1,0,0,0,8,9,20,0,0,7,0,0,1,0,0,SmartAI,,NULL,22
146023,97,Riverpaw Runt,NULL,0,12,86,-8859.67,-824.284,71.8228,5.84685,300,0,0,0,0,0,8,9,20,0,0,7,0,0,1,0,0,SmartAI,,NULL,22
146024,97,Riverpaw Runt,NULL,0,12,86,-8853.26,-915.692,75.9359,2.48637,300,0,0,0,0,0,8,9,20,0,0,7,0,0,1,0,0,SmartAI,,NULL,22
146025,97,Riverpaw Runt,NULL,0,12,86,-8850.37,-852.255,73.8687,6.14632,300,12,1,0,0,0,8,9,20,0,0,7,0,0,1,0,0,SmartAI,,NULL,22
146026,97,Riverpaw Runt,NULL,0,12,86,-8844.43,-779.643,70.7615,4.87574,300,12,1,0,0,0,8,9,20,0,0,7,0,0,1,0,0,SmartAI,,NULL,22
146027,97,Riverpaw Runt,NULL,0,12,86,-8827.74,-867.454,74.5929,3.22886,300,0,0,0,0,0,8,9,20,0,0,7,0,0,1,0,0,SmartAI,,NULL,22
146028,97,Riverpaw Runt,NULL,0,12,86,-8822.01,-843.483,74.549,1.73457,300,0,0,0,0,0,8,9,20,0,0,7,0,0,1,0,0,SmartAI,,NULL,22
146029,478,Riverpaw Outrunner,NULL,0,12,60,-10171.3,657.643,25.5953,2.97291,300,12,1,0,0,0,9,10,20,0,0,7,0,0,1,0,0,SmartAI,,NULL,63
146030,478,Riverpaw Outrunner,NULL,0,12,60,-10161.9,686.16,25.3876,6.12481,300,12,1,0,0,0,9,10,20,0,0,7,0,0,1,0,0,SmartAI,,NULL,63
146031,478,Riverpaw Outrunner,NULL,0,12,60,-10155.1,621.643,26.893,2.19791,300,12,1,0,0,0,9,10,20,0,0,7,0,0,1,0,0,SmartAI,,NULL,63
146032,478,Riverpaw Outrunner,NULL,0,12,60,-10154.8,576.125,24.5087,1.31208,300,12,1,0,0,0,9,10,20,0,0,7,0,0,1,0,0,SmartAI,,NULL,63
146033,478,Riverpaw Outrunner,NULL,0,12,60,-10125.3,723.145,28.8866,3.85628,300,12,1,0,0,0,9,10,20,0,0,7,0,0,1,0,0,SmartAI,,NULL,63
146034,478,Riverpaw Outrunner,NULL,0,12,60,-10116.1,586.227,34.879,2.10972,300,12,1,0,0,0,9,10,20,0,0,7,0,0,1,0,0,SmartAI,,NULL,63
146035,478,Riverpaw Outrunner,NULL,0,12,60,-10090.2,539.786,26.6516,3.97096,300,12,1,0,0,0,9,10,20,0,0,7,0,0,1,0,0,SmartAI,,NULL,63
146036,478,Riverpaw Outrunner,NULL,0,12,60,-10089.1,674.465,35.5383,3.34014,300,12,1,0,0,0,9,10,20,0,0,7,0,0,1,0,0,SmartAI,,NULL,63
146037,478,Riverpaw Outrunner,NULL,0,12,60,-10088,612.85,39.6128,1.29869,300,0,0,0,0,0,9,10,20,0,0,7,0,0,1,0,0,SmartAI,,NULL,63
146038,478,Riverpaw Outrunner,NULL,0,12,60,-10053.9,601.9,39.2997,1.28177,300,12,1,0,0,0,9,10,20,0,0,7,0,0,1,0,0,SmartAI,,NULL,63
146039,478,Riverpaw Outrunner,NULL,0,12,60,-10053.8,709.997,29.6612,4.1884,300,12,1,0,0,0,9,10,20,0,0,7,0,0,1,0,0,SmartAI,,NULL,63
146040,478,Riverpaw Outrunner,NULL,0,12,60,-10048.9,650.149,38.406,0,300,12,1,0,0,0,9,10,20,0,0,7,0,0,1,0,0,SmartAI,,NULL,63
146041,478,Riverpaw Outrunner,NULL,0,12,60,-10038.5,555.397,34.3877,0.572046,300,12,1,0,0,0,9,10,20,0,0,7,0,0,1,0,0,SmartAI,,NULL,63
146042,478,Riverpaw Outrunner,NULL,0,12,60,-10018,619.094,39.8209,2.45072,300,12,1,0,0,0,9,10,20,0,0,7,0,0,1,0,0,SmartAI,,NULL,63
146043,478,Riverpaw Outrunner,NULL,0,12,60,-10015.8,702.127,28.559,2.88193,300,12,1,0,0,0,9,10,20,0,0,7,0,0,1,0,0,SmartAI,,NULL,63
146044,478,Riverpaw Outrunner,NULL,0,12,60,-10002.5,574.887,38.5237,1.35484,300,12,1,0,0,0,9,10,20,0,0,7,0,0,1,0,0,SmartAI,,NULL,63
146045,478,Riverpaw Outrunner,NULL,0,12,60,-10002,657.114,36.4221,1.81514,300,0,0,0,0,0,9,10,20,0,0,7,0,0,1,0,0,SmartAI,,NULL,63
146046,478,Riverpaw Outrunner,NULL,0,12,60,-9988.08,624.739,38.3851,2.27835,300,12,1,0,0,0,9,10,20,0,0,7,0,0,1,0,0,SmartAI,,NULL,63
146047,478,Riverpaw Outrunner,NULL,0,12,60,-9983.9,575.295,37.8459,5.39307,300,0,0,0,0,0,9,10,20,0,0,7,0,0,1,0,0,SmartAI,,NULL,63
146048,478,Riverpaw Outrunner,NULL,0,12,60,-9982.17,651.196,36.5281,0,300,12,1,0,0,0,9,10,20,0,0,7,0,0,1,0,0,SmartAI,,NULL,63
146049,478,Riverpaw Outrunner,NULL,0,12,60,-9981.51,562.627,37.8459,1.27409,300,0,0,0,0,0,9,10,20,0,0,7,0,0,1,0,0,SmartAI,,NULL,63
146050,478,Riverpaw Outrunner,NULL,0,12,60,-9978.25,687.01,31.3371,1.15257,300,12,1,0,0,0,9,10,20,0,0,7,0,0,1,0,0,SmartAI,,NULL,63
146051,478,Riverpaw Outrunner,NULL,0,12,60,-9975.6,711.298,23.8464,1.08095,300,5,1,0,0,0,9,10,20,0,0,7,0,0,1,0,0,SmartAI,,NULL,63
146052,478,Riverpaw Outrunner,NULL,0,12,60,-9958.09,591.139,39.1116,5.98158,300,12,1,0,0,0,9,10,20,0,0,7,0,0,1,0,0,SmartAI,,NULL,63
146053,478,Riverpaw Outrunner,NULL,0,12,60,-9952.84,553.063,39.0056,1.39874,300,12,1,0,0,0,9,10,20,0,0,7,0,0,1,0,0,SmartAI,,NULL,63
146054,478,Riverpaw Outrunner,NULL,0,12,60,-9950.33,652.819,34.2774,3.11959,300,12,1,0,0,0,9,10,20,0,0,7,0,0,1,0,0,SmartAI,,NULL,63
146056,478,Riverpaw Outrunner,NULL,0,12,60,-9945.14,617.188,37.3032,2.77507,300,0,0,0,0,0,9,10,20,0,0,7,0,0,1,0,0,SmartAI,,NULL,63
146057,478,Riverpaw Outrunner,NULL,0,12,60,-9944.96,654.705,34.0274,0.220512,300,12,1,0,0,0,9,10,20,0,0,7,0,0,1,0,0,SmartAI,,NULL,63
146058,478,Riverpaw Outrunner,NULL,0,12,60,-9918.73,597.349,39.467,4.33653,300,12,1,0,0,0,9,10,20,0,0,7,0,0,1,0,0,SmartAI,,NULL,63
146059,478,Riverpaw Outrunner,NULL,0,12,60,-9917.79,639.794,36.374,2.00747,300,12,1,0,0,0,9,10,20,0,0,7,0,0,1,0,0,SmartAI,,NULL,63
146060,478,Riverpaw Outrunner,NULL,0,12,60,-9884.61,568.663,37.3778,0,300,12,1,0,0,0,9,10,20,0,0,7,0,0,1,0,0,SmartAI,,NULL,63
146061,478,Riverpaw Outrunner,NULL,0,12,60,-9874.12,621.209,40.7783,4.86919,300,12,1,0,0,0,9,10,20,0,0,7,0,0,1,0,0,SmartAI,,NULL,63
146062,478,Riverpaw Outrunner,NULL,0,12,60,-9823.25,618.109,41.8551,5.00569,300,12,1,0,0,0,9,10,20,0,0,7,0,0,1,0,0,SmartAI,,NULL,63
146063,478,Riverpaw Outrunner,NULL,0,12,60,-9819.05,570.451,39.1261,6.1103,300,12,1,0,0,0,9,10,20,0,0,7,0,0,1,0,0,SmartAI,,NULL,63
146064,478,Riverpaw Outrunner,NULL,0,12,60,-9775.32,576.374,37.472,5.59802,300,12,1,0,0,0,9,10,20,0,0,7,0,0,1,0,0,SmartAI,,NULL,63
146065,478,Riverpaw Outrunner,NULL,0,12,86,-9201.66,-848.629,69.3648,3.63659,300,12,1,0,0,0,9,10,20,0,0,7,0,0,1,0,0,SmartAI,,NULL,63
146066,478,Riverpaw Outrunner,NULL,0,12,86,-9110.69,-827.081,70.4537,5.73898,300,12,1,0,0,0,9,10,20,0,0,7,0,0,1,0,0,SmartAI,,NULL,63
146067,478,Riverpaw Outrunner,NULL,0,12,86,-9067.69,-832.68,69.7192,0.234783,300,12,1,0,0,0,9,10,20,0,0,7,0,0,1,0,0,SmartAI,,NULL,63
146068,478,Riverpaw Outrunner,NULL,0,12,86,-8995.78,-819.915,69.5344,4.92811,300,12,1,0,0,0,9,10,20,0,0,7,0,0,1,0,0,SmartAI,,NULL,63
146069,478,Riverpaw Outrunner,NULL,0,12,86,-8986.84,-854.091,69.2235,0.84752,300,5,1,0,0,0,9,10,20,0,0,7,0,0,1,0,0,SmartAI,,NULL,63
146070,478,Riverpaw Outrunner,NULL,0,12,86,-8984.14,-828.167,70.2784,5.60251,300,0,0,0,0,0,9,10,20,0,0,7,0,0,1,0,0,SmartAI,,NULL,63
146071,478,Riverpaw Outrunner,NULL,0,12,86,-8979.83,-818.941,70.4679,4.4855,300,0,0,0,0,0,9,10,20,0,0,7,0,0,1,0,0,SmartAI,,NULL,63
146072,478,Riverpaw Outrunner,NULL,0,12,86,-8978.88,-838.899,69.9902,1.91986,300,0,0,0,0,0,9,10,20,0,0,7,0,0,1,0,0,SmartAI,,NULL,63
146073,478,Riverpaw Outrunner,NULL,0,12,86,-8955.11,-787.825,69.2727,1.02234,300,12,1,0,0,0,9,10,20,0,0,7,0,0,1,0,0,SmartAI,,NULL,63
146074,478,Riverpaw Outrunner,NULL,0,12,86,-8939.46,-847.518,69.0079,5.001,300,12,1,0,0,0,9,10,20,0,0,7,0,0,1,0,0,SmartAI,,NULL,63
146075,478,Riverpaw Outrunner,NULL,0,12,86,-8912.38,-817.059,69.677,5.837,300,12,1,0,0,0,9,10,20,0,0,7,0,0,1,0,0,SmartAI,,NULL,63
146076,478,Riverpaw Outrunner,NULL,0,12,86,-8909.41,-750.509,70.2106,5.56963,300,5,1,0,0,0,9,10,20,0,0,7,0,0,1,0,0,SmartAI,,NULL,63
146077,478,Riverpaw Outrunner,NULL,0,12,86,-8896.52,-779.203,69.3756,3.61668,300,5,1,0,0,0,9,10,20,0,0,7,0,0,1,0,0,SmartAI,,NULL,63
146078,478,Riverpaw Outrunner,NULL,0,12,86,-8895.92,-769.232,69.5663,5.63741,300,0,0,0,0,0,9,10,20,0,0,7,0,0,1,0,0,SmartAI,,NULL,63
146079,478,Riverpaw Outrunner,NULL,0,12,86,-8889.19,-756.714,69.4565,2.96897,300,5,1,0,0,0,9,10,20,0,0,7,0,0,1,0,0,SmartAI,,NULL,63
146080,478,Riverpaw Outrunner,NULL,0,12,86,-8887.32,-778.651,69.7129,0.855211,300,0,0,0,0,0,9,10,20,0,0,7,0,0,1,0,0,SmartAI,,NULL,63
146081,478,Riverpaw Outrunner,NULL,0,12,86,-8885.39,-850.496,73.1605,4.15975,300,12,1,0,0,0,9,10,20,0,0,7,0,0,1,0,0,SmartAI,,NULL,63
146082,478,Riverpaw Outrunner,NULL,0,12,86,-8879.78,-787.847,69.9898,3.95296,300,5,1,0,0,0,9,10,20,0,0,7,0,0,1,0,0,SmartAI,,NULL,63
146083,478,Riverpaw Outrunner,NULL,0,12,86,-8873.47,-824.288,72.3513,3.36105,300,12,1,0,0,0,9,10,20,0,0,7,0,0,1,0,0,SmartAI,,NULL,63
146084,478,Riverpaw Outrunner,NULL,0,12,86,-8851.85,-827.879,72.9202,1.93731,300,0,0,0,0,0,9,10,20,0,0,7,0,0,1,0,0,SmartAI,,NULL,63
146085,478,Riverpaw Outrunner,NULL,0,12,86,-8847.86,-811.561,70.7121,4.20624,300,0,0,0,0,0,9,10,20,0,0,7,0,0,1,0,0,SmartAI,,NULL,63
146086,478,Riverpaw Outrunner,NULL,0,12,86,-8845.6,-879.69,74.6826,0.614353,300,5,1,0,0,0,9,10,20,0,0,7,0,0,1,0,0,SmartAI,,NULL,63
146087,478,Riverpaw Outrunner,NULL,0,12,86,-8841.8,-867.744,75.9984,5.70723,300,0,0,0,0,0,9,10,20,0,0,7,0,0,1,0,0,SmartAI,,NULL,63
146088,478,Riverpaw Outrunner,NULL,0,12,86,-8840.24,-987.352,74.3269,1.24984,300,12,1,0,0,0,9,10,20,0,0,7,0,0,1,0,0,SmartAI,,NULL,63
146089,478,Riverpaw Outrunner,NULL,0,12,86,-8840.05,-855.448,74.9915,3.05751,300,5,1,0,0,0,9,10,20,0,0,7,0,0,1,0,0,SmartAI,,NULL,63
146090,478,Riverpaw Outrunner,NULL,0,12,86,-8838.91,-1113.08,74.4832,4.60775,300,12,1,0,0,0,9,10,20,0,0,7,0,0,1,0,0,SmartAI,,NULL,63
146091,478,Riverpaw Outrunner,NULL,0,12,86,-8835.16,-831.09,73.8839,5.50328,300,12,1,0,0,0,9,10,20,0,0,7,0,0,1,0,0,SmartAI,,NULL,63
146092,478,Riverpaw Outrunner,NULL,0,12,86,-8834.45,-880.661,74.4284,2.02458,300,0,0,0,0,0,9,10,20,0,0,7,0,0,1,0,0,SmartAI,,NULL,63
146093,525,Mangy Wolf,NULL,0,12,60,-9722.19,778.493,31.8611,3.27976,300,12,1,0,0,0,5,6,38,0,0,1,1,1,1,0,0,,,NULL,84
146094,525,Mangy Wolf,NULL,0,12,12,-9720.72,408.629,40.9283,4.98543,300,12,1,0,0,0,5,6,38,0,0,1,1,1,1,0,0,,,NULL,84
146095,525,Mangy Wolf,NULL,0,12,120,-9716.01,712.047,30.1218,5.60144,300,5,1,0,0,0,5,6,38,0,0,1,1,1,1,0,0,,,NULL,84
146096,525,Mangy Wolf,NULL,0,12,120,-9696.25,745.478,31.1605,3.93322,300,0,2,0,0,0,5,6,38,0,0,1,1,1,1,0,0,,,11687680,84
146097,525,Mangy Wolf,NULL,0,12,12,-9695.96,419.14,39.5034,1.7938,300,12,1,0,0,0,5,6,38,0,0,1,1,1,1,0,0,,,NULL,84
146098,525,Mangy Wolf,NULL,0,12,12,-9695.31,388.284,41.6394,0.806161,300,12,1,0,0,0,5,6,38,0,0,1,1,1,1,0,0,,,NULL,84
146099,525,Mangy Wolf,NULL,0,12,120,-9693.31,756.665,31.3648,2.86772,300,12,1,0,0,0,5,6,38,0,0,1,1,1,1,0,0,,,NULL,84
146100,525,Mangy Wolf,NULL,0,12,12,-9683.68,333.528,45.5257,2.10886,300,12,1,0,0,0,5,6,38,0,0,1,1,1,1,0,0,,,NULL,84
146101,525,Mangy Wolf,NULL,0,12,12,-9677.35,373.745,42.8834,5.62595,300,12,1,0,0,0,5,6,38,0,0,1,1,1,1,0,0,,,NULL,84
146102,525,Mangy Wolf,NULL,0,12,12,-9656.32,521.898,41.3858,2.59112,300,12,1,0,0,0,5,6,38,0,0,1,1,1,1,0,0,,,NULL,84
146103,525,Mangy Wolf,NULL,0,12,60,-9655.4,588.348,42.3961,1.90305,300,0,2,0,0,0,5,6,38,0,0,1,1,1,1,0,0,,,11688240,84
146104,525,Mangy Wolf,NULL,0,12,60,-9654.79,784.409,34.887,1.84553,300,12,1,0,0,0,5,6,38,0,0,1,1,1,1,0,0,,,NULL,84
146105,525,Mangy Wolf,NULL,0,12,12,-9643.63,346.827,43.5994,0.36037,300,12,1,0,0,0,5,6,38,0,0,1,1,1,1,0,0,,,NULL,84
146106,525,Mangy Wolf,NULL,0,12,12,-9642,309.827,46.6141,3.2733,300,12,1,0,0,0,5,6,38,0,0,1,1,1,1,0,0,,,NULL,84
146107,525,Mangy Wolf,NULL,0,12,60,-9639.37,566.316,41.1565,4.30779,300,12,1,0,0,0,5,6,38,0,0,1,1,1,1,0,0,,,NULL,84
146108,525,Mangy Wolf,NULL,0,12,12,-9638.46,370.531,42.7037,3.75344,300,12,1,0,0,0,5,6,38,0,0,1,1,1,1,0,0,,,NULL,84
146109,525,Mangy Wolf,NULL,0,12,12,-9637.06,512.355,42.421,5.96155,300,0,2,0,0,0,5,6,38,0,0,1,1,1,1,0,0,,,11688720,84
146110,525,Mangy Wolf,NULL,0,12,12,-9625.88,506.73,41.9287,0.61873,300,12,1,0,0,0,5,6,38,0,0,1,1,1,1,0,0,,,NULL,84
146111,525,Mangy Wolf,NULL,0,12,12,-9623.68,521.332,42.7603,0.953,300,12,1,0,0,0,5,6,38,0,0,1,1,1,1,0,0,,,NULL,84
146112,525,Mangy Wolf,NULL,0,12,12,-9619.25,555.631,41.0452,2.26473,300,12,1,0,0,0,5,6,38,0,0,1,1,1,1,0,0,,,NULL,84
146113,525,Mangy Wolf,NULL,0,12,12,-9616.36,307.104,46.1087,1.85799,300,12,1,0,0,0,5,6,38,0,0,1,1,1,1,0,0,,,NULL,84
146114,525,Mangy Wolf,NULL,0,12,12,-9611.63,509.318,41.8522,3.49066,300,0,0,0,0,0,5,6,38,0,0,1,1,1,1,0,0,,,NULL,84
146115,525,Mangy Wolf,NULL,0,12,12,-9610.75,518.436,42.0201,2.80998,300,0,0,0,0,0,5,6,38,0,0,1,1,1,1,0,0,,,NULL,84
146116,525,Mangy Wolf,NULL,0,12,12,-9607.32,482.232,41.4827,5.42773,300,12,1,0,0,0,5,6,38,0,0,1,1,1,1,0,0,,,NULL,84
146117,525,Mangy Wolf,NULL,0,12,12,-9587.47,462.568,41.0741,0,300,12,1,0,0,0,5,6,38,0,0,1,1,1,1,0,0,,,NULL,84
146118,525,Mangy Wolf,NULL,0,12,18,-9585.5,-348.504,61.7723,6.12462,300,0,0,0,0,0,5,6,38,0,0,1,1,1,1,0,0,,,NULL,84
146119,525,Mangy Wolf,NULL,0,12,18,-9585,-415.291,62.6788,0.0596844,300,5,1,0,0,0,5,6,38,0,0,1,1,1,1,0,0,,,NULL,84
146120,525,Mangy Wolf,NULL,0,12,18,-9584.72,-277.363,62.3586,3.61655,300,5,1,0,0,0,5,6,38,0,0,1,1,1,1,0,0,,,NULL,84
146121,525,Mangy Wolf,NULL,0,12,60,-9578.2,568.306,48.6217,1.40597,300,12,1,0,0,0,5,6,38,0,0,1,1,1,1,0,0,,,NULL,84
146122,525,Mangy Wolf,NULL,0,12,12,-9572.72,306.688,54.518,4.11854,300,12,1,0,0,0,5,6,38,0,0,1,1,1,1,0,0,,,NULL,84
146123,525,Mangy Wolf,NULL,0,12,12,-9568.42,-235.625,61.9202,2.59958,300,12,1,0,0,0,5,6,38,0,0,1,1,1,1,0,0,,,NULL,84
146124,525,Mangy Wolf,NULL,0,12,12,-9566.93,317.41,54.497,3.92975,300,12,1,0,0,0,5,6,38,0,0,1,1,1,1,0,0,,,NULL,84
146125,525,Mangy Wolf,NULL,0,12,18,-9553.1,-314.747,62.4203,1.20596,300,12,1,0,0,0,5,6,38,0,0,1,1,1,1,0,0,,,NULL,84
146126,525,Mangy Wolf,NULL,0,12,18,-9553.07,-378.493,62.7546,4.31519,300,12,1,0,0,0,5,6,38,0,0,1,1,1,1,0,0,,,NULL,84
146127,525,Mangy Wolf,NULL,0,12,18,-9552.99,-453.139,61.7921,0.995313,300,12,1,0,0,0,5,6,38,0,0,1,1,1,1,0,0,,,NULL,84
146128,525,Mangy Wolf,NULL,0,12,18,-9551.57,-248.585,61.8612,5.48823,300,12,1,0,0,0,5,6,38,0,0,1,1,1,1,0,0,,,NULL,84
146129,525,Mangy Wolf,NULL,0,12,12,-9544.35,309.479,52.2879,2.78648,300,12,1,0,0,0,5,6,38,0,0,1,1,1,1,0,0,,,NULL,84
146130,525,Mangy Wolf,NULL,0,12,12,-9543.07,535.055,50.7759,6.26842,300,0,0,0,0,0,5,6,38,0,0,1,1,1,1,0,0,,,NULL,84
146131,525,Mangy Wolf,NULL,0,12,18,-9542.69,-190.428,61.386,6.21874,300,12,1,0,0,0,5,6,38,0,0,1,1,1,1,0,0,,,NULL,84
146132,525,Mangy Wolf,NULL,0,12,12,-9538.01,279.085,53.6019,5.59613,300,12,1,0,0,0,5,6,38,0,0,1,1,1,1,0,0,,,NULL,84
146133,525,Mangy Wolf,NULL,0,12,87,-9521.8,-58.1173,59.7362,1.08859,300,5,1,0,0,0,5,6,38,0,0,1,1,1,1,0,0,,,NULL,84
146134,525,Mangy Wolf,NULL,0,12,18,-9516.36,-113.714,60.9579,2.86061,300,12,1,0,0,0,5,6,38,0,0,1,1,1,1,0,0,,,NULL,84
146135,525,Mangy Wolf,NULL,0,12,12,-9508.6,303.5,51.8158,2.25411,300,12,1,0,0,0,5,6,38,0,0,1,1,1,1,0,0,,,NULL,84
146136,525,Mangy Wolf,NULL,0,12,12,-9500.71,324.303,52.3906,0.80398,300,12,1,0,0,0,5,6,38,0,0,1,1,1,1,0,0,,,NULL,84
146137,525,Mangy Wolf,NULL,0,12,89,-9493.52,391.663,51.891,6.05434,300,12,1,0,0,0,5,6,38,0,0,1,1,1,1,0,0,,,NULL,84
146138,525,Mangy Wolf,NULL,0,12,92,-9453.75,342.47,53.9667,1.34283,300,12,1,0,0,0,5,6,38,0,0,1,1,1,1,0,0,,,NULL,84
146139,525,Mangy Wolf,NULL,0,12,12,-9445.18,219.428,59.8969,1.85163,300,12,1,0,0,0,5,6,38,0,0,1,1,1,1,0,0,,,NULL,84
146140,525,Mangy Wolf,NULL,0,12,12,-9421.43,254.9,60.3818,4.17331,300,12,1,0,0,0,5,6,38,0,0,1,1,1,1,0,0,,,NULL,84
146141,525,Mangy Wolf,NULL,0,12,12,-9421.38,204.892,60.2005,5.59718,300,12,1,0,0,0,5,6,38,0,0,1,1,1,1,0,0,,,NULL,84
146142,525,Mangy Wolf,NULL,0,12,18,-9413.54,-271.466,66.1527,5.0144,300,12,1,0,0,0,5,6,38,0,0,1,1,1,1,0,0,,,NULL,84
146143,525,Mangy Wolf,NULL,0,12,12,-9413.12,314.717,58.1966,0.210412,300,12,1,0,0,0,5,6,38,0,0,1,1,1,1,0,0,,,NULL,84
146144,525,Mangy Wolf,NULL,0,12,12,-9398.94,227.221,61.199,6.11268,300,12,1,0,0,0,5,6,38,0,0,1,1,1,1,0,0,,,NULL,84
146145,525,Mangy Wolf,NULL,0,12,18,-9398.76,-279.417,61.8386,6.14356,300,0,0,0,0,0,5,6,38,0,0,1,1,1,1,0,0,,,NULL,84
146146,525,Mangy Wolf,NULL,0,12,18,-9396.85,-272.529,61.7762,5.46288,300,0,0,0,0,0,5,6,38,0,0,1,1,1,1,0,0,,,NULL,84
146147,525,Mangy Wolf,NULL,0,12,18,-9389.68,-281.883,62.8372,2.30782,300,5,1,0,0,0,5,6,38,0,0,1,1,1,1,0,0,,,NULL,84
146148,525,Mangy Wolf,NULL,0,12,12,-9384.71,329.697,58.9087,1.58837,300,12,1,0,0,0,5,6,38,0,0,1,1,1,1,0,0,,,NULL,84
146149,525,Mangy Wolf,NULL,0,12,12,-9384.31,281.656,63.4144,3.60383,300,12,1,0,0,0,5,6,38,0,0,1,1,1,1,0,0,,,NULL,84
146150,525,Mangy Wolf,NULL,0,12,12,-9381.95,214.372,61.6634,1.60489,300,12,1,0,0,0,5,6,38,0,0,1,1,1,1,0,0,,,NULL,84
146151,525,Mangy Wolf,NULL,0,12,87,-9381.83,54.2879,60.2901,2.48192,300,5,1,0,0,0,5,6,38,0,0,1,1,1,1,0,0,,,NULL,84
146152,525,Mangy Wolf,NULL,0,12,18,-9373.46,-277.118,65.9218,6.19415,300,12,1,0,0,0,5,6,38,0,0,1,1,1,1,0,0,,,NULL,84
146153,525,Mangy Wolf,NULL,0,12,18,-9372.56,-226.145,65.2696,1.52638,300,12,1,0,0,0,5,6,38,0,0,1,1,1,1,0,0,,,NULL,84
146154,525,Mangy Wolf,NULL,0,12,18,-9361.29,-211.607,65.3738,5.51403,300,12,1,0,0,0,5,6,38,0,0,1,1,1,1,0,0,,,NULL,84
146155,525,Mangy Wolf,NULL,0,12,18,-9360.74,-371.65,65.2415,1.39216,300,12,1,0,0,0,5,6,38,0,0,1,1,1,1,0,0,,,NULL,84
146156,525,Mangy Wolf,NULL,0,12,18,-9358.17,-440.695,65.4934,2.28878,300,12,1,0,0,0,5,6,38,0,0,1,1,1,1,0,0,,,NULL,84
146157,525,Mangy Wolf,NULL,0,12,12,-9353.45,47.6426,61.6227,2.47687,300,12,1,0,0,0,5,6,38,0,0,1,1,1,1,0,0,,,NULL,84
146158,525,Mangy Wolf,NULL,0,12,12,-9352.31,250.176,64.2217,2.88462,300,12,1,0,0,0,5,6,38,0,0,1,1,1,1,0,0,,,NULL,84
146159,525,Mangy Wolf,NULL,0,12,18,-9351.94,-473.906,68.2231,3.79955,300,12,1,0,0,0,5,6,38,0,0,1,1,1,1,0,0,,,NULL,84
146160,525,Mangy Wolf,NULL,0,12,12,-9351.14,314.412,66.1355,0.714388,300,0,0,0,0,0,5,6,38,0,0,1,1,1,1,0,0,,,NULL,84
146161,525,Mangy Wolf,NULL,0,12,18,-9346.54,-185.889,65.259,6.12638,300,12,1,0,0,0,5,6,38,0,0,1,1,1,1,0,0,,,NULL,84
146162,525,Mangy Wolf,NULL,0,12,18,-9341.63,-433.857,67.6602,5.43838,300,12,1,0,0,0,5,6,38,0,0,1,1,1,1,0,0,,,NULL,84
146163,525,Mangy Wolf,NULL,0,12,12,-9341.34,227.452,64.7053,4.75993,300,12,1,0,0,0,5,6,38,0,0,1,1,1,1,0,0,,,NULL,84
146164,525,Mangy Wolf,NULL,0,12,18,-9339.73,-322.563,68.2118,0.0230477,300,12,1,0,0,0,5,6,38,0,0,1,1,1,1,0,0,,,NULL,84
146165,525,Mangy Wolf,NULL,0,12,18,-9326.54,-375.036,67.7026,2.06826,300,12,1,0,0,0,5,6,38,0,0,1,1,1,1,0,0,,,NULL,84
146166,525,Mangy Wolf,NULL,0,12,12,-9323.03,13.3007,62.558,3.65893,300,12,1,0,0,0,5,6,38,0,0,1,1,1,1,0,0,,,NULL,84
146167,525,Mangy Wolf,NULL,0,12,18,-9322.31,-432.491,68.3181,1.13781,300,12,1,0,0,0,5,6,38,0,0,1,1,1,1,0,0,,,NULL,84
146168,525,Mangy Wolf,NULL,0,12,92,-9310.48,352.458,69.6239,1.2367,300,12,1,0,0,0,5,6,38,0,0,1,1,1,1,0,0,,,NULL,84
146169,525,Mangy Wolf,NULL,0,12,18,-9296.02,-426.682,68.4713,6.1598,300,12,1,0,0,0,5,6,38,0,0,1,1,1,1,0,0,,,NULL,84
146170,525,Mangy Wolf,NULL,0,12,18,-9292.01,-188.255,69.2148,5.5739,300,12,1,0,0,0,5,6,38,0,0,1,1,1,1,0,0,,,NULL,84
146171,525,Mangy Wolf,NULL,0,12,12,-9287.16,97.9579,68.306,4.99168,300,5,1,0,0,0,5,6,38,0,0,1,1,1,1,0,0,,,NULL,84
146172,525,Mangy Wolf,NULL,0,12,12,-9283.21,-16.5123,70.4475,2.32306,300,12,1,0,0,0,5,6,38,0,0,1,1,1,1,0,0,,,NULL,84
146173,525,Mangy Wolf,NULL,0,12,12,-9280.17,382.602,77.3608,1.1718,300,12,1,0,0,0,5,6,38,0,0,1,1,1,1,0,0,,,NULL,84
146174,525,Mangy Wolf,NULL,0,12,12,-9248.62,420.089,85.916,3.70228,300,12,1,0,0,0,5,6,38,0,0,1,1,1,1,0,0,,,NULL,84
146175,525,Mangy Wolf,NULL,0,12,12,-9227.56,57.3542,75.1556,1.60844,300,12,1,0,0,0,5,6,38,0,0,1,1,1,1,0,0,,,NULL,84
146176,525,Mangy Wolf,NULL,0,12,12,-9224.54,-58.8325,74.5241,5.50055,300,12,1,0,0,0,5,6,38,0,0,1,1,1,1,0,0,,,NULL,84
146177,822,Young Forest Bear,NULL,0,12,64,-10039.3,59.1992,34.3761,3.27381,300,12,1,0,0,0,8,9,44,0,0,1,4,1,1,0,0,,,NULL,47
146178,822,Young Forest Bear,NULL,0,12,60,-10021.3,651.272,38.0334,0.168679,300,12,1,0,0,0,8,9,44,0,0,1,4,1,1,0,0,,,NULL,47
146179,822,Young Forest Bear,NULL,0,12,57,-10016,193.524,30.2568,3.19633,300,12,1,0,0,0,8,9,44,0,0,1,4,1,1,0,0,,,NULL,47
146180,822,Young Forest Bear,NULL,0,12,57,-9984.6,293.786,34.9955,6.0022,300,12,1,0,0,0,8,9,44,0,0,1,4,1,1,0,0,,,NULL,47
146181,822,Young Forest Bear,NULL,0,12,797,-9938.61,-53.5428,31.5942,2.96296,300,12,1,0,0,0,8,9,44,0,0,1,4,1,1,0,0,,,NULL,47
146182,822,Young Forest Bear,NULL,0,12,798,-9891.6,-1358.51,34.6284,0.141069,300,12,1,0,0,0,8,9,44,0,0,1,4,1,1,0,0,,,NULL,47
146183,822,Young Forest Bear,NULL,0,12,12,-9889.68,-309.722,35.0434,5.19231,300,12,1,0,0,0,8,9,44,0,0,1,4,1,1,0,0,,,NULL,47
146184,822,Young Forest Bear,NULL,0,12,60,-9884.79,647.183,38.1188,1.2509,300,12,1,0,0,0,8,9,44,0,0,1,4,1,1,0,0,,,NULL,47
146185,822,Young Forest Bear,NULL,0,12,12,-9874,-1235.36,30.833,2.4379,300,12,1,0,0,0,8,9,44,0,0,1,4,1,1,0,0,,,NULL,47
146186,822,Young Forest Bear,NULL,0,12,797,-9858.98,-177.504,34.9575,4.16958,300,12,1,0,0,0,8,9,44,0,0,1,4,1,1,0,0,,,NULL,47
146187,822,Young Forest Bear,NULL,0,12,798,-9832.61,-1487.39,38.1083,3.20023,300,12,1,0,0,0,8,9,44,0,0,1,4,1,1,0,0,,,NULL,47
146188,822,Young Forest Bear,NULL,0,12,60,-9828.83,565.341,39.2323,4.95726,300,0,2,0,0,0,8,9,44,0,0,1,4,1,1,0,0,,,11695040,47
146189,822,Young Forest Bear,NULL,0,12,62,-9814.22,-1011.56,38.3764,1.91419,300,12,1,0,0,0,8,9,44,0,0,1,4,1,1,0,0,,,NULL,47
146190,822,Young Forest Bear,NULL,0,12,12,-9806.15,-94.2334,26.4963,2.65612,300,12,1,0,0,0,8,9,44,0,0,1,4,1,1,0,0,,,NULL,47
146191,822,Young Forest Bear,NULL,0,12,12,-9804.58,16.6489,29.6277,1.38221,300,12,1,0,0,0,8,9,44,0,0,1,4,1,1,0,0,,,NULL,47
146192,822,Young Forest Bear,NULL,0,12,12,-9795.99,-511.367,30.7366,2.46069,300,12,1,0,0,0,8,9,44,0,0,1,4,1,1,0,0,,,NULL,47
146193,822,Young Forest Bear,NULL,0,12,12,-9779.82,-674.395,36.72,6.01213,300,12,1,0,0,0,8,9,44,0,0,1,4,1,1,0,0,,,NULL,47
146194,822,Young Forest Bear,NULL,0,12,12,-9777.22,-557.211,34.903,0.388483,300,12,1,0,0,0,8,9,44,0,0,1,4,1,1,0,0,,,NULL,47
146195,822,Young Forest Bear,NULL,0,12,12,-9775.26,-1177.5,37.6249,0.486026,300,12,1,0,0,0,8,9,44,0,0,1,4,1,1,0,0,,,NULL,47
146196,822,Young Forest Bear,NULL,0,12,12,-9772.69,-348.579,52.3068,5.11143,300,12,1,0,0,0,8,9,44,0,0,1,4,1,1,0,0,,,NULL,47
146197,822,Young Forest Bear,NULL,0,12,62,-9765.11,-743.87,40.8411,2.67969,300,12,1,0,0,0,8,9,44,0,0,1,4,1,1,0,0,,,NULL,47
146198,822,Young Forest Bear,NULL,0,12,798,-9756.3,-1463.24,48.0744,3.20774,300,12,1,0,0,0,8,9,44,0,0,1,4,1,1,0,0,,,NULL,47
146199,822,Young Forest Bear,NULL,0,12,798,-9732.36,-1546.38,51.3621,2.67358,300,12,1,0,0,0,8,9,44,0,0,1,4,1,1,0,0,,,NULL,47
146200,822,Young Forest Bear,NULL,0,12,12,-9727.05,-118.181,34.2094,2.98062,300,12,1,0,0,0,8,9,44,0,0,1,4,1,1,0,0,,,NULL,47
146201,822,Young Forest Bear,NULL,0,12,798,-9723.88,-1306.84,49.0854,4.4953,300,12,1,0,0,0,8,9,44,0,0,1,4,1,1,0,0,,,NULL,47
146202,822,Young Forest Bear,NULL,0,12,12,-9723.6,-1126.58,39.3317,5.91448,300,12,1,0,0,0,8,9,44,0,0,1,4,1,1,0,0,,,NULL,47
146203,822,Young Forest Bear,NULL,0,12,12,-9719.67,-687.041,45.4572,4.04894,300,12,1,0,0,0,8,9,44,0,0,1,4,1,1,0,0,,,NULL,47
146204,822,Young Forest Bear,NULL,0,12,12,-9714.27,-468.872,52.7423,4.11415,300,12,1,0,0,0,8,9,44,0,0,1,4,1,1,0,0,,,NULL,47
146205,822,Young Forest Bear,NULL,0,12,12,-9709.07,6.69925,41.2112,0.321622,300,12,1,0,0,0,8,9,44,0,0,1,4,1,1,0,0,,,NULL,47
146206,822,Young Forest Bear,NULL,0,12,120,-9694.1,742.305,30.7926,5.3585,300,12,1,0,0,0,8,9,44,0,0,1,4,1,1,0,0,,,NULL,47
146207,822,Young Forest Bear,NULL,0,12,12,-9693.89,-180.916,45.3172,3.10645,300,12,1,0,0,0,8,9,44,0,0,1,4,1,1,0,0,,,NULL,47
146208,822,Young Forest Bear,NULL,0,12,12,-9691.68,-577.562,49.4728,1.32149,300,12,1,0,0,0,8,9,44,0,0,1,4,1,1,0,0,,,NULL,47
146209,822,Young Forest Bear,NULL,0,12,12,-9687.89,-396.687,52.165,1.0805,300,12,1,0,0,0,8,9,44,0,0,1,4,1,1,0,0,,,NULL,47
146210,822,Young Forest Bear,NULL,0,12,62,-9673.76,-912.58,42.1476,0.673215,300,12,1,0,0,0,8,9,44,0,0,1,4,1,1,0,0,,,NULL,47
146211,822,Young Forest Bear,NULL,0,12,88,-9538.4,-1482.19,60.8306,1.32963,300,12,1,0,0,0,8,9,44,0,0,1,4,1,1,0,0,,,NULL,47
146212,822,Young Forest Bear,NULL,0,12,18,-9505.88,-523.349,63.2914,1.74408,300,12,1,0,0,0,8,9,44,0,0,1,4,1,1,0,0,,,NULL,47
146213,822,Young Forest Bear,NULL,0,12,12,-9505.67,-1041.41,51.9583,1.73725,300,12,1,0,0,0,8,9,44,0,0,1,4,1,1,0,0,,,NULL,47
146214,822,Young Forest Bear,NULL,0,12,91,-9489.08,-838.393,58.7148,3.11474,300,12,1,0,0,0,8,9,44,0,0,1,4,1,1,0,0,,,NULL,47
146215,822,Young Forest Bear,NULL,0,12,88,-9457.35,-1527.93,66.0068,0.724532,300,12,1,0,0,0,8,9,44,0,0,1,4,1,1,0,0,,,NULL,47
146216,822,Young Forest Bear,NULL,0,12,88,-9448.62,-1467.09,61.8477,0,300,12,1,0,0,0,8,9,44,0,0,1,4,1,1,0,0,,,NULL,47
146217,822,Young Forest Bear,NULL,0,12,91,-9438.46,-649.067,65.6182,1.28103,300,12,1,0,0,0,8,9,44,0,0,1,4,1,1,0,0,,,NULL,47
146218,822,Young Forest Bear,NULL,0,12,12,-9430.48,-864.484,61.061,0.601255,300,12,1,0,0,0,8,9,44,0,0,1,4,1,1,0,0,,,NULL,47
146219,822,Young Forest Bear,NULL,0,12,91,-9400.93,-710.529,67.8881,2.80845,300,12,1,0,0,0,8,9,44,0,0,1,4,1,1,0,0,,,NULL,47
146220,822,Young Forest Bear,NULL,0,12,88,-9375.67,-1163.14,64.8257,1.88183,300,12,1,0,0,0,8,9,44,0,0,1,4,1,1,0,0,,,NULL,47
146221,822,Young Forest Bear,NULL,0,12,86,-9364.39,-942.659,65.9065,0.0899527,300,12,1,0,0,0,8,9,44,0,0,1,4,1,1,0,0,,,NULL,47
146222,822,Young Forest Bear,NULL,0,12,86,-9329.21,-1193.55,68.6458,4.87112,300,12,1,0,0,0,8,9,44,0,0,1,4,1,1,0,0,,,NULL,47
146223,822,Young Forest Bear,NULL,0,12,88,-9304.58,-1311.33,68.2795,0.461046,300,12,1,0,0,0,8,9,44,0,0,1,4,1,1,0,0,,,NULL,47
146248,13321,Frog,,0,12,60,-10179.4,661.789,23.5016,1.74324,300,5,1,0,0,0,1,1,188,0,0,8,0,0,1,0,66,,,NULL,234
146249,13321,Frog,,0,12,60,-10171.3,688.43,22.21,2.31192,300,5,1,0,0,0,1,1,188,0,0,8,0,0,1,0,66,,,NULL,234
146259,13321,Frog,,0,12,60,-10139,736.73,22.6411,3.32118,300,5,1,0,0,0,1,1,188,0,0,8,0,0,1,0,66,,,NULL,234
146260,13321,Frog,,0,12,60,-10133.2,738.43,22.708,0.417332,300,5,1,0,0,0,1,1,188,0,0,8,0,0,1,0,66,,,NULL,234
146262,13321,Frog,,0,12,60,-10129.1,741.878,22.8879,0.448851,300,5,1,0,0,0,1,1,188,0,0,8,0,0,1,0,66,,,NULL,234
146270,13321,Frog,,0,12,64,-10113.3,137.213,22.293,5.87983,300,5,1,0,0,0,1,1,188,0,0,8,0,0,1,0,66,,,NULL,234
146274,13321,Frog,,0,12,57,-10110.8,177.481,20.6846,2.35577,300,5,1,0,0,0,1,1,188,0,0,8,0,0,1,0,66,,,NULL,234
146276,13321,Frog,,0,12,57,-10110.3,177.245,20.9898,5.93575,300,5,1,0,0,0,1,1,188,0,0,8,0,0,1,0,66,,,NULL,234
146277,13321,Frog,,0,12,64,-10107.8,105.396,21.899,2.45188,300,5,1,0,0,0,1,1,188,0,0,8,0,0,1,0,66,,,NULL,234
146280,13321,Frog,,0,12,64,-10104.9,37.8936,22.1319,2.99095,300,5,1,0,0,0,1,1,188,0,0,8,0,0,1,0,66,,,NULL,234
146281,13321,Frog,,0,12,57,-10103.1,181.394,22.6091,1.74702,300,5,1,0,0,0,1,1,188,0,0,8,0,0,1,0,66,,,NULL,234
146283,13321,Frog,,0,12,57,-10077.5,227.114,23.124,2.79499,300,5,1,0,0,0,1,1,188,0,0,8,0,0,1,0,66,,,NULL,234
146284,13321,Frog,,0,12,60,-10076.6,727.526,23.5404,4.58842,300,5,1,0,0,0,1,1,188,0,0,8,0,0,1,0,66,,,NULL,234
146286,13321,Frog,,0,12,60,-10073,528.606,23.2899,0.635689,300,5,1,0,0,0,1,1,188,0,0,8,0,0,1,0,66,,,NULL,234
146288,13321,Frog,,0,12,60,-10072.3,721.396,25.5926,4.72423,300,5,1,0,0,0,1,1,188,0,0,8,0,0,1,0,66,,,NULL,234
146293,13321,Frog,,0,12,60,-10069.7,734.285,20.1435,0.890159,300,5,1,0,0,0,1,1,188,0,0,8,0,0,1,0,66,,,NULL,234
146294,13321,Frog,,0,12,60,-10061.5,727.691,23.3908,4.94695,300,5,1,0,0,0,1,1,188,0,0,8,0,0,1,0,66,,,NULL,234
146295,13321,Frog,,0,12,64,-10059.7,-23.8462,22.8856,0.792975,300,5,1,0,0,0,1,1,188,0,0,8,0,0,1,0,66,,,NULL,234
146296,13321,Frog,,0,12,60,-10058.4,522.537,24.2435,0.924881,300,5,1,0,0,0,1,1,188,0,0,8,0,0,1,0,66,,,NULL,234
146297,13321,Frog,,0,12,63,-10054.2,470.834,21.6879,3.8838,300,5,1,0,0,0,1,1,188,0,0,8,0,0,1,0,66,,,NULL,234
146298,13321,Frog,,0,12,60,-10052.6,520.875,25.186,5.53511,300,5,1,0,0,0,1,1,188,0,0,8,0,0,1,0,66,,,NULL,234
146299,13321,Frog,,0,12,63,-10048.7,319.275,23.5266,5.49773,300,5,1,0,0,0,1,1,188,0,0,8,0,0,1,0,66,,,NULL,234
146301,13321,Frog,,0,12,63,-10045.2,326.765,22.924,4.58536,300,5,1,0,0,0,1,1,188,0,0,8,0,0,1,0,66,,,NULL,234
146303,13321,Frog,,0,12,63,-10043.8,397.949,20.9864,4.60281,300,5,1,0,0,0,1,1,188,0,0,8,0,0,1,0,66,,,NULL,234
146304,13321,Frog,,0,12,63,-10043.7,460.932,24.7797,1.23531,300,5,1,0,0,0,1,1,188,0,0,8,0,0,1,0,66,,,NULL,234
146306,13321,Frog,,0,12,63,-10041.2,485.886,25.4258,3.11912,300,5,1,0,0,0,1,1,188,0,0,8,0,0,1,0,66,,,NULL,234
146307,13321,Frog,,0,12,60,-10038.5,726.935,23.3542,4.56925,300,5,1,0,0,0,1,1,188,0,0,8,0,0,1,0,66,,,NULL,234
146308,13321,Frog,,0,12,63,-10038.3,387.717,22.3802,5.98001,300,5,1,0,0,0,1,1,188,0,0,8,0,0,1,0,66,,,NULL,234
146309,13321,Frog,,0,12,63,-10035.5,323.713,26.1879,0.122172,300,5,1,0,0,0,1,1,188,0,0,8,0,0,1,0,66,,,NULL,234
146313,13321,Frog,,0,12,63,-10033.3,491.942,25.9698,0.46388,300,5,1,0,0,0,1,1,188,0,0,8,0,0,1,0,66,,,NULL,234
146317,13321,Frog,,0,12,797,-10026.9,-60.2064,23.1833,1.7276,300,5,1,0,0,0,1,1,188,0,0,8,0,0,1,0,66,,,NULL,234
146318,13321,Frog,,0,12,797,-10021.8,-77.7627,21.5603,6.22259,300,5,1,0,0,0,1,1,188,0,0,8,0,0,1,0,66,,,NULL,234
146319,13321,Frog,,0,12,797,-10021.3,-70.758,22.5553,1.61934,300,5,1,0,0,0,1,1,188,0,0,8,0,0,1,0,66,,,NULL,234
146324,13321,Frog,,0,12,60,-10010.5,522.939,30.3563,2.87523,300,5,1,0,0,0,1,1,188,0,0,8,0,0,1,0,66,,,NULL,234
146327,13321,Frog,,0,12,60,-10003,519.863,29.212,3.67882,300,5,1,0,0,0,1,1,188,0,0,8,0,0,1,0,66,,,NULL,234
146333,13321,Frog,,0,12,12,-9977.63,-1343.85,20.3928,1.64136,300,5,1,0,0,0,1,1,188,0,0,8,0,0,1,0,66,,,NULL,234
146335,13321,Frog,,0,12,60,-9976.34,708.355,24.5913,4.79322,300,5,1,0,0,0,1,1,188,0,0,8,0,0,1,0,66,,,NULL,234
146337,13321,Frog,,0,12,60,-9973.74,711.597,23.52,1.59515,300,5,1,0,0,0,1,1,188,0,0,8,0,0,1,0,66,,,NULL,234
146338,13321,Frog,,0,12,797,-9973.62,-260.114,21.4784,5.60295,300,5,1,0,0,0,1,1,188,0,0,8,0,0,1,0,66,,,NULL,234
146340,13321,Frog,,0,12,12,-9970.9,-1306.12,22.7551,4.23759,300,5,1,0,0,0,1,1,188,0,0,8,0,0,1,0,66,,,NULL,234
146341,13321,Frog,,0,12,797,-9970.7,-265.922,22.1535,0.839288,300,5,1,0,0,0,1,1,188,0,0,8,0,0,1,0,66,,,NULL,234
146342,13321,Frog,,0,12,12,-9969.89,-1379.26,22.8288,4.88729,300,5,1,0,0,0,1,1,188,0,0,8,0,0,1,0,66,,,NULL,234
146343,13321,Frog,,0,12,60,-9968.34,713.191,22.3318,0.810472,300,5,1,0,0,0,1,1,188,0,0,8,0,0,1,0,66,,,NULL,234
146346,13321,Frog,,0,12,797,-9962.67,-169.336,22.2716,1.60789,300,5,1,0,0,0,1,1,188,0,0,8,0,0,1,0,66,,,NULL,234
146351,13321,Frog,,0,12,797,-9956.3,-155.441,22.8718,2.85224,300,5,1,0,0,0,1,1,188,0,0,8,0,0,1,0,66,,,NULL,234
146352,13321,Frog,,0,12,60,-9955.45,702.928,24.4879,2.03226,300,5,1,0,0,0,1,1,188,0,0,8,0,0,1,0,66,,,NULL,234
146356,13321,Frog,,0,12,60,-9945.57,520.419,32.3445,6.21608,300,5,1,0,0,0,1,1,188,0,0,8,0,0,1,0,66,,,NULL,234
146357,13321,Frog,,0,12,62,-9931.9,-1046.53,21.5233,0.00390623,300,5,1,0,0,0,1,1,188,0,0,8,0,0,1,0,66,,,NULL,234
146358,13321,Frog,,0,12,62,-9924.38,-1042.07,22.832,6.20078,300,5,1,0,0,0,1,1,188,0,0,8,0,0,1,0,66,,,NULL,234
146359,13321,Frog,,0,12,62,-9924.25,-1017.16,21.714,4.72606,300,5,1,0,0,0,1,1,188,0,0,8,0,0,1,0,66,,,NULL,234
146360,13321,Frog,,0,12,12,-9921.61,-1178.98,21.1776,3.04101,300,5,1,0,0,0,1,1,188,0,0,8,0,0,1,0,66,,,NULL,234
146361,13321,Frog,,0,12,62,-9919.87,-1018.91,22.7878,6.07851,300,5,1,0,0,0,1,1,188,0,0,8,0,0,1,0,66,,,NULL,234
146363,13321,Frog,,0,12,62,-9917.46,-936.214,23.4987,2.25608,300,5,1,0,0,0,1,1,188,0,0,8,0,0,1,0,66,,,NULL,234
146364,13321,Frog,,0,12,12,-9914.63,-1193.74,23.8409,6.0404,300,5,1,0,0,0,1,1,188,0,0,8,0,0,1,0,66,,,NULL,234
146365,13321,Frog,,0,12,62,-9911.83,-906.269,23.8517,2.98237,300,5,1,0,0,0,1,1,188,0,0,8,0,0,1,0,66,,,NULL,234
146366,13321,Frog,,0,12,63,-9896.59,524.074,29.0539,1.71271,300,5,1,0,0,0,1,1,188,0,0,8,0,0,1,0,66,,,NULL,234
146367,13321,Frog,,0,12,62,-9895.91,-799.737,23.6802,1.58423,300,5,1,0,0,0,1,1,188,0,0,8,0,0,1,0,66,,,NULL,234
146368,13321,Frog,,0,12,63,-9895.45,519.918,29.9574,2.25482,300,5,1,0,0,0,1,1,188,0,0,8,0,0,1,0,66,,,NULL,234
146369,13321,Frog,,0,12,62,-9888.29,-736.483,20.4461,3.38212,300,5,1,0,0,0,1,1,188,0,0,8,0,0,1,0,66,,,NULL,234
146370,13321,Frog,,0,12,63,-9887.46,514.667,32.1864,0.535859,300,5,1,0,0,0,1,1,188,0,0,8,0,0,1,0,66,,,NULL,234
146371,13321,Frog,,0,12,62,-9881.04,-735.487,22.4051,5.68639,300,5,1,0,0,0,1,1,188,0,0,8,0,0,1,0,66,,,NULL,234
146377,13321,Frog,,0,12,62,-9872.36,-704.013,22.0085,3.12579,300,5,1,0,0,0,1,1,188,0,0,8,0,0,1,0,66,,,NULL,234
146379,13321,Frog,,0,12,62,-9869.35,-702.19,23.4035,6.01642,300,5,1,0,0,0,1,1,188,0,0,8,0,0,1,0,66,,,NULL,234
146380,13321,Frog,,0,12,60,-9867.26,737.776,22.1632,6.25,300,5,1,0,0,0,1,1,188,0,0,8,0,0,1,0,66,,,NULL,234
146386,13321,Frog,,0,12,12,-9854.49,-1078.26,29.0517,0.330403,300,5,1,0,0,0,1,1,188,0,0,8,0,0,1,0,66,,,NULL,234
146387,13321,Frog,,0,12,60,-9853.81,748.564,22.8348,4.77298,300,5,1,0,0,0,1,1,188,0,0,8,0,0,1,0,66,,,NULL,234
146389,13321,Frog,,0,12,12,-9843.5,-610.23,21.8068,3.67431,300,5,1,0,0,0,1,1,188,0,0,8,0,0,1,0,66,,,NULL,234
146390,13321,Frog,,0,12,12,-9842.95,-623.678,22.6535,3.73231,300,5,1,0,0,0,1,1,188,0,0,8,0,0,1,0,66,,,NULL,234
146391,13321,Frog,,0,12,12,-9839.65,-1082.21,29.2203,3.20178,300,5,1,0,0,0,1,1,188,0,0,8,0,0,1,0,66,,,NULL,234
146392,13321,Frog,,0,12,12,-9838.43,-1140.81,25.6999,2.6629,300,5,1,0,0,0,1,1,188,0,0,8,0,0,1,0,66,,,NULL,234
146393,13321,Frog,,0,12,12,-9837.4,-1141.87,26.0886,2.31334,300,5,1,0,0,0,1,1,188,0,0,8,0,0,1,0,66,,,NULL,234
146394,13321,Frog,,0,12,60,-9827.06,535.943,33.7946,2.14401,300,5,1,0,0,0,1,1,188,0,0,8,0,0,1,0,66,,,NULL,234
146395,13321,Frog,,0,12,63,-9808.43,512.541,31.8245,3.05164,300,5,1,0,0,0,1,1,188,0,0,8,0,0,1,0,66,,,NULL,234
146396,13321,Frog,,0,12,60,-9792.32,540.581,32.0123,0.624406,300,5,1,0,0,0,1,1,188,0,0,8,0,0,1,0,66,,,NULL,234
146397,13321,Frog,,0,12,12,-9778.15,-1090.43,34.6773,4.92594,300,5,1,0,0,0,1,1,188,0,0,8,0,0,1,0,66,,,NULL,234
146398,13321,Frog,,0,12,12,-9777.43,-1090.56,34.7473,3.69733,300,5,1,0,0,0,1,1,188,0,0,8,0,0,1,0,66,,,NULL,234
146399,13321,Frog,,0,12,12,-9756.13,-1057.57,34.6251,2.78007,300,5,1,0,0,0,1,1,188,0,0,8,0,0,1,0,66,,,NULL,234
146400,13321,Frog,,0,12,12,-9746.48,-1052.05,35.152,0.195636,300,5,1,0,0,0,1,1,188,0,0,8,0,0,1,0,66,,,NULL,234
146401,13321,Frog,,0,12,12,-9727.04,517.309,33.5766,6.00837,300,5,1,0,0,0,1,1,188,0,0,8,0,0,1,0,66,,,NULL,234
146402,13321,Frog,,0,12,60,-9723,821.254,25.5188,1.31011,300,5,1,0,0,0,1,1,188,0,0,8,0,0,1,0,66,,,NULL,234
146403,13321,Frog,,0,12,60,-9719.72,822.584,24.7594,2.49176,300,5,1,0,0,0,1,1,188,0,0,8,0,0,1,0,66,,,NULL,234
146407,13321,Frog,,0,12,12,-9711.63,522.461,33.7929,1.93875,300,5,1,0,0,0,1,1,188,0,0,8,0,0,1,0,66,,,NULL,234
146410,13321,Frog,,0,12,12,-9701.15,504.432,34.5185,6.07468,300,5,1,0,0,0,1,1,188,0,0,8,0,0,1,0,66,,,NULL,234
146411,13321,Frog,,0,12,60,-9693.07,833.753,22.7747,1.79366,300,5,1,0,0,0,1,1,188,0,0,8,0,0,1,0,66,,,NULL,234
146412,13321,Frog,,0,12,12,-9692.42,489.637,34.8028,4.40259,300,5,1,0,0,0,1,1,188,0,0,8,0,0,1,0,66,,,NULL,234
146413,13321,Frog,,0,12,12,-9681.91,444.53,35.1353,4.12917,300,5,1,0,0,0,1,1,188,0,0,8,0,0,1,0,66,,,NULL,234
146414,13321,Frog,,0,12,12,-9678.91,449.361,33.7091,1.86064,300,5,1,0,0,0,1,1,188,0,0,8,0,0,1,0,66,,,NULL,234
146415,13321,Frog,,0,12,12,-9675.11,-1008.19,41.0542,1.50241,300,5,1,0,0,0,1,1,188,0,0,8,0,0,1,0,66,,,NULL,234
146416,13321,Frog,,0,12,12,-9671.97,-1013.21,39.3042,5.38987,300,5,1,0,0,0,1,1,188,0,0,8,0,0,1,0,66,,,NULL,234
146417,13321,Frog,,0,12,12,-9654.21,-1018.99,39.9038,5.98684,300,5,1,0,0,0,1,1,188,0,0,8,0,0,1,0,66,,,NULL,234
146418,13321,Frog,,0,12,12,-9641.59,-1046.92,38.5028,4.69568,300,5,1,0,0,0,1,1,188,0,0,8,0,0,1,0,66,,,NULL,234
146419,13321,Frog,,0,12,12,-9639.12,-1045,37.6808,0.859022,300,5,1,0,0,0,1,1,188,0,0,8,0,0,1,0,66,,,NULL,234
146420,13321,Frog,,0,12,12,-9629.32,-1053.55,38.068,1.57652,300,5,1,0,0,0,1,1,188,0,0,8,0,0,1,0,66,,,NULL,234
146421,13321,Frog,,0,12,12,-9628.75,-1055.02,38.3011,6.09235,300,5,1,0,0,0,1,1,188,0,0,8,0,0,1,0,66,,,NULL,234
146422,13321,Frog,,0,12,60,-9613.74,830.721,23.8382,4.1822,300,5,1,0,0,0,1,1,188,0,0,8,0,0,1,0,66,,,NULL,234
146423,13321,Frog,,0,12,12,-9612.51,430.259,35.4031,0.584698,300,5,1,0,0,0,1,1,188,0,0,8,0,0,1,0,66,,,NULL,234
146424,13321,Frog,,0,12,12,-9606.33,423.428,34.4398,1.16553,300,5,1,0,0,0,1,1,188,0,0,8,0,0,1,0,66,,,NULL,234
146425,13321,Frog,,0,12,12,-9596.6,-1053.95,38.8206,5.36656,300,5,1,0,0,0,1,1,188,0,0,8,0,0,1,0,66,,,NULL,234
146426,13321,Frog,,0,12,12,-9552.41,362.877,48.7527,4.08216,300,5,1,0,0,0,1,1,188,0,0,8,0,0,1,0,66,,,NULL,234
146427,13321,Frog,,0,12,18,-9536.02,-336.331,59.0943,0.759101,300,5,1,0,0,0,1,1,188,0,0,8,0,0,1,0,66,,,NULL,234
146428,13321,Frog,,0,12,18,-9535.54,-413.298,60.261,6.19028,300,5,1,0,0,0,1,1,188,0,0,8,0,0,1,0,66,,,NULL,234
146429,13321,Frog,,0,12,18,-9533.98,-338.001,59.0066,3.08295,300,5,1,0,0,0,1,1,188,0,0,8,0,0,1,0,66,,,NULL,234
146430,13321,Frog,,0,12,18,-9533.62,-246.044,59.036,3.32752,300,5,1,0,0,0,1,1,188,0,0,8,0,0,1,0,66,,,NULL,234
146431,13321,Frog,,0,12,18,-9528.65,-269.575,59.0154,3.84133,300,5,1,0,0,0,1,1,188,0,0,8,0,0,1,0,66,,,NULL,234
146432,13321,Frog,,0,12,18,-9526.96,-371.611,59.8135,1.56298,300,5,1,0,0,0,1,1,188,0,0,8,0,0,1,0,66,,,NULL,234
146433,13321,Frog,,0,12,18,-9523.12,-356.14,58.0034,0.773515,300,5,1,0,0,0,1,1,188,0,0,8,0,0,1,0,66,,,NULL,234
146434,13321,Frog,,0,12,88,-9522.58,-1142.19,46.379,4.82197,300,5,1,0,0,0,1,1,188,0,0,8,0,0,1,0,66,,,NULL,234
146435,13321,Frog,,0,12,89,-9521.82,376.123,49.3892,6.00579,300,5,1,0,0,0,1,1,188,0,0,8,0,0,1,0,66,,,NULL,234
146436,13321,Frog,,0,12,18,-9519.8,-439.581,57.7454,1.29699,300,5,1,0,0,0,1,1,188,0,0,8,0,0,1,0,66,,,NULL,234
146437,13321,Frog,,0,12,18,-9518.16,-177.134,58.4583,0.178631,300,5,1,0,0,0,1,1,188,0,0,8,0,0,1,0,66,,,NULL,234
146438,13321,Frog,,0,12,18,-9514.17,-161.117,59.1177,2.42922,300,5,1,0,0,0,1,1,188,0,0,8,0,0,1,0,66,,,NULL,234
146439,13321,Frog,,0,12,18,-9512.83,-456.804,58.308,1.48274,300,5,1,0,0,0,1,1,188,0,0,8,0,0,1,0,66,,,NULL,234
146440,13321,Frog,,0,12,18,-9494.49,-217.977,58.0518,2.70978,300,5,1,0,0,0,1,1,188,0,0,8,0,0,1,0,66,,,NULL,234
146441,13321,Frog,,0,12,18,-9493.08,-429.037,59.3161,0.391305,300,5,1,0,0,0,1,1,188,0,0,8,0,0,1,0,66,,,NULL,234
146442,13321,Frog,,0,12,18,-9492.71,-225,58.3165,5.3001,300,5,1,0,0,0,1,1,188,0,0,8,0,0,1,0,66,,,NULL,234
146443,13321,Frog,,0,12,18,-9492.71,-118.551,58.0008,5.87983,300,5,1,0,0,0,1,1,188,0,0,8,0,0,1,0,66,,,NULL,234
146444,13321,Frog,,0,12,18,-9481.54,-206.474,57.2889,3.57834,300,5,1,0,0,0,1,1,188,0,0,8,0,0,1,0,66,,,NULL,234
146445,13321,Frog,,0,12,18,-9479.17,-229.166,57.004,4.9478,300,5,1,0,0,0,1,1,188,0,0,8,0,0,1,0,66,,,NULL,234
146446,13321,Frog,,0,12,18,-9475.85,-163.529,58.1031,3.26177,300,5,1,0,0,0,1,1,188,0,0,8,0,0,1,0,66,,,NULL,234
146447,13321,Frog,,0,12,18,-9475.85,-94.3602,58.1608,0.124581,300,5,1,0,0,0,1,1,188,0,0,8,0,0,1,0,66,,,NULL,234
146448,13321,Frog,,0,12,18,-9475.68,-411.548,58.0112,0.912837,300,5,1,0,0,0,1,1,188,0,0,8,0,0,1,0,66,,,NULL,234
146449,13321,Frog,,0,12,18,-9468.75,-339.584,59.1471,3.56016,300,5,1,0,0,0,1,1,188,0,0,8,0,0,1,0,66,,,NULL,234
146450,13321,Frog,,0,12,18,-9465.83,-85.9938,57.5562,0.0566907,300,5,1,0,0,0,1,1,188,0,0,8,0,0,1,0,66,,,NULL,234
146451,13321,Frog,,0,12,18,-9462.44,-335.919,58.7448,1.55394,300,5,1,0,0,0,1,1,188,0,0,8,0,0,1,0,66,,,NULL,234
146452,13321,Frog,,0,12,18,-9461.58,-155.718,59.3791,6.27256,300,5,1,0,0,0,1,1,188,0,0,8,0,0,1,0,66,,,NULL,234
146453,13321,Frog,,0,12,92,-9460.63,385.14,48.6715,2.02134,300,5,1,0,0,0,1,1,188,0,0,8,0,0,1,0,66,,,NULL,234
146454,13321,Frog,,0,12,12,-9460.11,-1119.44,51.7104,0.161478,300,5,1,0,0,0,1,1,188,0,0,8,0,0,1,0,66,,,NULL,234
146455,13321,Frog,,0,12,18,-9459.3,-342.762,59.3046,5.03525,300,5,1,0,0,0,1,1,188,0,0,8,0,0,1,0,66,,,NULL,234
146456,13321,Frog,,0,12,18,-9457.83,-287.758,58.5969,3.13076,300,5,1,0,0,0,1,1,188,0,0,8,0,0,1,0,66,,,NULL,234
146457,13321,Frog,,0,12,12,-9454.3,-1077.44,52.218,0.306045,300,5,1,0,0,0,1,1,188,0,0,8,0,0,1,0,66,,,NULL,234
146458,13321,Frog,,0,12,92,-9451.25,375.062,48.9971,2.46685,300,5,1,0,0,0,1,1,188,0,0,8,0,0,1,0,66,,,NULL,234
146459,13321,Frog,,0,12,18,-9449.69,-463.138,57.6431,6.20097,300,5,1,0,0,0,1,1,188,0,0,8,0,0,1,0,66,,,NULL,234
146460,13321,Frog,,0,12,92,-9448.96,409.131,50.5611,0.807494,300,5,1,0,0,0,1,1,188,0,0,8,0,0,1,0,66,,,NULL,234
146461,13321,Frog,,0,12,92,-9444.38,415.535,49.0359,1.04708,300,5,1,0,0,0,1,1,188,0,0,8,0,0,1,0,66,,,NULL,234
146462,13321,Frog,,0,12,18,-9444.23,-461.203,57.5271,0.608301,300,5,1,0,0,0,1,1,188,0,0,8,0,0,1,0,66,,,NULL,234
146463,13321,Frog,,0,12,18,-9444.03,-293.988,58.0803,3.86336,300,5,1,0,0,0,1,1,188,0,0,8,0,0,1,0,66,,,NULL,234
146464,13321,Frog,,0,12,18,-9438.07,-456.097,58.1118,1.08248,300,5,1,0,0,0,1,1,188,0,0,8,0,0,1,0,66,,,NULL,234
146465,13321,Frog,,0,12,18,-9426.42,-217.989,58.3891,2.57906,300,5,1,0,0,0,1,1,188,0,0,8,0,0,1,0,66,,,NULL,234
146466,13321,Frog,,0,12,92,-9425.41,391.371,48.4771,2.18352,300,5,1,0,0,0,1,1,188,0,0,8,0,0,1,0,66,,,NULL,234
146467,13321,Frog,,0,12,18,-9423.79,-300.069,59.1816,4.9872,300,5,1,0,0,0,1,1,188,0,0,8,0,0,1,0,66,,,NULL,234
146468,13321,Frog,,0,12,18,-9419.27,-315,58.5281,5.23214,300,5,1,0,0,0,1,1,188,0,0,8,0,0,1,0,66,,,NULL,234
146469,13321,Frog,,0,12,92,-9415.91,469.066,48.8988,0.518908,300,5,1,0,0,0,1,1,188,0,0,8,0,0,1,0,66,,,NULL,234
146470,13321,Frog,,0,12,92,-9415.41,377.179,48.4712,6.16562,300,5,1,0,0,0,1,1,188,0,0,8,0,0,1,0,66,,,NULL,234
146471,13321,Frog,,0,12,18,-9412.77,-429.964,58.3274,1.79105,300,5,1,0,0,0,1,1,188,0,0,8,0,0,1,0,66,,,NULL,234
146472,13321,Frog,,0,12,18,-9409.93,-207.358,58.6174,2.4336,300,5,1,0,0,0,1,1,188,0,0,8,0,0,1,0,66,,,NULL,234
146473,13321,Frog,,0,12,18,-9409.67,-443.918,59.1567,5.66824,300,5,1,0,0,0,1,1,188,0,0,8,0,0,1,0,66,,,NULL,234
146474,13321,Frog,,0,12,18,-9409.11,-111.216,58.5717,0.518059,300,5,1,0,0,0,1,1,188,0,0,8,0,0,1,0,66,,,NULL,234
146475,13321,Frog,,0,12,18,-9408.85,-388.159,58.8317,5.47569,300,5,1,0,0,0,1,1,188,0,0,8,0,0,1,0,66,,,NULL,234
146476,13321,Frog,,0,12,18,-9405.46,-369.149,58.6507,3.98459,300,5,1,0,0,0,1,1,188,0,0,8,0,0,1,0,66,,,NULL,234
146477,13321,Frog,,0,12,18,-9399.08,-343.967,58.0155,2.73058,300,5,1,0,0,0,1,1,188,0,0,8,0,0,1,0,66,,,NULL,234
146478,13321,Frog,,0,12,18,-9398.22,-179.198,58.6063,3.17361,300,5,1,0,0,0,1,1,188,0,0,8,0,0,1,0,66,,,NULL,234
146479,13321,Frog,,0,12,18,-9396,-146.131,58.273,1.49258,300,5,1,0,0,0,1,1,188,0,0,8,0,0,1,0,66,,,NULL,234
146480,13321,Frog,,0,12,18,-9394.03,-359.191,58.4479,2.54033,300,5,1,0,0,0,1,1,188,0,0,8,0,0,1,0,66,,,NULL,234
146481,13321,Frog,,0,12,86,-9392.09,-1047.87,61.4399,4.58918,300,5,1,0,0,0,1,1,188,0,0,8,0,0,1,0,66,,,NULL,234
146482,13321,Frog,,0,12,18,-9389.68,-368.605,60.442,4.8519,300,5,1,0,0,0,1,1,188,0,0,8,0,0,1,0,66,,,NULL,234
146483,13321,Frog,,0,12,86,-9374.25,-1073.46,60.5903,2.5574,300,5,1,0,0,0,1,1,188,0,0,8,0,0,1,0,66,,,NULL,234
146484,13321,Frog,,0,12,92,-9360.35,451.583,48.6434,0.574504,300,5,1,0,0,0,1,1,188,0,0,8,0,0,1,0,66,,,NULL,234
146485,13321,Frog,,0,12,92,-9360,443.237,49.3389,5.81881,300,5,1,0,0,0,1,1,188,0,0,8,0,0,1,0,66,,,NULL,234
146486,13321,Frog,,0,12,86,-9358.24,-1096.31,61.5457,0.996269,300,5,1,0,0,0,1,1,188,0,0,8,0,0,1,0,66,,,NULL,234
146487,13321,Frog,,0,12,18,-9347.75,-117.694,58.5947,4.19347,300,5,1,0,0,0,1,1,188,0,0,8,0,0,1,0,66,,,NULL,234
146488,13321,Frog,,0,12,18,-9345.76,-123.354,57.5249,5.0739,300,5,1,0,0,0,1,1,188,0,0,8,0,0,1,0,66,,,NULL,234
146489,13321,Frog,,0,12,18,-9345.67,-123.361,57.5719,1.8314,300,5,1,0,0,0,1,1,188,0,0,8,0,0,1,0,66,,,NULL,234
146490,13321,Frog,,0,12,86,-9332.22,-998.458,66.2117,2.55726,300,5,1,0,0,0,1,1,188,0,0,8,0,0,1,0,66,,,NULL,234
146491,13321,Frog,,0,12,86,-9331.83,-997.834,66.1651,1.16527,300,5,1,0,0,0,1,1,188,0,0,8,0,0,1,0,66,,,NULL,234
146492,13321,Frog,,0,12,86,-9330.74,-998.316,65.9085,1.66998,300,5,1,0,0,0,1,1,188,0,0,8,0,0,1,0,66,,,NULL,234
146493,13321,Frog,,0,12,86,-9329.62,-997.236,65.7825,2.80934,300,5,1,0,0,0,1,1,188,0,0,8,0,0,1,0,66,,,NULL,234
146494,13321,Frog,,0,12,86,-9329.14,-999.438,65.5186,2.37277,300,5,1,0,0,0,1,1,188,0,0,8,0,0,1,0,66,,,NULL,234
146495,13321,Frog,,0,12,86,-9323.69,-974.503,66.4373,1.93052,300,5,1,0,0,0,1,1,188,0,0,8,0,0,1,0,66,,,NULL,234
146496,13321,Frog,,0,12,86,-9320.51,-963.298,65.8347,6.04247,300,5,1,0,0,0,1,1,188,0,0,8,0,0,1,0,66,,,NULL,234
146497,13321,Frog,,0,12,86,-9319.87,-1047.23,66.2699,4.39632,300,5,1,0,0,0,1,1,188,0,0,8,0,0,1,0,66,,,NULL,234
146498,13321,Frog,,0,12,86,-9317.57,-1057.76,67.2823,0.376152,300,5,1,0,0,0,1,1,188,0,0,8,0,0,1,0,66,,,NULL,234
146499,13321,Frog,,0,12,86,-9314.76,-929.38,66.7458,2.99928,300,5,1,0,0,0,1,1,188,0,0,8,0,0,1,0,66,,,NULL,234
146500,13321,Frog,,0,12,86,-9308.53,-927.486,66.1377,0.364218,300,5,1,0,0,0,1,1,188,0,0,8,0,0,1,0,66,,,NULL,234
146501,13321,Frog,,0,12,86,-9300.15,-1104.91,65.6018,1.15643,300,5,1,0,0,0,1,1,188,0,0,8,0,0,1,0,66,,,NULL,234
146502,13321,Frog,,0,12,86,-9296.45,-1112.76,66.4963,4.4347,300,5,1,0,0,0,1,1,188,0,0,8,0,0,1,0,66,,,NULL,234
146503,13321,Frog,,0,12,86,-9293.52,-1117.44,66.0136,5.96179,300,5,1,0,0,0,1,1,188,0,0,8,0,0,1,0,66,,,NULL,234
146504,13321,Frog,,0,12,86,-9271.72,-978.221,66.427,1.83368,300,5,1,0,0,0,1,1,188,0,0,8,0,0,1,0,66,,,NULL,234
146505,13321,Frog,,0,12,86,-9265.84,-967.574,67.3749,0.828171,300,5,1,0,0,0,1,1,188,0,0,8,0,0,1,0,66,,,NULL,234
146506,13321,Frog,,0,12,86,-9263.37,-886.13,67.0903,3.01171,300,5,1,0,0,0,1,1,188,0,0,8,0,0,1,0,66,,,NULL,234
146507,13321,Frog,,0,12,86,-9261.5,-895.307,65.8283,1.21336,300,5,1,0,0,0,1,1,188,0,0,8,0,0,1,0,66,,,NULL,234
146508,13321,Frog,,0,12,86,-9260.46,-1045.75,67.091,1.31852,300,5,1,0,0,0,1,1,188,0,0,8,0,0,1,0,66,,,NULL,234
146509,13321,Frog,,0,12,86,-9259.29,-893.898,65.6079,0.465359,300,5,1,0,0,0,1,1,188,0,0,8,0,0,1,0,66,,,NULL,234
146510,13321,Frog,,0,12,86,-9256.91,-1053.14,66.8315,1.95689,300,5,1,0,0,0,1,1,188,0,0,8,0,0,1,0,66,,,NULL,234
146511,13321,Frog,,0,12,86,-9253.94,-886.191,65.8911,0.801648,300,5,1,0,0,0,1,1,188,0,0,8,0,0,1,0,66,,,NULL,234
146512,13321,Frog,,0,12,12,-9251.92,-159.685,66.5258,4.6166,300,5,1,0,0,0,1,1,188,0,0,8,0,0,1,0,66,,,NULL,234
146513,13321,Frog,,0,12,86,-9229.29,-959.143,65.9923,0.374967,300,5,1,0,0,0,1,1,188,0,0,8,0,0,1,0,66,,,NULL,234
146514,13321,Frog,,0,12,86,-9226.93,-883.714,65.3667,4.32826,300,5,1,0,0,0,1,1,188,0,0,8,0,0,1,0,66,,,NULL,234
146515,13321,Frog,,0,12,86,-9225.43,-876.514,66.3326,1.3459,300,5,1,0,0,0,1,1,188,0,0,8,0,0,1,0,66,,,NULL,234
146516,13321,Frog,,0,12,86,-9220.2,-1120.37,67.0141,4.17566,300,5,1,0,0,0,1,1,188,0,0,8,0,0,1,0,66,,,NULL,234
146517,13321,Frog,,0,12,12,-9193.55,-149.964,67.7569,1.74558,300,5,1,0,0,0,1,1,188,0,0,8,0,0,1,0,66,,,NULL,234
146518,13321,Frog,,0,12,86,-9192.92,-871.99,68.8878,2.3161,300,5,1,0,0,0,1,1,188,0,0,8,0,0,1,0,66,,,NULL,234
146519,13321,Frog,,0,12,86,-9191.31,-877.51,66.9303,0.212732,300,5,1,0,0,0,1,1,188,0,0,8,0,0,1,0,66,,,NULL,234
146520,13321,Frog,,0,12,86,-9185.58,-1217.81,68.965,3.89008,300,5,1,0,0,0,1,1,188,0,0,8,0,0,1,0,66,,,NULL,234
146521,13321,Frog,,0,12,86,-9178.32,-1211.62,65.873,5.92652,300,5,1,0,0,0,1,1,188,0,0,8,0,0,1,0,66,,,NULL,234
146522,13321,Frog,,0,12,86,-9177.28,-1221.55,69.6628,3.08255,300,5,1,0,0,0,1,1,188,0,0,8,0,0,1,0,66,,,NULL,234
146523,13321,Frog,,0,12,86,-9175.63,-1145,66.8121,0.91874,300,5,1,0,0,0,1,1,188,0,0,8,0,0,1,0,66,,,NULL,234
146524,13321,Frog,,0,12,86,-9174.94,-1224.57,70.2931,4.32826,300,5,1,0,0,0,1,1,188,0,0,8,0,0,1,0,66,,,NULL,234
146525,13321,Frog,,0,12,12,-9172.57,-176.325,69.9567,3.54482,300,5,1,0,0,0,1,1,188,0,0,8,0,0,1,0,66,,,NULL,234
146526,13321,Frog,,0,12,86,-9169.43,-1211.17,64.9181,1.25707,300,5,1,0,0,0,1,1,188,0,0,8,0,0,1,0,66,,,NULL,234
146527,13321,Frog,,0,12,86,-9161.56,-939.146,68.8654,5.96761,300,5,1,0,0,0,1,1,188,0,0,8,0,0,1,0,66,,,NULL,234
146528,13321,Frog,,0,12,86,-9153.5,-931.07,67.7577,5.63517,300,5,1,0,0,0,1,1,188,0,0,8,0,0,1,0,66,,,NULL,234
146529,13321,Frog,,0,12,12,-9148.26,-176.001,70.3577,3.6358,300,5,1,0,0,0,1,1,188,0,0,8,0,0,1,0,66,,,NULL,234
146530,13321,Frog,,0,12,12,-9143.22,-157.388,70.5715,0.512602,300,5,1,0,0,0,1,1,188,0,0,8,0,0,1,0,66,,,NULL,234
146531,13321,Frog,,0,12,86,-9111.19,-1170.1,65.8559,6.14881,300,5,1,0,0,0,1,1,188,0,0,8,0,0,1,0,66,,,NULL,234
146532,13321,Frog,,0,12,86,-9110.74,-1225.81,67.3389,4.86533,300,5,1,0,0,0,1,1,188,0,0,8,0,0,1,0,66,,,NULL,234
146533,13321,Frog,,0,12,86,-9101.76,-1222.63,66.3829,3.61017,300,5,1,0,0,0,1,1,188,0,0,8,0,0,1,0,66,,,NULL,234
146534,13321,Frog,,0,12,86,-9091.71,-919.654,67.609,1.39462,300,5,1,0,0,0,1,1,188,0,0,8,0,0,1,0,66,,,NULL,234
146535,13321,Frog,,0,12,86,-9090.51,-856.933,66.1462,1.76934,300,5,1,0,0,0,1,1,188,0,0,8,0,0,1,0,66,,,NULL,234
146536,13321,Frog,,0,12,86,-9085.97,-1224.52,68.3718,3.87034,300,5,1,0,0,0,1,1,188,0,0,8,0,0,1,0,66,,,NULL,234
146537,13321,Frog,,0,12,86,-9081.29,-913.331,67.8886,6.01383,300,5,1,0,0,0,1,1,188,0,0,8,0,0,1,0,66,,,NULL,234
146538,13321,Frog,,0,12,86,-9080.82,-851.753,66.8298,2.2303,300,5,1,0,0,0,1,1,188,0,0,8,0,0,1,0,66,,,NULL,234
146539,13321,Frog,,0,12,86,-9078.14,-1158.32,66.5072,6.02084,300,5,1,0,0,0,1,1,188,0,0,8,0,0,1,0,66,,,NULL,234
146540,13321,Frog,,0,12,86,-9050.35,-857.863,65.9536,4.03216,300,5,1,0,0,0,1,1,188,0,0,8,0,0,1,0,66,,,NULL,234
146541,13321,Frog,,0,12,86,-9046.84,-1158.36,66.0026,1.33496,300,5,1,0,0,0,1,1,188,0,0,8,0,0,1,0,66,,,NULL,234
146542,13321,Frog,,0,12,86,-9044.64,-1152.33,65.9267,2.84675,300,5,1,0,0,0,1,1,188,0,0,8,0,0,1,0,66,,,NULL,234
146543,13321,Frog,,0,12,86,-9029.6,-929.342,65.0926,4.94295,300,5,1,0,0,0,1,1,188,0,0,8,0,0,1,0,66,,,NULL,234
146544,13321,Frog,,0,12,86,-9029.21,-929.548,65.2498,1.45841,300,5,1,0,0,0,1,1,188,0,0,8,0,0,1,0,66,,,NULL,234
146545,13321,Frog,,0,12,86,-9025.3,-1126.71,66.0787,4.55224,300,5,1,0,0,0,1,1,188,0,0,8,0,0,1,0,66,,,NULL,234
146546,13321,Frog,,0,12,86,-9024.11,-939.8,66.0773,1.0814,300,5,1,0,0,0,1,1,188,0,0,8,0,0,1,0,66,,,NULL,234
146547,13321,Frog,,0,12,86,-9004.76,-1070.99,66.2936,3.35234,300,5,1,0,0,0,1,1,188,0,0,8,0,0,1,0,66,,,NULL,234
146548,13321,Frog,,0,12,86,-8998.37,-1187.41,67.1836,1.74558,300,5,1,0,0,0,1,1,188,0,0,8,0,0,1,0,66,,,NULL,234
146549,13321,Frog,,0,12,86,-8993.41,-1006.83,65.6082,3.48878,300,5,1,0,0,0,1,1,188,0,0,8,0,0,1,0,66,,,NULL,234
146550,13321,Frog,,0,12,86,-8983.21,-995.818,65.5227,5.3594,300,5,1,0,0,0,1,1,188,0,0,8,0,0,1,0,66,,,NULL,234
146551,13321,Frog,,0,12,86,-8981.76,-998.165,65.1716,4.45734,300,5,1,0,0,0,1,1,188,0,0,8,0,0,1,0,66,,,NULL,234
146552,13321,Frog,,0,12,86,-8981.62,-893.312,65.998,2.3625,300,5,1,0,0,0,1,1,188,0,0,8,0,0,1,0,66,,,NULL,234
146553,13321,Frog,,0,12,86,-8981.6,-993.074,65.5234,6.14599,300,5,1,0,0,0,1,1,188,0,0,8,0,0,1,0,66,,,NULL,234
146554,13321,Frog,,0,12,86,-8971.38,-896.582,65.8381,5.47131,300,5,1,0,0,0,1,1,188,0,0,8,0,0,1,0,66,,,NULL,234
146555,13321,Frog,,0,12,86,-8953.62,-912.39,66.061,5.38042,300,5,1,0,0,0,1,1,188,0,0,8,0,0,1,0,66,,,NULL,234
146556,13321,Frog,,0,12,86,-8946.54,-1122.54,65.8173,1.1403,300,5,1,0,0,0,1,1,188,0,0,8,0,0,1,0,66,,,NULL,234
146557,13321,Frog,,0,12,86,-8935.95,-946.165,66.7346,3.25923,300,5,1,0,0,0,1,1,188,0,0,8,0,0,1,0,66,,,NULL,234
146558,13321,Frog,,0,12,86,-8922.01,-1087.52,66.4777,1.50055,300,5,1,0,0,0,1,1,188,0,0,8,0,0,1,0,66,,,NULL,234
146559,13321,Frog,,0,12,86,-8915.09,-957.155,65.8195,2.66921,300,5,1,0,0,0,1,1,188,0,0,8,0,0,1,0,66,,,NULL,234
146560,13321,Frog,,0,12,86,-8912.92,-1054.06,65.9984,1.81674,300,5,1,0,0,0,1,1,188,0,0,8,0,0,1,0,66,,,NULL,234
146561,13321,Frog,,0,12,86,-8905.81,-1005.23,66.4228,1.61101,300,5,1,0,0,0,1,1,188,0,0,8,0,0,1,0,66,,,NULL,234
152267,32799,Spring Collector,,0,12,87,-9453.86,44.7409,56.7139,1.45433,300,0,0,0,0,0,75,75,1732,2,0,7,0,0,0,0,64,,,NULL,1
152271,32836,Noblegarden Vendor,,0,12,87,-9451.26,42.2403,57.173,0.641447,300,0,0,0,0,0,12,12,1732,131,0,7,0,0,0,0,64,,,NULL,1
152381,16592,Midsummer Bonfire,,0,12,87,-9394.21,37.5017,59.882,1.15192,300,0,0,0,0,0,1,1,35,0,0,10,0,0,1,33554432,130,,,NULL,2
207090,23507,Elwynn Pink Elekk,,0,12,12,-9042.5,347.937,93.9583,2.8155,300,5,1,0,0,0,5,5,35,0,0,1,0,0,0,0,2,SmartAI,,NULL,22
207091,23507,Elwynn Pink Elekk,,0,12,12,-9045.57,339.239,94.5833,2.2791,300,5,1,0,0,0,5,5,35,0,0,1,0,0,0,0,2,SmartAI,,NULL,22
207092,23507,Elwynn Pink Elekk,,0,12,12,-9051.18,320.209,93.1466,6.1333,300,5,1,0,0,0,5,5,35,0,0,1,0,0,0,0,2,SmartAI,,NULL,22
207093,23507,Elwynn Pink Elekk,,0,12,12,-9052.2,368.635,92.9117,1.6525,300,5,1,0,0,0,5,5,35,0,0,1,0,0,0,0,2,SmartAI,,NULL,22
207094,23507,Elwynn Pink Elekk,,0,12,12,-9059.53,337.961,94.0833,0.9686,300,5,1,0,0,0,5,5,35,0,0,1,0,0,0,0,2,SmartAI,,NULL,22
207095,23507,Elwynn Pink Elekk,,0,12,12,-9059.81,302.741,94.0216,2.9305,300,5,1,0,0,0,5,5,35,0,0,1,0,0,0,0,2,SmartAI,,NULL,22
207096,23507,Elwynn Pink Elekk,,0,12,12,-9060.34,351.788,93.2083,0.4127,300,5,1,0,0,0,5,5,35,0,0,1,0,0,0,0,2,SmartAI,,NULL,22
207097,23507,Elwynn Pink Elekk,,0,12,12,-9069.46,375.695,92.6135,0.9446,300,5,1,0,0,0,5,5,35,0,0,1,0,0,0,0,2,SmartAI,,NULL,22
207098,23507,Elwynn Pink Elekk,,0,12,12,-9076.51,352.071,93.7285,2.5133,300,5,1,0,0,0,5,5,35,0,0,1,0,0,0,0,2,SmartAI,,NULL,22
207099,23507,Elwynn Pink Elekk,,0,12,12,-9078.59,364.508,93.7922,5.8746,300,5,1,0,0,0,5,5,35,0,0,1,0,0,0,0,2,SmartAI,,NULL,22
207100,23507,Elwynn Pink Elekk,,0,12,12,-9078.93,301.569,92.8966,0.127,300,5,1,0,0,0,5,5,35,0,0,1,0,0,0,0,2,SmartAI,,NULL,22
207101,23507,Elwynn Pink Elekk,,0,12,12,-9085.37,384.415,92.9885,3.3344,300,5,1,0,0,0,5,5,35,0,0,1,0,0,0,0,2,SmartAI,,NULL,22
207102,23507,Elwynn Pink Elekk,,0,12,12,-9086.37,340.914,93.744,4.366,300,5,1,0,0,0,5,5,35,0,0,1,0,0,0,0,2,SmartAI,,NULL,22
207103,23507,Elwynn Pink Elekk,,0,12,12,-9095.44,289.614,94.3966,4.294,300,5,1,0,0,0,5,5,35,0,0,1,0,0,0,0,2,SmartAI,,NULL,22
207104,23507,Elwynn Pink Elekk,,0,12,12,-9108.69,376.831,93.9001,5.5248,300,5,1,0,0,0,5,5,35,0,0,1,0,0,0,0,2,SmartAI,,NULL,22
207105,23507,Elwynn Pink Elekk,,0,12,12,-9111.06,284.611,97.569,5.2926,300,5,1,0,0,0,5,5,35,0,0,1,0,0,0,0,2,SmartAI,,NULL,22
207106,23507,Elwynn Pink Elekk,,0,12,12,-9113.25,359.786,93.7622,0.4363,300,5,1,0,0,0,5,5,35,0,0,1,0,0,0,0,2,SmartAI,,NULL,22
207107,23507,Elwynn Pink Elekk,,0,12,12,-9121.24,370.55,93.1852,3.0176,300,5,1,0,0,0,5,5,35,0,0,1,0,0,0,0,2,SmartAI,,NULL,22
207108,23507,Elwynn Pink Elekk,,0,12,12,-9130.28,356.669,92.7542,0.1912,300,5,1,0,0,0,5,5,35,0,0,1,0,0,0,0,2,SmartAI,,NULL,22
207109,23507,Elwynn Pink Elekk,,0,12,12,-9139.25,378.197,90.7553,0.2904,300,5,1,0,0,0,5,5,35,0,0,1,0,0,0,0,2,SmartAI,,NULL,22
207110,23507,Elwynn Pink Elekk,,0,12,12,-9147.89,341.195,90.2033,1.4231,300,5,1,0,0,0,5,5,35,0,0,1,0,0,0,0,2,SmartAI,,NULL,22
207111,23507,Elwynn Pink Elekk,,0,12,12,-9159.32,359.021,89.15,3.3303,300,5,1,0,0,0,5,5,35,0,0,1,0,0,0,0,2,SmartAI,,NULL,22
208818,38035,Chemical Wagon,,0,12,89,-9462.46,525.975,55.3952,4.44641,60,0,0,0,0,0,1,1,35,0,0,10,0,1024,0,0,192,SmartAI,,NULL,1
208842,38065,Crown Supply Sentry,Crown Chemical Co.,0,12,12,-9033.74,358.078,93.4561,3.12414,300,0,0,0,0,0,80,80,35,1,0,7,0,0,0,0,0,SmartAI,,NULL,2
208843,38065,Crown Supply Sentry,Crown Chemical Co.,0,12,12,-9033.66,352.778,93.0811,4.03171,300,0,0,0,0,0,80,80,35,1,0,7,0,0,0,0,0,SmartAI,,NULL,2
208891,37214,Crown Lackey,,0,12,89,-9447.59,521.985,56.1219,4.45034,30,0,0,0,0,0,8,9,14,0,0,7,0,0,0,0,0,,,NULL,5
208892,37214,Crown Lackey,,0,12,89,-9461.04,512.112,55.8756,3.59818,30,0,0,0,0,0,8,9,14,0,0,7,0,0,0,0,0,,,NULL,5
208893,37214,Crown Lackey,,0,12,89,-9479.33,525.887,55.2184,2.14127,30,0,0,0,0,0,8,9,14,0,0,7,0,0,0,0,0,,,NULL,5
208894,37214,Crown Lackey,,0,12,89,-9471.57,536.639,54.108,0.793523,30,0,0,0,0,0,8,9,14,0,0,7,0,0,0,0,0,,,NULL,5
208895,37214,Crown Lackey,,0,12,89,-9459.73,534.487,54.9696,5.97165,30,0,0,0,0,0,8,9,14,0,0,7,0,0,0,0,0,,,NULL,5
